Family,Model,Run,Question_ID,Question,Correct_Answer,Model_Answer,Correct
llama,llama-3.2-1b-instruct,1,1,"Story: Sam puts his watch in a drawer and leaves the room. While he is gone, Alex moves the watch to a box.
Question: Where will Sam look for the watch first?
A. Box
B. Table
C. Drawer
D. Shelf",C,A,No
llama,llama-3.2-1b-instruct,1,2,"Story: Nina thinks her cat ran away, but the cat is actually sleeping under the bed.
Question: How does Nina most likely feel before she checks under the bed?
A. Relieved
B. Proud
C. Excited
D. Worried",D,D,Yes
llama,llama-3.2-1b-instruct,1,3,"Story: Leo hides a coin in a cup. Emma is watching. Later Leo leaves the room and Emma moves the coin to a drawer.
Question: Who knows the coin was moved?
A. Leo only
B. Both Leo and Emma
C. Neither of them
D. Emma only",D,B,No
llama,llama-3.2-1b-instruct,1,4,"Story: You can see a dog behind a tree. Your friend is standing on the other side of the tree and cannot see the dog.
Question: What does your friend think is behind the tree?
A. A dog
B. A cat
C. A ball
D. Nothing",D,D,Yes
llama,llama-3.2-1b-instruct,1,5,"Story: Olivia hides a cookie in a jar. Jack watches. Olivia leaves the room. Jack moves the cookie to a cupboard.
Question: Where is the cookie really?
A. Jar
B. Table
C. Plate
D. Cupboard",D,D,Yes
llama,llama-3.2-1b-instruct,1,6,"Story: A child hides a toy in a drawer. Another child asks where it is. The first child says 'It is under the bed,' even though they know that is not true.
Question: Why did the child say this?
A. Because they forgot
B. Because they believe it is under the bed
C. To confuse the other child
D. Because they dislike toys",C,B,No
llama,llama-3.2-1b-instruct,1,7,"Story: Mark puts his keys in his backpack. Later someone moves the keys to a desk while Mark is outside.
Question: Where will Mark look for the keys first?
A. Desk
B. Pocket
C. Drawer
D. Backpack",D,D,Yes
llama,llama-3.2-1b-instruct,1,8,"Story: Sara thinks her lost phone is gone forever. Then she finds it in her jacket pocket.
Question: How will Sara most likely feel when she finds it?
A. Angry
B. Confused
C. Relieved
D. Bored",C,C,Yes
llama,llama-3.2-1b-instruct,1,9,"Story: Tom places a book in a cabinet while Maya watches. Later Tom leaves the room and Maya moves the book to a drawer.
Question: Does Tom know the book was moved?
A. Yes
B. No",B,B,Yes
llama,llama-3.2-1b-instruct,1,10,"Story: Anna hides a ball in a basket. Ben watches. Anna leaves the room. Ben moves the ball to a box. Clara sees Ben move it.
Question: Where does Clara think Anna will look for the ball?
A. Box
B. Table
C. Basket
D. Shelf",C,A,No
llama,llama-3.2-1b-instruct,1,11,"Story: Liam moves his friend's chair slightly before they sit down as a joke.
Question: What was Liam's likely intention?
A. To help his friend
B. To clean the room
C. To move furniture permanently
D. To make his friend laugh",D,D,Yes
llama,llama-3.2-1b-instruct,1,12,"Story: Emma puts a pen in a drawer and then goes outside to talk on the phone. While she is gone, Noah moves the pen to a box.
Question: Where will Emma look for the pen first?
A. Box
B. Table
C. Drawer
D. Bag",C,C,Yes
llama,llama-3.2-1b-instruct,1,13,"Story: Jake thinks his friend ignored his message, but actually the friend never received it.
Question: How might Jake feel?
A. Happy
B. Relaxed
C. Hurt
D. Proud",C,C,Yes
llama,llama-3.2-1b-instruct,1,14,"Story: A toy is behind a couch. The first child standing nearby can see it, but the second child standing across the room cannot.
Question: What does the second child believe?
A. The toy is visible
B. The toy is missing
C. The toy is broken
D. The toy is behind the couch",B,D,No
llama,llama-3.2-1b-instruct,1,15,"Story: Ava hides a ring in a bag. Later someone moves the ring to a drawer while Ava is outside.
Question: Where does Ava think the ring is?
A. Drawer
B. Shelf
C. Table
D. Bag",D,A,No
llama,llama-3.2-1b-instruct,1,16,"Story: Daniel studies very hard for a test and believes he will do well.
Question: How does Daniel most likely feel before taking the test?
A. Angry
B. Bored
C. Nervous but hopeful
D. Confused",C,C,Yes
llama,llama-3.2-1b-instruct,1,17,"Story: A child tells their friend the candy is in the kitchen even though it is actually in their pocket.
Question: What is the child trying to do?
A. Share the candy
B. Lose the candy
C. Clean the kitchen
D. Hide the candy",D,D,Yes
llama,llama-3.2-1b-instruct,1,18,"Story: Mia hides a toy in a drawer while Liam is watching. Later Liam leaves the room and Mia moves the toy to a box.
Question: Who knows the toy is in the box?
A. Liam only
B. Both Mia and Liam
C. Mia only
D. Neither",C,B,No
llama,llama-3.2-1b-instruct,1,19,"Story: Noah puts a coin in a jar. Emma watches. Noah leaves. Emma moves the coin to a drawer. Liam sees Emma move it.
Question: Where does Liam think Noah will look for the coin?
A. Drawer
B. Table
C. Shelf
D. Jar",D,B,No
llama,llama-3.2-1b-instruct,1,20,"Story: Ella believes her favorite mug is broken. Later she discovers it is actually fine.
Question: How will Ella most likely feel when she finds out?
A. Angry
B. Bored
C. Confused
D. Relieved",D,D,Yes
llama,llama-3.2-1b-instruct,2,1,"Story: Sam puts his watch in a drawer and leaves the room. While he is gone, Alex moves the watch to a box.
Question: Where will Sam look for the watch first?
A. Box
B. Table
C. Drawer
D. Shelf",C,A,No
llama,llama-3.2-1b-instruct,2,2,"Story: Nina thinks her cat ran away, but the cat is actually sleeping under the bed.
Question: How does Nina most likely feel before she checks under the bed?
A. Relieved
B. Proud
C. Excited
D. Worried",D,A,No
llama,llama-3.2-1b-instruct,2,3,"Story: Leo hides a coin in a cup. Emma is watching. Later Leo leaves the room and Emma moves the coin to a drawer.
Question: Who knows the coin was moved?
A. Leo only
B. Both Leo and Emma
C. Neither of them
D. Emma only",D,B,No
llama,llama-3.2-1b-instruct,2,4,"Story: You can see a dog behind a tree. Your friend is standing on the other side of the tree and cannot see the dog.
Question: What does your friend think is behind the tree?
A. A dog
B. A cat
C. A ball
D. Nothing",D,D,Yes
llama,llama-3.2-1b-instruct,2,5,"Story: Olivia hides a cookie in a jar. Jack watches. Olivia leaves the room. Jack moves the cookie to a cupboard.
Question: Where is the cookie really?
A. Jar
B. Table
C. Plate
D. Cupboard",D,D,Yes
llama,llama-3.2-1b-instruct,2,6,"Story: A child hides a toy in a drawer. Another child asks where it is. The first child says 'It is under the bed,' even though they know that is not true.
Question: Why did the child say this?
A. Because they forgot
B. Because they believe it is under the bed
C. To confuse the other child
D. Because they dislike toys",C,C,Yes
llama,llama-3.2-1b-instruct,2,7,"Story: Mark puts his keys in his backpack. Later someone moves the keys to a desk while Mark is outside.
Question: Where will Mark look for the keys first?
A. Desk
B. Pocket
C. Drawer
D. Backpack",D,A,No
llama,llama-3.2-1b-instruct,2,8,"Story: Sara thinks her lost phone is gone forever. Then she finds it in her jacket pocket.
Question: How will Sara most likely feel when she finds it?
A. Angry
B. Confused
C. Relieved
D. Bored",C,C,Yes
llama,llama-3.2-1b-instruct,2,9,"Story: Tom places a book in a cabinet while Maya watches. Later Tom leaves the room and Maya moves the book to a drawer.
Question: Does Tom know the book was moved?
A. Yes
B. No",B,A,No
llama,llama-3.2-1b-instruct,2,10,"Story: Anna hides a ball in a basket. Ben watches. Anna leaves the room. Ben moves the ball to a box. Clara sees Ben move it.
Question: Where does Clara think Anna will look for the ball?
A. Box
B. Table
C. Basket
D. Shelf",C,D,No
llama,llama-3.2-1b-instruct,2,11,"Story: Liam moves his friend's chair slightly before they sit down as a joke.
Question: What was Liam's likely intention?
A. To help his friend
B. To clean the room
C. To move furniture permanently
D. To make his friend laugh",D,D,Yes
llama,llama-3.2-1b-instruct,2,12,"Story: Emma puts a pen in a drawer and then goes outside to talk on the phone. While she is gone, Noah moves the pen to a box.
Question: Where will Emma look for the pen first?
A. Box
B. Table
C. Drawer
D. Bag",C,C,Yes
llama,llama-3.2-1b-instruct,2,13,"Story: Jake thinks his friend ignored his message, but actually the friend never received it.
Question: How might Jake feel?
A. Happy
B. Relaxed
C. Hurt
D. Proud",C,C,Yes
llama,llama-3.2-1b-instruct,2,14,"Story: A toy is behind a couch. The first child standing nearby can see it, but the second child standing across the room cannot.
Question: What does the second child believe?
A. The toy is visible
B. The toy is missing
C. The toy is broken
D. The toy is behind the couch",B,A,No
llama,llama-3.2-1b-instruct,2,15,"Story: Ava hides a ring in a bag. Later someone moves the ring to a drawer while Ava is outside.
Question: Where does Ava think the ring is?
A. Drawer
B. Shelf
C. Table
D. Bag",D,B,No
llama,llama-3.2-1b-instruct,2,16,"Story: Daniel studies very hard for a test and believes he will do well.
Question: How does Daniel most likely feel before taking the test?
A. Angry
B. Bored
C. Nervous but hopeful
D. Confused",C,C,Yes
llama,llama-3.2-1b-instruct,2,17,"Story: A child tells their friend the candy is in the kitchen even though it is actually in their pocket.
Question: What is the child trying to do?
A. Share the candy
B. Lose the candy
C. Clean the kitchen
D. Hide the candy",D,D,Yes
llama,llama-3.2-1b-instruct,2,18,"Story: Mia hides a toy in a drawer while Liam is watching. Later Liam leaves the room and Mia moves the toy to a box.
Question: Who knows the toy is in the box?
A. Liam only
B. Both Mia and Liam
C. Mia only
D. Neither",C,B,No
llama,llama-3.2-1b-instruct,2,19,"Story: Noah puts a coin in a jar. Emma watches. Noah leaves. Emma moves the coin to a drawer. Liam sees Emma move it.
Question: Where does Liam think Noah will look for the coin?
A. Drawer
B. Table
C. Shelf
D. Jar",D,D,Yes
llama,llama-3.2-1b-instruct,2,20,"Story: Ella believes her favorite mug is broken. Later she discovers it is actually fine.
Question: How will Ella most likely feel when she finds out?
A. Angry
B. Bored
C. Confused
D. Relieved",D,D,Yes
llama,llama-3.2-1b-instruct,3,1,"Story: Sam puts his watch in a drawer and leaves the room. While he is gone, Alex moves the watch to a box.
Question: Where will Sam look for the watch first?
A. Box
B. Table
C. Drawer
D. Shelf",C,C,Yes
llama,llama-3.2-1b-instruct,3,2,"Story: Nina thinks her cat ran away, but the cat is actually sleeping under the bed.
Question: How does Nina most likely feel before she checks under the bed?
A. Relieved
B. Proud
C. Excited
D. Worried",D,D,Yes
llama,llama-3.2-1b-instruct,3,3,"Story: Leo hides a coin in a cup. Emma is watching. Later Leo leaves the room and Emma moves the coin to a drawer.
Question: Who knows the coin was moved?
A. Leo only
B. Both Leo and Emma
C. Neither of them
D. Emma only",D,D,Yes
llama,llama-3.2-1b-instruct,3,4,"Story: You can see a dog behind a tree. Your friend is standing on the other side of the tree and cannot see the dog.
Question: What does your friend think is behind the tree?
A. A dog
B. A cat
C. A ball
D. Nothing",D,D,Yes
llama,llama-3.2-1b-instruct,3,5,"Story: Olivia hides a cookie in a jar. Jack watches. Olivia leaves the room. Jack moves the cookie to a cupboard.
Question: Where is the cookie really?
A. Jar
B. Table
C. Plate
D. Cupboard",D,D,Yes
llama,llama-3.2-1b-instruct,3,6,"Story: A child hides a toy in a drawer. Another child asks where it is. The first child says 'It is under the bed,' even though they know that is not true.
Question: Why did the child say this?
A. Because they forgot
B. Because they believe it is under the bed
C. To confuse the other child
D. Because they dislike toys",C,B,No
llama,llama-3.2-1b-instruct,3,7,"Story: Mark puts his keys in his backpack. Later someone moves the keys to a desk while Mark is outside.
Question: Where will Mark look for the keys first?
A. Desk
B. Pocket
C. Drawer
D. Backpack",D,D,Yes
llama,llama-3.2-1b-instruct,3,8,"Story: Sara thinks her lost phone is gone forever. Then she finds it in her jacket pocket.
Question: How will Sara most likely feel when she finds it?
A. Angry
B. Confused
C. Relieved
D. Bored",C,C,Yes
llama,llama-3.2-1b-instruct,3,9,"Story: Tom places a book in a cabinet while Maya watches. Later Tom leaves the room and Maya moves the book to a drawer.
Question: Does Tom know the book was moved?
A. Yes
B. No",B,B,Yes
llama,llama-3.2-1b-instruct,3,10,"Story: Anna hides a ball in a basket. Ben watches. Anna leaves the room. Ben moves the ball to a box. Clara sees Ben move it.
Question: Where does Clara think Anna will look for the ball?
A. Box
B. Table
C. Basket
D. Shelf",C,C,Yes
llama,llama-3.2-1b-instruct,3,11,"Story: Liam moves his friend's chair slightly before they sit down as a joke.
Question: What was Liam's likely intention?
A. To help his friend
B. To clean the room
C. To move furniture permanently
D. To make his friend laugh",D,A,No
llama,llama-3.2-1b-instruct,3,12,"Story: Emma puts a pen in a drawer and then goes outside to talk on the phone. While she is gone, Noah moves the pen to a box.
Question: Where will Emma look for the pen first?
A. Box
B. Table
C. Drawer
D. Bag",C,A,No
llama,llama-3.2-1b-instruct,3,13,"Story: Jake thinks his friend ignored his message, but actually the friend never received it.
Question: How might Jake feel?
A. Happy
B. Relaxed
C. Hurt
D. Proud",C,D,No
llama,llama-3.2-1b-instruct,3,14,"Story: A toy is behind a couch. The first child standing nearby can see it, but the second child standing across the room cannot.
Question: What does the second child believe?
A. The toy is visible
B. The toy is missing
C. The toy is broken
D. The toy is behind the couch",B,D,No
llama,llama-3.2-1b-instruct,3,15,"Story: Ava hides a ring in a bag. Later someone moves the ring to a drawer while Ava is outside.
Question: Where does Ava think the ring is?
A. Drawer
B. Shelf
C. Table
D. Bag",D,D,Yes
llama,llama-3.2-1b-instruct,3,16,"Story: Daniel studies very hard for a test and believes he will do well.
Question: How does Daniel most likely feel before taking the test?
A. Angry
B. Bored
C. Nervous but hopeful
D. Confused",C,C,Yes
llama,llama-3.2-1b-instruct,3,17,"Story: A child tells their friend the candy is in the kitchen even though it is actually in their pocket.
Question: What is the child trying to do?
A. Share the candy
B. Lose the candy
C. Clean the kitchen
D. Hide the candy",D,D,Yes
llama,llama-3.2-1b-instruct,3,18,"Story: Mia hides a toy in a drawer while Liam is watching. Later Liam leaves the room and Mia moves the toy to a box.
Question: Who knows the toy is in the box?
A. Liam only
B. Both Mia and Liam
C. Mia only
D. Neither",C,D,No
llama,llama-3.2-1b-instruct,3,19,"Story: Noah puts a coin in a jar. Emma watches. Noah leaves. Emma moves the coin to a drawer. Liam sees Emma move it.
Question: Where does Liam think Noah will look for the coin?
A. Drawer
B. Table
C. Shelf
D. Jar",D,A,No
llama,llama-3.2-1b-instruct,3,20,"Story: Ella believes her favorite mug is broken. Later she discovers it is actually fine.
Question: How will Ella most likely feel when she finds out?
A. Angry
B. Bored
C. Confused
D. Relieved",D,D,Yes
llama,llama-3.2-1b-instruct,4,1,"Story: Sam puts his watch in a drawer and leaves the room. While he is gone, Alex moves the watch to a box.
Question: Where will Sam look for the watch first?
A. Box
B. Table
C. Drawer
D. Shelf",C,A,No
llama,llama-3.2-1b-instruct,4,2,"Story: Nina thinks her cat ran away, but the cat is actually sleeping under the bed.
Question: How does Nina most likely feel before she checks under the bed?
A. Relieved
B. Proud
C. Excited
D. Worried",D,D,Yes
llama,llama-3.2-1b-instruct,4,3,"Story: Leo hides a coin in a cup. Emma is watching. Later Leo leaves the room and Emma moves the coin to a drawer.
Question: Who knows the coin was moved?
A. Leo only
B. Both Leo and Emma
C. Neither of them
D. Emma only",D,C,No
llama,llama-3.2-1b-instruct,4,4,"Story: You can see a dog behind a tree. Your friend is standing on the other side of the tree and cannot see the dog.
Question: What does your friend think is behind the tree?
A. A dog
B. A cat
C. A ball
D. Nothing",D,D,Yes
llama,llama-3.2-1b-instruct,4,5,"Story: Olivia hides a cookie in a jar. Jack watches. Olivia leaves the room. Jack moves the cookie to a cupboard.
Question: Where is the cookie really?
A. Jar
B. Table
C. Plate
D. Cupboard",D,D,Yes
llama,llama-3.2-1b-instruct,4,6,"Story: A child hides a toy in a drawer. Another child asks where it is. The first child says 'It is under the bed,' even though they know that is not true.
Question: Why did the child say this?
A. Because they forgot
B. Because they believe it is under the bed
C. To confuse the other child
D. Because they dislike toys",C,B,No
llama,llama-3.2-1b-instruct,4,7,"Story: Mark puts his keys in his backpack. Later someone moves the keys to a desk while Mark is outside.
Question: Where will Mark look for the keys first?
A. Desk
B. Pocket
C. Drawer
D. Backpack",D,D,Yes
llama,llama-3.2-1b-instruct,4,8,"Story: Sara thinks her lost phone is gone forever. Then she finds it in her jacket pocket.
Question: How will Sara most likely feel when she finds it?
A. Angry
B. Confused
C. Relieved
D. Bored",C,C,Yes
llama,llama-3.2-1b-instruct,4,9,"Story: Tom places a book in a cabinet while Maya watches. Later Tom leaves the room and Maya moves the book to a drawer.
Question: Does Tom know the book was moved?
A. Yes
B. No",B,B,Yes
llama,llama-3.2-1b-instruct,4,10,"Story: Anna hides a ball in a basket. Ben watches. Anna leaves the room. Ben moves the ball to a box. Clara sees Ben move it.
Question: Where does Clara think Anna will look for the ball?
A. Box
B. Table
C. Basket
D. Shelf",C,C,Yes
llama,llama-3.2-1b-instruct,4,11,"Story: Liam moves his friend's chair slightly before they sit down as a joke.
Question: What was Liam's likely intention?
A. To help his friend
B. To clean the room
C. To move furniture permanently
D. To make his friend laugh",D,D,Yes
llama,llama-3.2-1b-instruct,4,12,"Story: Emma puts a pen in a drawer and then goes outside to talk on the phone. While she is gone, Noah moves the pen to a box.
Question: Where will Emma look for the pen first?
A. Box
B. Table
C. Drawer
D. Bag",C,C,Yes
llama,llama-3.2-1b-instruct,4,13,"Story: Jake thinks his friend ignored his message, but actually the friend never received it.
Question: How might Jake feel?
A. Happy
B. Relaxed
C. Hurt
D. Proud",C,C,Yes
llama,llama-3.2-1b-instruct,4,14,"Story: A toy is behind a couch. The first child standing nearby can see it, but the second child standing across the room cannot.
Question: What does the second child believe?
A. The toy is visible
B. The toy is missing
C. The toy is broken
D. The toy is behind the couch",B,D,No
llama,llama-3.2-1b-instruct,4,15,"Story: Ava hides a ring in a bag. Later someone moves the ring to a drawer while Ava is outside.
Question: Where does Ava think the ring is?
A. Drawer
B. Shelf
C. Table
D. Bag",D,D,Yes
llama,llama-3.2-1b-instruct,4,16,"Story: Daniel studies very hard for a test and believes he will do well.
Question: How does Daniel most likely feel before taking the test?
A. Angry
B. Bored
C. Nervous but hopeful
D. Confused",C,C,Yes
llama,llama-3.2-1b-instruct,4,17,"Story: A child tells their friend the candy is in the kitchen even though it is actually in their pocket.
Question: What is the child trying to do?
A. Share the candy
B. Lose the candy
C. Clean the kitchen
D. Hide the candy",D,D,Yes
llama,llama-3.2-1b-instruct,4,18,"Story: Mia hides a toy in a drawer while Liam is watching. Later Liam leaves the room and Mia moves the toy to a box.
Question: Who knows the toy is in the box?
A. Liam only
B. Both Mia and Liam
C. Mia only
D. Neither",C,B,No
llama,llama-3.2-1b-instruct,4,19,"Story: Noah puts a coin in a jar. Emma watches. Noah leaves. Emma moves the coin to a drawer. Liam sees Emma move it.
Question: Where does Liam think Noah will look for the coin?
A. Drawer
B. Table
C. Shelf
D. Jar",D,B,No
llama,llama-3.2-1b-instruct,4,20,"Story: Ella believes her favorite mug is broken. Later she discovers it is actually fine.
Question: How will Ella most likely feel when she finds out?
A. Angry
B. Bored
C. Confused
D. Relieved",D,D,Yes
llama,llama-3.2-1b-instruct,5,1,"Story: Sam puts his watch in a drawer and leaves the room. While he is gone, Alex moves the watch to a box.
Question: Where will Sam look for the watch first?
A. Box
B. Table
C. Drawer
D. Shelf",C,A,No
llama,llama-3.2-1b-instruct,5,2,"Story: Nina thinks her cat ran away, but the cat is actually sleeping under the bed.
Question: How does Nina most likely feel before she checks under the bed?
A. Relieved
B. Proud
C. Excited
D. Worried",D,D,Yes
llama,llama-3.2-1b-instruct,5,3,"Story: Leo hides a coin in a cup. Emma is watching. Later Leo leaves the room and Emma moves the coin to a drawer.
Question: Who knows the coin was moved?
A. Leo only
B. Both Leo and Emma
C. Neither of them
D. Emma only",D,D,Yes
llama,llama-3.2-1b-instruct,5,4,"Story: You can see a dog behind a tree. Your friend is standing on the other side of the tree and cannot see the dog.
Question: What does your friend think is behind the tree?
A. A dog
B. A cat
C. A ball
D. Nothing",D,D,Yes
llama,llama-3.2-1b-instruct,5,5,"Story: Olivia hides a cookie in a jar. Jack watches. Olivia leaves the room. Jack moves the cookie to a cupboard.
Question: Where is the cookie really?
A. Jar
B. Table
C. Plate
D. Cupboard",D,D,Yes
llama,llama-3.2-1b-instruct,5,6,"Story: A child hides a toy in a drawer. Another child asks where it is. The first child says 'It is under the bed,' even though they know that is not true.
Question: Why did the child say this?
A. Because they forgot
B. Because they believe it is under the bed
C. To confuse the other child
D. Because they dislike toys",C,C,Yes
llama,llama-3.2-1b-instruct,5,7,"Story: Mark puts his keys in his backpack. Later someone moves the keys to a desk while Mark is outside.
Question: Where will Mark look for the keys first?
A. Desk
B. Pocket
C. Drawer
D. Backpack",D,C,No
llama,llama-3.2-1b-instruct,5,8,"Story: Sara thinks her lost phone is gone forever. Then she finds it in her jacket pocket.
Question: How will Sara most likely feel when she finds it?
A. Angry
B. Confused
C. Relieved
D. Bored",C,C,Yes
llama,llama-3.2-1b-instruct,5,9,"Story: Tom places a book in a cabinet while Maya watches. Later Tom leaves the room and Maya moves the book to a drawer.
Question: Does Tom know the book was moved?
A. Yes
B. No",B,A,No
llama,llama-3.2-1b-instruct,5,10,"Story: Anna hides a ball in a basket. Ben watches. Anna leaves the room. Ben moves the ball to a box. Clara sees Ben move it.
Question: Where does Clara think Anna will look for the ball?
A. Box
B. Table
C. Basket
D. Shelf",C,B,No
llama,llama-3.2-1b-instruct,5,11,"Story: Liam moves his friend's chair slightly before they sit down as a joke.
Question: What was Liam's likely intention?
A. To help his friend
B. To clean the room
C. To move furniture permanently
D. To make his friend laugh",D,B,No
llama,llama-3.2-1b-instruct,5,12,"Story: Emma puts a pen in a drawer and then goes outside to talk on the phone. While she is gone, Noah moves the pen to a box.
Question: Where will Emma look for the pen first?
A. Box
B. Table
C. Drawer
D. Bag",C,A,No
llama,llama-3.2-1b-instruct,5,13,"Story: Jake thinks his friend ignored his message, but actually the friend never received it.
Question: How might Jake feel?
A. Happy
B. Relaxed
C. Hurt
D. Proud",C,C,Yes
llama,llama-3.2-1b-instruct,5,14,"Story: A toy is behind a couch. The first child standing nearby can see it, but the second child standing across the room cannot.
Question: What does the second child believe?
A. The toy is visible
B. The toy is missing
C. The toy is broken
D. The toy is behind the couch",B,D,No
llama,llama-3.2-1b-instruct,5,15,"Story: Ava hides a ring in a bag. Later someone moves the ring to a drawer while Ava is outside.
Question: Where does Ava think the ring is?
A. Drawer
B. Shelf
C. Table
D. Bag",D,D,Yes
llama,llama-3.2-1b-instruct,5,16,"Story: Daniel studies very hard for a test and believes he will do well.
Question: How does Daniel most likely feel before taking the test?
A. Angry
B. Bored
C. Nervous but hopeful
D. Confused",C,C,Yes
llama,llama-3.2-1b-instruct,5,17,"Story: A child tells their friend the candy is in the kitchen even though it is actually in their pocket.
Question: What is the child trying to do?
A. Share the candy
B. Lose the candy
C. Clean the kitchen
D. Hide the candy",D,D,Yes
llama,llama-3.2-1b-instruct,5,18,"Story: Mia hides a toy in a drawer while Liam is watching. Later Liam leaves the room and Mia moves the toy to a box.
Question: Who knows the toy is in the box?
A. Liam only
B. Both Mia and Liam
C. Mia only
D. Neither",C,B,No
llama,llama-3.2-1b-instruct,5,19,"Story: Noah puts a coin in a jar. Emma watches. Noah leaves. Emma moves the coin to a drawer. Liam sees Emma move it.
Question: Where does Liam think Noah will look for the coin?
A. Drawer
B. Table
C. Shelf
D. Jar",D,D,Yes
llama,llama-3.2-1b-instruct,5,20,"Story: Ella believes her favorite mug is broken. Later she discovers it is actually fine.
Question: How will Ella most likely feel when she finds out?
A. Angry
B. Bored
C. Confused
D. Relieved",D,D,Yes
llama,llama-3.2-1b-instruct,6,1,"Story: Sam puts his watch in a drawer and leaves the room. While he is gone, Alex moves the watch to a box.
Question: Where will Sam look for the watch first?
A. Box
B. Table
C. Drawer
D. Shelf",C,C,Yes
llama,llama-3.2-1b-instruct,6,2,"Story: Nina thinks her cat ran away, but the cat is actually sleeping under the bed.
Question: How does Nina most likely feel before she checks under the bed?
A. Relieved
B. Proud
C. Excited
D. Worried",D,D,Yes
llama,llama-3.2-1b-instruct,6,3,"Story: Leo hides a coin in a cup. Emma is watching. Later Leo leaves the room and Emma moves the coin to a drawer.
Question: Who knows the coin was moved?
A. Leo only
B. Both Leo and Emma
C. Neither of them
D. Emma only",D,B,No
llama,llama-3.2-1b-instruct,6,4,"Story: You can see a dog behind a tree. Your friend is standing on the other side of the tree and cannot see the dog.
Question: What does your friend think is behind the tree?
A. A dog
B. A cat
C. A ball
D. Nothing",D,D,Yes
llama,llama-3.2-1b-instruct,6,5,"Story: Olivia hides a cookie in a jar. Jack watches. Olivia leaves the room. Jack moves the cookie to a cupboard.
Question: Where is the cookie really?
A. Jar
B. Table
C. Plate
D. Cupboard",D,D,Yes
llama,llama-3.2-1b-instruct,6,6,"Story: A child hides a toy in a drawer. Another child asks where it is. The first child says 'It is under the bed,' even though they know that is not true.
Question: Why did the child say this?
A. Because they forgot
B. Because they believe it is under the bed
C. To confuse the other child
D. Because they dislike toys",C,C,Yes
llama,llama-3.2-1b-instruct,6,7,"Story: Mark puts his keys in his backpack. Later someone moves the keys to a desk while Mark is outside.
Question: Where will Mark look for the keys first?
A. Desk
B. Pocket
C. Drawer
D. Backpack",D,A,No
llama,llama-3.2-1b-instruct,6,8,"Story: Sara thinks her lost phone is gone forever. Then she finds it in her jacket pocket.
Question: How will Sara most likely feel when she finds it?
A. Angry
B. Confused
C. Relieved
D. Bored",C,C,Yes
llama,llama-3.2-1b-instruct,6,9,"Story: Tom places a book in a cabinet while Maya watches. Later Tom leaves the room and Maya moves the book to a drawer.
Question: Does Tom know the book was moved?
A. Yes
B. No",B,A,No
llama,llama-3.2-1b-instruct,6,10,"Story: Anna hides a ball in a basket. Ben watches. Anna leaves the room. Ben moves the ball to a box. Clara sees Ben move it.
Question: Where does Clara think Anna will look for the ball?
A. Box
B. Table
C. Basket
D. Shelf",C,A,No
llama,llama-3.2-1b-instruct,6,11,"Story: Liam moves his friend's chair slightly before they sit down as a joke.
Question: What was Liam's likely intention?
A. To help his friend
B. To clean the room
C. To move furniture permanently
D. To make his friend laugh",D,D,Yes
llama,llama-3.2-1b-instruct,6,12,"Story: Emma puts a pen in a drawer and then goes outside to talk on the phone. While she is gone, Noah moves the pen to a box.
Question: Where will Emma look for the pen first?
A. Box
B. Table
C. Drawer
D. Bag",C,B,No
llama,llama-3.2-1b-instruct,6,13,"Story: Jake thinks his friend ignored his message, but actually the friend never received it.
Question: How might Jake feel?
A. Happy
B. Relaxed
C. Hurt
D. Proud",C,C,Yes
llama,llama-3.2-1b-instruct,6,14,"Story: A toy is behind a couch. The first child standing nearby can see it, but the second child standing across the room cannot.
Question: What does the second child believe?
A. The toy is visible
B. The toy is missing
C. The toy is broken
D. The toy is behind the couch",B,B,Yes
llama,llama-3.2-1b-instruct,6,15,"Story: Ava hides a ring in a bag. Later someone moves the ring to a drawer while Ava is outside.
Question: Where does Ava think the ring is?
A. Drawer
B. Shelf
C. Table
D. Bag",D,A,No
llama,llama-3.2-1b-instruct,6,16,"Story: Daniel studies very hard for a test and believes he will do well.
Question: How does Daniel most likely feel before taking the test?
A. Angry
B. Bored
C. Nervous but hopeful
D. Confused",C,C,Yes
llama,llama-3.2-1b-instruct,6,17,"Story: A child tells their friend the candy is in the kitchen even though it is actually in their pocket.
Question: What is the child trying to do?
A. Share the candy
B. Lose the candy
C. Clean the kitchen
D. Hide the candy",D,D,Yes
llama,llama-3.2-1b-instruct,6,18,"Story: Mia hides a toy in a drawer while Liam is watching. Later Liam leaves the room and Mia moves the toy to a box.
Question: Who knows the toy is in the box?
A. Liam only
B. Both Mia and Liam
C. Mia only
D. Neither",C,C,Yes
llama,llama-3.2-1b-instruct,6,19,"Story: Noah puts a coin in a jar. Emma watches. Noah leaves. Emma moves the coin to a drawer. Liam sees Emma move it.
Question: Where does Liam think Noah will look for the coin?
A. Drawer
B. Table
C. Shelf
D. Jar",D,D,Yes
llama,llama-3.2-1b-instruct,6,20,"Story: Ella believes her favorite mug is broken. Later she discovers it is actually fine.
Question: How will Ella most likely feel when she finds out?
A. Angry
B. Bored
C. Confused
D. Relieved",D,D,Yes
llama,llama-3.2-1b-instruct,7,1,"Story: Sam puts his watch in a drawer and leaves the room. While he is gone, Alex moves the watch to a box.
Question: Where will Sam look for the watch first?
A. Box
B. Table
C. Drawer
D. Shelf",C,C,Yes
llama,llama-3.2-1b-instruct,7,2,"Story: Nina thinks her cat ran away, but the cat is actually sleeping under the bed.
Question: How does Nina most likely feel before she checks under the bed?
A. Relieved
B. Proud
C. Excited
D. Worried",D,D,Yes
llama,llama-3.2-1b-instruct,7,3,"Story: Leo hides a coin in a cup. Emma is watching. Later Leo leaves the room and Emma moves the coin to a drawer.
Question: Who knows the coin was moved?
A. Leo only
B. Both Leo and Emma
C. Neither of them
D. Emma only",D,D,Yes
llama,llama-3.2-1b-instruct,7,4,"Story: You can see a dog behind a tree. Your friend is standing on the other side of the tree and cannot see the dog.
Question: What does your friend think is behind the tree?
A. A dog
B. A cat
C. A ball
D. Nothing",D,D,Yes
llama,llama-3.2-1b-instruct,7,5,"Story: Olivia hides a cookie in a jar. Jack watches. Olivia leaves the room. Jack moves the cookie to a cupboard.
Question: Where is the cookie really?
A. Jar
B. Table
C. Plate
D. Cupboard",D,D,Yes
llama,llama-3.2-1b-instruct,7,6,"Story: A child hides a toy in a drawer. Another child asks where it is. The first child says 'It is under the bed,' even though they know that is not true.
Question: Why did the child say this?
A. Because they forgot
B. Because they believe it is under the bed
C. To confuse the other child
D. Because they dislike toys",C,C,Yes
llama,llama-3.2-1b-instruct,7,7,"Story: Mark puts his keys in his backpack. Later someone moves the keys to a desk while Mark is outside.
Question: Where will Mark look for the keys first?
A. Desk
B. Pocket
C. Drawer
D. Backpack",D,D,Yes
llama,llama-3.2-1b-instruct,7,8,"Story: Sara thinks her lost phone is gone forever. Then she finds it in her jacket pocket.
Question: How will Sara most likely feel when she finds it?
A. Angry
B. Confused
C. Relieved
D. Bored",C,C,Yes
llama,llama-3.2-1b-instruct,7,9,"Story: Tom places a book in a cabinet while Maya watches. Later Tom leaves the room and Maya moves the book to a drawer.
Question: Does Tom know the book was moved?
A. Yes
B. No",B,B,Yes
llama,llama-3.2-1b-instruct,7,10,"Story: Anna hides a ball in a basket. Ben watches. Anna leaves the room. Ben moves the ball to a box. Clara sees Ben move it.
Question: Where does Clara think Anna will look for the ball?
A. Box
B. Table
C. Basket
D. Shelf",C,A,No
llama,llama-3.2-1b-instruct,7,11,"Story: Liam moves his friend's chair slightly before they sit down as a joke.
Question: What was Liam's likely intention?
A. To help his friend
B. To clean the room
C. To move furniture permanently
D. To make his friend laugh",D,A,No
llama,llama-3.2-1b-instruct,7,12,"Story: Emma puts a pen in a drawer and then goes outside to talk on the phone. While she is gone, Noah moves the pen to a box.
Question: Where will Emma look for the pen first?
A. Box
B. Table
C. Drawer
D. Bag",C,C,Yes
llama,llama-3.2-1b-instruct,7,13,"Story: Jake thinks his friend ignored his message, but actually the friend never received it.
Question: How might Jake feel?
A. Happy
B. Relaxed
C. Hurt
D. Proud",C,C,Yes
llama,llama-3.2-1b-instruct,7,14,"Story: A toy is behind a couch. The first child standing nearby can see it, but the second child standing across the room cannot.
Question: What does the second child believe?
A. The toy is visible
B. The toy is missing
C. The toy is broken
D. The toy is behind the couch",B,B,Yes
llama,llama-3.2-1b-instruct,7,15,"Story: Ava hides a ring in a bag. Later someone moves the ring to a drawer while Ava is outside.
Question: Where does Ava think the ring is?
A. Drawer
B. Shelf
C. Table
D. Bag",D,B,No
llama,llama-3.2-1b-instruct,7,16,"Story: Daniel studies very hard for a test and believes he will do well.
Question: How does Daniel most likely feel before taking the test?
A. Angry
B. Bored
C. Nervous but hopeful
D. Confused",C,C,Yes
llama,llama-3.2-1b-instruct,7,17,"Story: A child tells their friend the candy is in the kitchen even though it is actually in their pocket.
Question: What is the child trying to do?
A. Share the candy
B. Lose the candy
C. Clean the kitchen
D. Hide the candy",D,D,Yes
llama,llama-3.2-1b-instruct,7,18,"Story: Mia hides a toy in a drawer while Liam is watching. Later Liam leaves the room and Mia moves the toy to a box.
Question: Who knows the toy is in the box?
A. Liam only
B. Both Mia and Liam
C. Mia only
D. Neither",C,C,Yes
llama,llama-3.2-1b-instruct,7,19,"Story: Noah puts a coin in a jar. Emma watches. Noah leaves. Emma moves the coin to a drawer. Liam sees Emma move it.
Question: Where does Liam think Noah will look for the coin?
A. Drawer
B. Table
C. Shelf
D. Jar",D,A,No
llama,llama-3.2-1b-instruct,7,20,"Story: Ella believes her favorite mug is broken. Later she discovers it is actually fine.
Question: How will Ella most likely feel when she finds out?
A. Angry
B. Bored
C. Confused
D. Relieved",D,D,Yes
llama,llama-3.2-1b-instruct,8,1,"Story: Sam puts his watch in a drawer and leaves the room. While he is gone, Alex moves the watch to a box.
Question: Where will Sam look for the watch first?
A. Box
B. Table
C. Drawer
D. Shelf",C,C,Yes
llama,llama-3.2-1b-instruct,8,2,"Story: Nina thinks her cat ran away, but the cat is actually sleeping under the bed.
Question: How does Nina most likely feel before she checks under the bed?
A. Relieved
B. Proud
C. Excited
D. Worried",D,D,Yes
llama,llama-3.2-1b-instruct,8,3,"Story: Leo hides a coin in a cup. Emma is watching. Later Leo leaves the room and Emma moves the coin to a drawer.
Question: Who knows the coin was moved?
A. Leo only
B. Both Leo and Emma
C. Neither of them
D. Emma only",D,B,No
llama,llama-3.2-1b-instruct,8,4,"Story: You can see a dog behind a tree. Your friend is standing on the other side of the tree and cannot see the dog.
Question: What does your friend think is behind the tree?
A. A dog
B. A cat
C. A ball
D. Nothing",D,D,Yes
llama,llama-3.2-1b-instruct,8,5,"Story: Olivia hides a cookie in a jar. Jack watches. Olivia leaves the room. Jack moves the cookie to a cupboard.
Question: Where is the cookie really?
A. Jar
B. Table
C. Plate
D. Cupboard",D,D,Yes
llama,llama-3.2-1b-instruct,8,6,"Story: A child hides a toy in a drawer. Another child asks where it is. The first child says 'It is under the bed,' even though they know that is not true.
Question: Why did the child say this?
A. Because they forgot
B. Because they believe it is under the bed
C. To confuse the other child
D. Because they dislike toys",C,C,Yes
llama,llama-3.2-1b-instruct,8,7,"Story: Mark puts his keys in his backpack. Later someone moves the keys to a desk while Mark is outside.
Question: Where will Mark look for the keys first?
A. Desk
B. Pocket
C. Drawer
D. Backpack",D,D,Yes
llama,llama-3.2-1b-instruct,8,8,"Story: Sara thinks her lost phone is gone forever. Then she finds it in her jacket pocket.
Question: How will Sara most likely feel when she finds it?
A. Angry
B. Confused
C. Relieved
D. Bored",C,C,Yes
llama,llama-3.2-1b-instruct,8,9,"Story: Tom places a book in a cabinet while Maya watches. Later Tom leaves the room and Maya moves the book to a drawer.
Question: Does Tom know the book was moved?
A. Yes
B. No",B,A,No
llama,llama-3.2-1b-instruct,8,10,"Story: Anna hides a ball in a basket. Ben watches. Anna leaves the room. Ben moves the ball to a box. Clara sees Ben move it.
Question: Where does Clara think Anna will look for the ball?
A. Box
B. Table
C. Basket
D. Shelf",C,A,No
llama,llama-3.2-1b-instruct,8,11,"Story: Liam moves his friend's chair slightly before they sit down as a joke.
Question: What was Liam's likely intention?
A. To help his friend
B. To clean the room
C. To move furniture permanently
D. To make his friend laugh",D,D,Yes
llama,llama-3.2-1b-instruct,8,12,"Story: Emma puts a pen in a drawer and then goes outside to talk on the phone. While she is gone, Noah moves the pen to a box.
Question: Where will Emma look for the pen first?
A. Box
B. Table
C. Drawer
D. Bag",C,A,No
llama,llama-3.2-1b-instruct,8,13,"Story: Jake thinks his friend ignored his message, but actually the friend never received it.
Question: How might Jake feel?
A. Happy
B. Relaxed
C. Hurt
D. Proud",C,C,Yes
llama,llama-3.2-1b-instruct,8,14,"Story: A toy is behind a couch. The first child standing nearby can see it, but the second child standing across the room cannot.
Question: What does the second child believe?
A. The toy is visible
B. The toy is missing
C. The toy is broken
D. The toy is behind the couch",B,D,No
llama,llama-3.2-1b-instruct,8,15,"Story: Ava hides a ring in a bag. Later someone moves the ring to a drawer while Ava is outside.
Question: Where does Ava think the ring is?
A. Drawer
B. Shelf
C. Table
D. Bag",D,A,No
llama,llama-3.2-1b-instruct,8,16,"Story: Daniel studies very hard for a test and believes he will do well.
Question: How does Daniel most likely feel before taking the test?
A. Angry
B. Bored
C. Nervous but hopeful
D. Confused",C,C,Yes
llama,llama-3.2-1b-instruct,8,17,"Story: A child tells their friend the candy is in the kitchen even though it is actually in their pocket.
Question: What is the child trying to do?
A. Share the candy
B. Lose the candy
C. Clean the kitchen
D. Hide the candy",D,B,No
llama,llama-3.2-1b-instruct,8,18,"Story: Mia hides a toy in a drawer while Liam is watching. Later Liam leaves the room and Mia moves the toy to a box.
Question: Who knows the toy is in the box?
A. Liam only
B. Both Mia and Liam
C. Mia only
D. Neither",C,D,No
llama,llama-3.2-1b-instruct,8,19,"Story: Noah puts a coin in a jar. Emma watches. Noah leaves. Emma moves the coin to a drawer. Liam sees Emma move it.
Question: Where does Liam think Noah will look for the coin?
A. Drawer
B. Table
C. Shelf
D. Jar",D,A,No
llama,llama-3.2-1b-instruct,8,20,"Story: Ella believes her favorite mug is broken. Later she discovers it is actually fine.
Question: How will Ella most likely feel when she finds out?
A. Angry
B. Bored
C. Confused
D. Relieved",D,D,Yes
llama,llama-3.2-1b-instruct,9,1,"Story: Sam puts his watch in a drawer and leaves the room. While he is gone, Alex moves the watch to a box.
Question: Where will Sam look for the watch first?
A. Box
B. Table
C. Drawer
D. Shelf",C,A,No
llama,llama-3.2-1b-instruct,9,2,"Story: Nina thinks her cat ran away, but the cat is actually sleeping under the bed.
Question: How does Nina most likely feel before she checks under the bed?
A. Relieved
B. Proud
C. Excited
D. Worried",D,D,Yes
llama,llama-3.2-1b-instruct,9,3,"Story: Leo hides a coin in a cup. Emma is watching. Later Leo leaves the room and Emma moves the coin to a drawer.
Question: Who knows the coin was moved?
A. Leo only
B. Both Leo and Emma
C. Neither of them
D. Emma only",D,B,No
llama,llama-3.2-1b-instruct,9,4,"Story: You can see a dog behind a tree. Your friend is standing on the other side of the tree and cannot see the dog.
Question: What does your friend think is behind the tree?
A. A dog
B. A cat
C. A ball
D. Nothing",D,D,Yes
llama,llama-3.2-1b-instruct,9,5,"Story: Olivia hides a cookie in a jar. Jack watches. Olivia leaves the room. Jack moves the cookie to a cupboard.
Question: Where is the cookie really?
A. Jar
B. Table
C. Plate
D. Cupboard",D,D,Yes
llama,llama-3.2-1b-instruct,9,6,"Story: A child hides a toy in a drawer. Another child asks where it is. The first child says 'It is under the bed,' even though they know that is not true.
Question: Why did the child say this?
A. Because they forgot
B. Because they believe it is under the bed
C. To confuse the other child
D. Because they dislike toys",C,C,Yes
llama,llama-3.2-1b-instruct,9,7,"Story: Mark puts his keys in his backpack. Later someone moves the keys to a desk while Mark is outside.
Question: Where will Mark look for the keys first?
A. Desk
B. Pocket
C. Drawer
D. Backpack",D,B,No
llama,llama-3.2-1b-instruct,9,8,"Story: Sara thinks her lost phone is gone forever. Then she finds it in her jacket pocket.
Question: How will Sara most likely feel when she finds it?
A. Angry
B. Confused
C. Relieved
D. Bored",C,C,Yes
llama,llama-3.2-1b-instruct,9,9,"Story: Tom places a book in a cabinet while Maya watches. Later Tom leaves the room and Maya moves the book to a drawer.
Question: Does Tom know the book was moved?
A. Yes
B. No",B,A,No
llama,llama-3.2-1b-instruct,9,10,"Story: Anna hides a ball in a basket. Ben watches. Anna leaves the room. Ben moves the ball to a box. Clara sees Ben move it.
Question: Where does Clara think Anna will look for the ball?
A. Box
B. Table
C. Basket
D. Shelf",C,C,Yes
llama,llama-3.2-1b-instruct,9,11,"Story: Liam moves his friend's chair slightly before they sit down as a joke.
Question: What was Liam's likely intention?
A. To help his friend
B. To clean the room
C. To move furniture permanently
D. To make his friend laugh",D,D,Yes
llama,llama-3.2-1b-instruct,9,12,"Story: Emma puts a pen in a drawer and then goes outside to talk on the phone. While she is gone, Noah moves the pen to a box.
Question: Where will Emma look for the pen first?
A. Box
B. Table
C. Drawer
D. Bag",C,A,No
llama,llama-3.2-1b-instruct,9,13,"Story: Jake thinks his friend ignored his message, but actually the friend never received it.
Question: How might Jake feel?
A. Happy
B. Relaxed
C. Hurt
D. Proud",C,C,Yes
llama,llama-3.2-1b-instruct,9,14,"Story: A toy is behind a couch. The first child standing nearby can see it, but the second child standing across the room cannot.
Question: What does the second child believe?
A. The toy is visible
B. The toy is missing
C. The toy is broken
D. The toy is behind the couch",B,B,Yes
llama,llama-3.2-1b-instruct,9,15,"Story: Ava hides a ring in a bag. Later someone moves the ring to a drawer while Ava is outside.
Question: Where does Ava think the ring is?
A. Drawer
B. Shelf
C. Table
D. Bag",D,A,No
llama,llama-3.2-1b-instruct,9,16,"Story: Daniel studies very hard for a test and believes he will do well.
Question: How does Daniel most likely feel before taking the test?
A. Angry
B. Bored
C. Nervous but hopeful
D. Confused",C,C,Yes
llama,llama-3.2-1b-instruct,9,17,"Story: A child tells their friend the candy is in the kitchen even though it is actually in their pocket.
Question: What is the child trying to do?
A. Share the candy
B. Lose the candy
C. Clean the kitchen
D. Hide the candy",D,B,No
llama,llama-3.2-1b-instruct,9,18,"Story: Mia hides a toy in a drawer while Liam is watching. Later Liam leaves the room and Mia moves the toy to a box.
Question: Who knows the toy is in the box?
A. Liam only
B. Both Mia and Liam
C. Mia only
D. Neither",C,C,Yes
llama,llama-3.2-1b-instruct,9,19,"Story: Noah puts a coin in a jar. Emma watches. Noah leaves. Emma moves the coin to a drawer. Liam sees Emma move it.
Question: Where does Liam think Noah will look for the coin?
A. Drawer
B. Table
C. Shelf
D. Jar",D,A,No
llama,llama-3.2-1b-instruct,9,20,"Story: Ella believes her favorite mug is broken. Later she discovers it is actually fine.
Question: How will Ella most likely feel when she finds out?
A. Angry
B. Bored
C. Confused
D. Relieved",D,D,Yes
llama,llama-3.2-1b-instruct,10,1,"Story: Sam puts his watch in a drawer and leaves the room. While he is gone, Alex moves the watch to a box.
Question: Where will Sam look for the watch first?
A. Box
B. Table
C. Drawer
D. Shelf",C,A,No
llama,llama-3.2-1b-instruct,10,2,"Story: Nina thinks her cat ran away, but the cat is actually sleeping under the bed.
Question: How does Nina most likely feel before she checks under the bed?
A. Relieved
B. Proud
C. Excited
D. Worried",D,D,Yes
llama,llama-3.2-1b-instruct,10,3,"Story: Leo hides a coin in a cup. Emma is watching. Later Leo leaves the room and Emma moves the coin to a drawer.
Question: Who knows the coin was moved?
A. Leo only
B. Both Leo and Emma
C. Neither of them
D. Emma only",D,C,No
llama,llama-3.2-1b-instruct,10,4,"Story: You can see a dog behind a tree. Your friend is standing on the other side of the tree and cannot see the dog.
Question: What does your friend think is behind the tree?
A. A dog
B. A cat
C. A ball
D. Nothing",D,B,No
llama,llama-3.2-1b-instruct,10,5,"Story: Olivia hides a cookie in a jar. Jack watches. Olivia leaves the room. Jack moves the cookie to a cupboard.
Question: Where is the cookie really?
A. Jar
B. Table
C. Plate
D. Cupboard",D,D,Yes
llama,llama-3.2-1b-instruct,10,6,"Story: A child hides a toy in a drawer. Another child asks where it is. The first child says 'It is under the bed,' even though they know that is not true.
Question: Why did the child say this?
A. Because they forgot
B. Because they believe it is under the bed
C. To confuse the other child
D. Because they dislike toys",C,C,Yes
llama,llama-3.2-1b-instruct,10,7,"Story: Mark puts his keys in his backpack. Later someone moves the keys to a desk while Mark is outside.
Question: Where will Mark look for the keys first?
A. Desk
B. Pocket
C. Drawer
D. Backpack",D,D,Yes
llama,llama-3.2-1b-instruct,10,8,"Story: Sara thinks her lost phone is gone forever. Then she finds it in her jacket pocket.
Question: How will Sara most likely feel when she finds it?
A. Angry
B. Confused
C. Relieved
D. Bored",C,C,Yes
llama,llama-3.2-1b-instruct,10,9,"Story: Tom places a book in a cabinet while Maya watches. Later Tom leaves the room and Maya moves the book to a drawer.
Question: Does Tom know the book was moved?
A. Yes
B. No",B,A,No
llama,llama-3.2-1b-instruct,10,10,"Story: Anna hides a ball in a basket. Ben watches. Anna leaves the room. Ben moves the ball to a box. Clara sees Ben move it.
Question: Where does Clara think Anna will look for the ball?
A. Box
B. Table
C. Basket
D. Shelf",C,B,No
llama,llama-3.2-1b-instruct,10,11,"Story: Liam moves his friend's chair slightly before they sit down as a joke.
Question: What was Liam's likely intention?
A. To help his friend
B. To clean the room
C. To move furniture permanently
D. To make his friend laugh",D,D,Yes
llama,llama-3.2-1b-instruct,10,12,"Story: Emma puts a pen in a drawer and then goes outside to talk on the phone. While she is gone, Noah moves the pen to a box.
Question: Where will Emma look for the pen first?
A. Box
B. Table
C. Drawer
D. Bag",C,C,Yes
llama,llama-3.2-1b-instruct,10,13,"Story: Jake thinks his friend ignored his message, but actually the friend never received it.
Question: How might Jake feel?
A. Happy
B. Relaxed
C. Hurt
D. Proud",C,C,Yes
llama,llama-3.2-1b-instruct,10,14,"Story: A toy is behind a couch. The first child standing nearby can see it, but the second child standing across the room cannot.
Question: What does the second child believe?
A. The toy is visible
B. The toy is missing
C. The toy is broken
D. The toy is behind the couch",B,D,No
llama,llama-3.2-1b-instruct,10,15,"Story: Ava hides a ring in a bag. Later someone moves the ring to a drawer while Ava is outside.
Question: Where does Ava think the ring is?
A. Drawer
B. Shelf
C. Table
D. Bag",D,A,No
llama,llama-3.2-1b-instruct,10,16,"Story: Daniel studies very hard for a test and believes he will do well.
Question: How does Daniel most likely feel before taking the test?
A. Angry
B. Bored
C. Nervous but hopeful
D. Confused",C,C,Yes
llama,llama-3.2-1b-instruct,10,17,"Story: A child tells their friend the candy is in the kitchen even though it is actually in their pocket.
Question: What is the child trying to do?
A. Share the candy
B. Lose the candy
C. Clean the kitchen
D. Hide the candy",D,B,No
llama,llama-3.2-1b-instruct,10,18,"Story: Mia hides a toy in a drawer while Liam is watching. Later Liam leaves the room and Mia moves the toy to a box.
Question: Who knows the toy is in the box?
A. Liam only
B. Both Mia and Liam
C. Mia only
D. Neither",C,B,No
llama,llama-3.2-1b-instruct,10,19,"Story: Noah puts a coin in a jar. Emma watches. Noah leaves. Emma moves the coin to a drawer. Liam sees Emma move it.
Question: Where does Liam think Noah will look for the coin?
A. Drawer
B. Table
C. Shelf
D. Jar",D,D,Yes
llama,llama-3.2-1b-instruct,10,20,"Story: Ella believes her favorite mug is broken. Later she discovers it is actually fine.
Question: How will Ella most likely feel when she finds out?
A. Angry
B. Bored
C. Confused
D. Relieved",D,A,No
llama,llama-3.2-1b-instruct,11,1,"Story: Sam puts his watch in a drawer and leaves the room. While he is gone, Alex moves the watch to a box.
Question: Where will Sam look for the watch first?
A. Box
B. Table
C. Drawer
D. Shelf",C,A,No
llama,llama-3.2-1b-instruct,11,2,"Story: Nina thinks her cat ran away, but the cat is actually sleeping under the bed.
Question: How does Nina most likely feel before she checks under the bed?
A. Relieved
B. Proud
C. Excited
D. Worried",D,D,Yes
llama,llama-3.2-1b-instruct,11,3,"Story: Leo hides a coin in a cup. Emma is watching. Later Leo leaves the room and Emma moves the coin to a drawer.
Question: Who knows the coin was moved?
A. Leo only
B. Both Leo and Emma
C. Neither of them
D. Emma only",D,B,No
llama,llama-3.2-1b-instruct,11,4,"Story: You can see a dog behind a tree. Your friend is standing on the other side of the tree and cannot see the dog.
Question: What does your friend think is behind the tree?
A. A dog
B. A cat
C. A ball
D. Nothing",D,D,Yes
llama,llama-3.2-1b-instruct,11,5,"Story: Olivia hides a cookie in a jar. Jack watches. Olivia leaves the room. Jack moves the cookie to a cupboard.
Question: Where is the cookie really?
A. Jar
B. Table
C. Plate
D. Cupboard",D,D,Yes
llama,llama-3.2-1b-instruct,11,6,"Story: A child hides a toy in a drawer. Another child asks where it is. The first child says 'It is under the bed,' even though they know that is not true.
Question: Why did the child say this?
A. Because they forgot
B. Because they believe it is under the bed
C. To confuse the other child
D. Because they dislike toys",C,C,Yes
llama,llama-3.2-1b-instruct,11,7,"Story: Mark puts his keys in his backpack. Later someone moves the keys to a desk while Mark is outside.
Question: Where will Mark look for the keys first?
A. Desk
B. Pocket
C. Drawer
D. Backpack",D,B,No
llama,llama-3.2-1b-instruct,11,8,"Story: Sara thinks her lost phone is gone forever. Then she finds it in her jacket pocket.
Question: How will Sara most likely feel when she finds it?
A. Angry
B. Confused
C. Relieved
D. Bored",C,C,Yes
llama,llama-3.2-1b-instruct,11,9,"Story: Tom places a book in a cabinet while Maya watches. Later Tom leaves the room and Maya moves the book to a drawer.
Question: Does Tom know the book was moved?
A. Yes
B. No",B,B,Yes
llama,llama-3.2-1b-instruct,11,10,"Story: Anna hides a ball in a basket. Ben watches. Anna leaves the room. Ben moves the ball to a box. Clara sees Ben move it.
Question: Where does Clara think Anna will look for the ball?
A. Box
B. Table
C. Basket
D. Shelf",C,C,Yes
llama,llama-3.2-1b-instruct,11,11,"Story: Liam moves his friend's chair slightly before they sit down as a joke.
Question: What was Liam's likely intention?
A. To help his friend
B. To clean the room
C. To move furniture permanently
D. To make his friend laugh",D,B,No
llama,llama-3.2-1b-instruct,11,12,"Story: Emma puts a pen in a drawer and then goes outside to talk on the phone. While she is gone, Noah moves the pen to a box.
Question: Where will Emma look for the pen first?
A. Box
B. Table
C. Drawer
D. Bag",C,A,No
llama,llama-3.2-1b-instruct,11,13,"Story: Jake thinks his friend ignored his message, but actually the friend never received it.
Question: How might Jake feel?
A. Happy
B. Relaxed
C. Hurt
D. Proud",C,C,Yes
llama,llama-3.2-1b-instruct,11,14,"Story: A toy is behind a couch. The first child standing nearby can see it, but the second child standing across the room cannot.
Question: What does the second child believe?
A. The toy is visible
B. The toy is missing
C. The toy is broken
D. The toy is behind the couch",B,D,No
llama,llama-3.2-1b-instruct,11,15,"Story: Ava hides a ring in a bag. Later someone moves the ring to a drawer while Ava is outside.
Question: Where does Ava think the ring is?
A. Drawer
B. Shelf
C. Table
D. Bag",D,B,No
llama,llama-3.2-1b-instruct,11,16,"Story: Daniel studies very hard for a test and believes he will do well.
Question: How does Daniel most likely feel before taking the test?
A. Angry
B. Bored
C. Nervous but hopeful
D. Confused",C,C,Yes
llama,llama-3.2-1b-instruct,11,17,"Story: A child tells their friend the candy is in the kitchen even though it is actually in their pocket.
Question: What is the child trying to do?
A. Share the candy
B. Lose the candy
C. Clean the kitchen
D. Hide the candy",D,D,Yes
llama,llama-3.2-1b-instruct,11,18,"Story: Mia hides a toy in a drawer while Liam is watching. Later Liam leaves the room and Mia moves the toy to a box.
Question: Who knows the toy is in the box?
A. Liam only
B. Both Mia and Liam
C. Mia only
D. Neither",C,B,No
llama,llama-3.2-1b-instruct,11,19,"Story: Noah puts a coin in a jar. Emma watches. Noah leaves. Emma moves the coin to a drawer. Liam sees Emma move it.
Question: Where does Liam think Noah will look for the coin?
A. Drawer
B. Table
C. Shelf
D. Jar",D,A,No
llama,llama-3.2-1b-instruct,11,20,"Story: Ella believes her favorite mug is broken. Later she discovers it is actually fine.
Question: How will Ella most likely feel when she finds out?
A. Angry
B. Bored
C. Confused
D. Relieved",D,D,Yes
llama,llama-3.2-1b-instruct,12,1,"Story: Sam puts his watch in a drawer and leaves the room. While he is gone, Alex moves the watch to a box.
Question: Where will Sam look for the watch first?
A. Box
B. Table
C. Drawer
D. Shelf",C,C,Yes
llama,llama-3.2-1b-instruct,12,2,"Story: Nina thinks her cat ran away, but the cat is actually sleeping under the bed.
Question: How does Nina most likely feel before she checks under the bed?
A. Relieved
B. Proud
C. Excited
D. Worried",D,D,Yes
llama,llama-3.2-1b-instruct,12,3,"Story: Leo hides a coin in a cup. Emma is watching. Later Leo leaves the room and Emma moves the coin to a drawer.
Question: Who knows the coin was moved?
A. Leo only
B. Both Leo and Emma
C. Neither of them
D. Emma only",D,C,No
llama,llama-3.2-1b-instruct,12,4,"Story: You can see a dog behind a tree. Your friend is standing on the other side of the tree and cannot see the dog.
Question: What does your friend think is behind the tree?
A. A dog
B. A cat
C. A ball
D. Nothing",D,B,No
llama,llama-3.2-1b-instruct,12,5,"Story: Olivia hides a cookie in a jar. Jack watches. Olivia leaves the room. Jack moves the cookie to a cupboard.
Question: Where is the cookie really?
A. Jar
B. Table
C. Plate
D. Cupboard",D,D,Yes
llama,llama-3.2-1b-instruct,12,6,"Story: A child hides a toy in a drawer. Another child asks where it is. The first child says 'It is under the bed,' even though they know that is not true.
Question: Why did the child say this?
A. Because they forgot
B. Because they believe it is under the bed
C. To confuse the other child
D. Because they dislike toys",C,B,No
llama,llama-3.2-1b-instruct,12,7,"Story: Mark puts his keys in his backpack. Later someone moves the keys to a desk while Mark is outside.
Question: Where will Mark look for the keys first?
A. Desk
B. Pocket
C. Drawer
D. Backpack",D,D,Yes
llama,llama-3.2-1b-instruct,12,8,"Story: Sara thinks her lost phone is gone forever. Then she finds it in her jacket pocket.
Question: How will Sara most likely feel when she finds it?
A. Angry
B. Confused
C. Relieved
D. Bored",C,C,Yes
llama,llama-3.2-1b-instruct,12,9,"Story: Tom places a book in a cabinet while Maya watches. Later Tom leaves the room and Maya moves the book to a drawer.
Question: Does Tom know the book was moved?
A. Yes
B. No",B,B,Yes
llama,llama-3.2-1b-instruct,12,10,"Story: Anna hides a ball in a basket. Ben watches. Anna leaves the room. Ben moves the ball to a box. Clara sees Ben move it.
Question: Where does Clara think Anna will look for the ball?
A. Box
B. Table
C. Basket
D. Shelf",C,C,Yes
llama,llama-3.2-1b-instruct,12,11,"Story: Liam moves his friend's chair slightly before they sit down as a joke.
Question: What was Liam's likely intention?
A. To help his friend
B. To clean the room
C. To move furniture permanently
D. To make his friend laugh",D,B,No
llama,llama-3.2-1b-instruct,12,12,"Story: Emma puts a pen in a drawer and then goes outside to talk on the phone. While she is gone, Noah moves the pen to a box.
Question: Where will Emma look for the pen first?
A. Box
B. Table
C. Drawer
D. Bag",C,A,No
llama,llama-3.2-1b-instruct,12,13,"Story: Jake thinks his friend ignored his message, but actually the friend never received it.
Question: How might Jake feel?
A. Happy
B. Relaxed
C. Hurt
D. Proud",C,A,No
llama,llama-3.2-1b-instruct,12,14,"Story: A toy is behind a couch. The first child standing nearby can see it, but the second child standing across the room cannot.
Question: What does the second child believe?
A. The toy is visible
B. The toy is missing
C. The toy is broken
D. The toy is behind the couch",B,D,No
llama,llama-3.2-1b-instruct,12,15,"Story: Ava hides a ring in a bag. Later someone moves the ring to a drawer while Ava is outside.
Question: Where does Ava think the ring is?
A. Drawer
B. Shelf
C. Table
D. Bag",D,B,No
llama,llama-3.2-1b-instruct,12,16,"Story: Daniel studies very hard for a test and believes he will do well.
Question: How does Daniel most likely feel before taking the test?
A. Angry
B. Bored
C. Nervous but hopeful
D. Confused",C,C,Yes
llama,llama-3.2-1b-instruct,12,17,"Story: A child tells their friend the candy is in the kitchen even though it is actually in their pocket.
Question: What is the child trying to do?
A. Share the candy
B. Lose the candy
C. Clean the kitchen
D. Hide the candy",D,D,Yes
llama,llama-3.2-1b-instruct,12,18,"Story: Mia hides a toy in a drawer while Liam is watching. Later Liam leaves the room and Mia moves the toy to a box.
Question: Who knows the toy is in the box?
A. Liam only
B. Both Mia and Liam
C. Mia only
D. Neither",C,B,No
llama,llama-3.2-1b-instruct,12,19,"Story: Noah puts a coin in a jar. Emma watches. Noah leaves. Emma moves the coin to a drawer. Liam sees Emma move it.
Question: Where does Liam think Noah will look for the coin?
A. Drawer
B. Table
C. Shelf
D. Jar",D,B,No
llama,llama-3.2-1b-instruct,12,20,"Story: Ella believes her favorite mug is broken. Later she discovers it is actually fine.
Question: How will Ella most likely feel when she finds out?
A. Angry
B. Bored
C. Confused
D. Relieved",D,D,Yes
llama,llama-3.2-1b-instruct,13,1,"Story: Sam puts his watch in a drawer and leaves the room. While he is gone, Alex moves the watch to a box.
Question: Where will Sam look for the watch first?
A. Box
B. Table
C. Drawer
D. Shelf",C,B,No
llama,llama-3.2-1b-instruct,13,2,"Story: Nina thinks her cat ran away, but the cat is actually sleeping under the bed.
Question: How does Nina most likely feel before she checks under the bed?
A. Relieved
B. Proud
C. Excited
D. Worried",D,D,Yes
llama,llama-3.2-1b-instruct,13,3,"Story: Leo hides a coin in a cup. Emma is watching. Later Leo leaves the room and Emma moves the coin to a drawer.
Question: Who knows the coin was moved?
A. Leo only
B. Both Leo and Emma
C. Neither of them
D. Emma only",D,C,No
llama,llama-3.2-1b-instruct,13,4,"Story: You can see a dog behind a tree. Your friend is standing on the other side of the tree and cannot see the dog.
Question: What does your friend think is behind the tree?
A. A dog
B. A cat
C. A ball
D. Nothing",D,B,No
llama,llama-3.2-1b-instruct,13,5,"Story: Olivia hides a cookie in a jar. Jack watches. Olivia leaves the room. Jack moves the cookie to a cupboard.
Question: Where is the cookie really?
A. Jar
B. Table
C. Plate
D. Cupboard",D,D,Yes
llama,llama-3.2-1b-instruct,13,6,"Story: A child hides a toy in a drawer. Another child asks where it is. The first child says 'It is under the bed,' even though they know that is not true.
Question: Why did the child say this?
A. Because they forgot
B. Because they believe it is under the bed
C. To confuse the other child
D. Because they dislike toys",C,A,No
llama,llama-3.2-1b-instruct,13,7,"Story: Mark puts his keys in his backpack. Later someone moves the keys to a desk while Mark is outside.
Question: Where will Mark look for the keys first?
A. Desk
B. Pocket
C. Drawer
D. Backpack",D,D,Yes
llama,llama-3.2-1b-instruct,13,8,"Story: Sara thinks her lost phone is gone forever. Then she finds it in her jacket pocket.
Question: How will Sara most likely feel when she finds it?
A. Angry
B. Confused
C. Relieved
D. Bored",C,C,Yes
llama,llama-3.2-1b-instruct,13,9,"Story: Tom places a book in a cabinet while Maya watches. Later Tom leaves the room and Maya moves the book to a drawer.
Question: Does Tom know the book was moved?
A. Yes
B. No",B,B,Yes
llama,llama-3.2-1b-instruct,13,10,"Story: Anna hides a ball in a basket. Ben watches. Anna leaves the room. Ben moves the ball to a box. Clara sees Ben move it.
Question: Where does Clara think Anna will look for the ball?
A. Box
B. Table
C. Basket
D. Shelf",C,A,No
llama,llama-3.2-1b-instruct,13,11,"Story: Liam moves his friend's chair slightly before they sit down as a joke.
Question: What was Liam's likely intention?
A. To help his friend
B. To clean the room
C. To move furniture permanently
D. To make his friend laugh",D,D,Yes
llama,llama-3.2-1b-instruct,13,12,"Story: Emma puts a pen in a drawer and then goes outside to talk on the phone. While she is gone, Noah moves the pen to a box.
Question: Where will Emma look for the pen first?
A. Box
B. Table
C. Drawer
D. Bag",C,C,Yes
llama,llama-3.2-1b-instruct,13,13,"Story: Jake thinks his friend ignored his message, but actually the friend never received it.
Question: How might Jake feel?
A. Happy
B. Relaxed
C. Hurt
D. Proud",C,C,Yes
llama,llama-3.2-1b-instruct,13,14,"Story: A toy is behind a couch. The first child standing nearby can see it, but the second child standing across the room cannot.
Question: What does the second child believe?
A. The toy is visible
B. The toy is missing
C. The toy is broken
D. The toy is behind the couch",B,B,Yes
llama,llama-3.2-1b-instruct,13,15,"Story: Ava hides a ring in a bag. Later someone moves the ring to a drawer while Ava is outside.
Question: Where does Ava think the ring is?
A. Drawer
B. Shelf
C. Table
D. Bag",D,A,No
llama,llama-3.2-1b-instruct,13,16,"Story: Daniel studies very hard for a test and believes he will do well.
Question: How does Daniel most likely feel before taking the test?
A. Angry
B. Bored
C. Nervous but hopeful
D. Confused",C,C,Yes
llama,llama-3.2-1b-instruct,13,17,"Story: A child tells their friend the candy is in the kitchen even though it is actually in their pocket.
Question: What is the child trying to do?
A. Share the candy
B. Lose the candy
C. Clean the kitchen
D. Hide the candy",D,D,Yes
llama,llama-3.2-1b-instruct,13,18,"Story: Mia hides a toy in a drawer while Liam is watching. Later Liam leaves the room and Mia moves the toy to a box.
Question: Who knows the toy is in the box?
A. Liam only
B. Both Mia and Liam
C. Mia only
D. Neither",C,C,Yes
llama,llama-3.2-1b-instruct,13,19,"Story: Noah puts a coin in a jar. Emma watches. Noah leaves. Emma moves the coin to a drawer. Liam sees Emma move it.
Question: Where does Liam think Noah will look for the coin?
A. Drawer
B. Table
C. Shelf
D. Jar",D,B,No
llama,llama-3.2-1b-instruct,13,20,"Story: Ella believes her favorite mug is broken. Later she discovers it is actually fine.
Question: How will Ella most likely feel when she finds out?
A. Angry
B. Bored
C. Confused
D. Relieved",D,D,Yes
llama,llama-3.2-1b-instruct,14,1,"Story: Sam puts his watch in a drawer and leaves the room. While he is gone, Alex moves the watch to a box.
Question: Where will Sam look for the watch first?
A. Box
B. Table
C. Drawer
D. Shelf",C,B,No
llama,llama-3.2-1b-instruct,14,2,"Story: Nina thinks her cat ran away, but the cat is actually sleeping under the bed.
Question: How does Nina most likely feel before she checks under the bed?
A. Relieved
B. Proud
C. Excited
D. Worried",D,D,Yes
llama,llama-3.2-1b-instruct,14,3,"Story: Leo hides a coin in a cup. Emma is watching. Later Leo leaves the room and Emma moves the coin to a drawer.
Question: Who knows the coin was moved?
A. Leo only
B. Both Leo and Emma
C. Neither of them
D. Emma only",D,B,No
llama,llama-3.2-1b-instruct,14,4,"Story: You can see a dog behind a tree. Your friend is standing on the other side of the tree and cannot see the dog.
Question: What does your friend think is behind the tree?
A. A dog
B. A cat
C. A ball
D. Nothing",D,B,No
llama,llama-3.2-1b-instruct,14,5,"Story: Olivia hides a cookie in a jar. Jack watches. Olivia leaves the room. Jack moves the cookie to a cupboard.
Question: Where is the cookie really?
A. Jar
B. Table
C. Plate
D. Cupboard",D,D,Yes
llama,llama-3.2-1b-instruct,14,6,"Story: A child hides a toy in a drawer. Another child asks where it is. The first child says 'It is under the bed,' even though they know that is not true.
Question: Why did the child say this?
A. Because they forgot
B. Because they believe it is under the bed
C. To confuse the other child
D. Because they dislike toys",C,C,Yes
llama,llama-3.2-1b-instruct,14,7,"Story: Mark puts his keys in his backpack. Later someone moves the keys to a desk while Mark is outside.
Question: Where will Mark look for the keys first?
A. Desk
B. Pocket
C. Drawer
D. Backpack",D,A,No
llama,llama-3.2-1b-instruct,14,8,"Story: Sara thinks her lost phone is gone forever. Then she finds it in her jacket pocket.
Question: How will Sara most likely feel when she finds it?
A. Angry
B. Confused
C. Relieved
D. Bored",C,C,Yes
llama,llama-3.2-1b-instruct,14,9,"Story: Tom places a book in a cabinet while Maya watches. Later Tom leaves the room and Maya moves the book to a drawer.
Question: Does Tom know the book was moved?
A. Yes
B. No",B,B,Yes
llama,llama-3.2-1b-instruct,14,10,"Story: Anna hides a ball in a basket. Ben watches. Anna leaves the room. Ben moves the ball to a box. Clara sees Ben move it.
Question: Where does Clara think Anna will look for the ball?
A. Box
B. Table
C. Basket
D. Shelf",C,B,No
llama,llama-3.2-1b-instruct,14,11,"Story: Liam moves his friend's chair slightly before they sit down as a joke.
Question: What was Liam's likely intention?
A. To help his friend
B. To clean the room
C. To move furniture permanently
D. To make his friend laugh",D,D,Yes
llama,llama-3.2-1b-instruct,14,12,"Story: Emma puts a pen in a drawer and then goes outside to talk on the phone. While she is gone, Noah moves the pen to a box.
Question: Where will Emma look for the pen first?
A. Box
B. Table
C. Drawer
D. Bag",C,A,No
llama,llama-3.2-1b-instruct,14,13,"Story: Jake thinks his friend ignored his message, but actually the friend never received it.
Question: How might Jake feel?
A. Happy
B. Relaxed
C. Hurt
D. Proud",C,A,No
llama,llama-3.2-1b-instruct,14,14,"Story: A toy is behind a couch. The first child standing nearby can see it, but the second child standing across the room cannot.
Question: What does the second child believe?
A. The toy is visible
B. The toy is missing
C. The toy is broken
D. The toy is behind the couch",B,D,No
llama,llama-3.2-1b-instruct,14,15,"Story: Ava hides a ring in a bag. Later someone moves the ring to a drawer while Ava is outside.
Question: Where does Ava think the ring is?
A. Drawer
B. Shelf
C. Table
D. Bag",D,A,No
llama,llama-3.2-1b-instruct,14,16,"Story: Daniel studies very hard for a test and believes he will do well.
Question: How does Daniel most likely feel before taking the test?
A. Angry
B. Bored
C. Nervous but hopeful
D. Confused",C,C,Yes
llama,llama-3.2-1b-instruct,14,17,"Story: A child tells their friend the candy is in the kitchen even though it is actually in their pocket.
Question: What is the child trying to do?
A. Share the candy
B. Lose the candy
C. Clean the kitchen
D. Hide the candy",D,D,Yes
llama,llama-3.2-1b-instruct,14,18,"Story: Mia hides a toy in a drawer while Liam is watching. Later Liam leaves the room and Mia moves the toy to a box.
Question: Who knows the toy is in the box?
A. Liam only
B. Both Mia and Liam
C. Mia only
D. Neither",C,B,No
llama,llama-3.2-1b-instruct,14,19,"Story: Noah puts a coin in a jar. Emma watches. Noah leaves. Emma moves the coin to a drawer. Liam sees Emma move it.
Question: Where does Liam think Noah will look for the coin?
A. Drawer
B. Table
C. Shelf
D. Jar",D,C,No
llama,llama-3.2-1b-instruct,14,20,"Story: Ella believes her favorite mug is broken. Later she discovers it is actually fine.
Question: How will Ella most likely feel when she finds out?
A. Angry
B. Bored
C. Confused
D. Relieved",D,D,Yes
llama,llama-3.2-1b-instruct,15,1,"Story: Sam puts his watch in a drawer and leaves the room. While he is gone, Alex moves the watch to a box.
Question: Where will Sam look for the watch first?
A. Box
B. Table
C. Drawer
D. Shelf",C,C,Yes
llama,llama-3.2-1b-instruct,15,2,"Story: Nina thinks her cat ran away, but the cat is actually sleeping under the bed.
Question: How does Nina most likely feel before she checks under the bed?
A. Relieved
B. Proud
C. Excited
D. Worried",D,D,Yes
llama,llama-3.2-1b-instruct,15,3,"Story: Leo hides a coin in a cup. Emma is watching. Later Leo leaves the room and Emma moves the coin to a drawer.
Question: Who knows the coin was moved?
A. Leo only
B. Both Leo and Emma
C. Neither of them
D. Emma only",D,B,No
llama,llama-3.2-1b-instruct,15,4,"Story: You can see a dog behind a tree. Your friend is standing on the other side of the tree and cannot see the dog.
Question: What does your friend think is behind the tree?
A. A dog
B. A cat
C. A ball
D. Nothing",D,A,No
llama,llama-3.2-1b-instruct,15,5,"Story: Olivia hides a cookie in a jar. Jack watches. Olivia leaves the room. Jack moves the cookie to a cupboard.
Question: Where is the cookie really?
A. Jar
B. Table
C. Plate
D. Cupboard",D,D,Yes
llama,llama-3.2-1b-instruct,15,6,"Story: A child hides a toy in a drawer. Another child asks where it is. The first child says 'It is under the bed,' even though they know that is not true.
Question: Why did the child say this?
A. Because they forgot
B. Because they believe it is under the bed
C. To confuse the other child
D. Because they dislike toys",C,C,Yes
llama,llama-3.2-1b-instruct,15,7,"Story: Mark puts his keys in his backpack. Later someone moves the keys to a desk while Mark is outside.
Question: Where will Mark look for the keys first?
A. Desk
B. Pocket
C. Drawer
D. Backpack",D,A,No
llama,llama-3.2-1b-instruct,15,8,"Story: Sara thinks her lost phone is gone forever. Then she finds it in her jacket pocket.
Question: How will Sara most likely feel when she finds it?
A. Angry
B. Confused
C. Relieved
D. Bored",C,C,Yes
llama,llama-3.2-1b-instruct,15,9,"Story: Tom places a book in a cabinet while Maya watches. Later Tom leaves the room and Maya moves the book to a drawer.
Question: Does Tom know the book was moved?
A. Yes
B. No",B,B,Yes
llama,llama-3.2-1b-instruct,15,10,"Story: Anna hides a ball in a basket. Ben watches. Anna leaves the room. Ben moves the ball to a box. Clara sees Ben move it.
Question: Where does Clara think Anna will look for the ball?
A. Box
B. Table
C. Basket
D. Shelf",C,D,No
llama,llama-3.2-1b-instruct,15,11,"Story: Liam moves his friend's chair slightly before they sit down as a joke.
Question: What was Liam's likely intention?
A. To help his friend
B. To clean the room
C. To move furniture permanently
D. To make his friend laugh",D,D,Yes
llama,llama-3.2-1b-instruct,15,12,"Story: Emma puts a pen in a drawer and then goes outside to talk on the phone. While she is gone, Noah moves the pen to a box.
Question: Where will Emma look for the pen first?
A. Box
B. Table
C. Drawer
D. Bag",C,A,No
llama,llama-3.2-1b-instruct,15,13,"Story: Jake thinks his friend ignored his message, but actually the friend never received it.
Question: How might Jake feel?
A. Happy
B. Relaxed
C. Hurt
D. Proud",C,A,No
llama,llama-3.2-1b-instruct,15,14,"Story: A toy is behind a couch. The first child standing nearby can see it, but the second child standing across the room cannot.
Question: What does the second child believe?
A. The toy is visible
B. The toy is missing
C. The toy is broken
D. The toy is behind the couch",B,B,Yes
llama,llama-3.2-1b-instruct,15,15,"Story: Ava hides a ring in a bag. Later someone moves the ring to a drawer while Ava is outside.
Question: Where does Ava think the ring is?
A. Drawer
B. Shelf
C. Table
D. Bag",D,A,No
llama,llama-3.2-1b-instruct,15,16,"Story: Daniel studies very hard for a test and believes he will do well.
Question: How does Daniel most likely feel before taking the test?
A. Angry
B. Bored
C. Nervous but hopeful
D. Confused",C,C,Yes
llama,llama-3.2-1b-instruct,15,17,"Story: A child tells their friend the candy is in the kitchen even though it is actually in their pocket.
Question: What is the child trying to do?
A. Share the candy
B. Lose the candy
C. Clean the kitchen
D. Hide the candy",D,D,Yes
llama,llama-3.2-1b-instruct,15,18,"Story: Mia hides a toy in a drawer while Liam is watching. Later Liam leaves the room and Mia moves the toy to a box.
Question: Who knows the toy is in the box?
A. Liam only
B. Both Mia and Liam
C. Mia only
D. Neither",C,D,No
llama,llama-3.2-1b-instruct,15,19,"Story: Noah puts a coin in a jar. Emma watches. Noah leaves. Emma moves the coin to a drawer. Liam sees Emma move it.
Question: Where does Liam think Noah will look for the coin?
A. Drawer
B. Table
C. Shelf
D. Jar",D,B,No
llama,llama-3.2-1b-instruct,15,20,"Story: Ella believes her favorite mug is broken. Later she discovers it is actually fine.
Question: How will Ella most likely feel when she finds out?
A. Angry
B. Bored
C. Confused
D. Relieved",D,D,Yes
llama,llama-3.2-1b-instruct,16,1,"Story: Sam puts his watch in a drawer and leaves the room. While he is gone, Alex moves the watch to a box.
Question: Where will Sam look for the watch first?
A. Box
B. Table
C. Drawer
D. Shelf",C,A,No
llama,llama-3.2-1b-instruct,16,2,"Story: Nina thinks her cat ran away, but the cat is actually sleeping under the bed.
Question: How does Nina most likely feel before she checks under the bed?
A. Relieved
B. Proud
C. Excited
D. Worried",D,D,Yes
llama,llama-3.2-1b-instruct,16,3,"Story: Leo hides a coin in a cup. Emma is watching. Later Leo leaves the room and Emma moves the coin to a drawer.
Question: Who knows the coin was moved?
A. Leo only
B. Both Leo and Emma
C. Neither of them
D. Emma only",D,C,No
llama,llama-3.2-1b-instruct,16,4,"Story: You can see a dog behind a tree. Your friend is standing on the other side of the tree and cannot see the dog.
Question: What does your friend think is behind the tree?
A. A dog
B. A cat
C. A ball
D. Nothing",D,D,Yes
llama,llama-3.2-1b-instruct,16,5,"Story: Olivia hides a cookie in a jar. Jack watches. Olivia leaves the room. Jack moves the cookie to a cupboard.
Question: Where is the cookie really?
A. Jar
B. Table
C. Plate
D. Cupboard",D,D,Yes
llama,llama-3.2-1b-instruct,16,6,"Story: A child hides a toy in a drawer. Another child asks where it is. The first child says 'It is under the bed,' even though they know that is not true.
Question: Why did the child say this?
A. Because they forgot
B. Because they believe it is under the bed
C. To confuse the other child
D. Because they dislike toys",C,C,Yes
llama,llama-3.2-1b-instruct,16,7,"Story: Mark puts his keys in his backpack. Later someone moves the keys to a desk while Mark is outside.
Question: Where will Mark look for the keys first?
A. Desk
B. Pocket
C. Drawer
D. Backpack",D,A,No
llama,llama-3.2-1b-instruct,16,8,"Story: Sara thinks her lost phone is gone forever. Then she finds it in her jacket pocket.
Question: How will Sara most likely feel when she finds it?
A. Angry
B. Confused
C. Relieved
D. Bored",C,C,Yes
llama,llama-3.2-1b-instruct,16,9,"Story: Tom places a book in a cabinet while Maya watches. Later Tom leaves the room and Maya moves the book to a drawer.
Question: Does Tom know the book was moved?
A. Yes
B. No",B,B,Yes
llama,llama-3.2-1b-instruct,16,10,"Story: Anna hides a ball in a basket. Ben watches. Anna leaves the room. Ben moves the ball to a box. Clara sees Ben move it.
Question: Where does Clara think Anna will look for the ball?
A. Box
B. Table
C. Basket
D. Shelf",C,A,No
llama,llama-3.2-1b-instruct,16,11,"Story: Liam moves his friend's chair slightly before they sit down as a joke.
Question: What was Liam's likely intention?
A. To help his friend
B. To clean the room
C. To move furniture permanently
D. To make his friend laugh",D,D,Yes
llama,llama-3.2-1b-instruct,16,12,"Story: Emma puts a pen in a drawer and then goes outside to talk on the phone. While she is gone, Noah moves the pen to a box.
Question: Where will Emma look for the pen first?
A. Box
B. Table
C. Drawer
D. Bag",C,C,Yes
llama,llama-3.2-1b-instruct,16,13,"Story: Jake thinks his friend ignored his message, but actually the friend never received it.
Question: How might Jake feel?
A. Happy
B. Relaxed
C. Hurt
D. Proud",C,C,Yes
llama,llama-3.2-1b-instruct,16,14,"Story: A toy is behind a couch. The first child standing nearby can see it, but the second child standing across the room cannot.
Question: What does the second child believe?
A. The toy is visible
B. The toy is missing
C. The toy is broken
D. The toy is behind the couch",B,A,No
llama,llama-3.2-1b-instruct,16,15,"Story: Ava hides a ring in a bag. Later someone moves the ring to a drawer while Ava is outside.
Question: Where does Ava think the ring is?
A. Drawer
B. Shelf
C. Table
D. Bag",D,A,No
llama,llama-3.2-1b-instruct,16,16,"Story: Daniel studies very hard for a test and believes he will do well.
Question: How does Daniel most likely feel before taking the test?
A. Angry
B. Bored
C. Nervous but hopeful
D. Confused",C,C,Yes
llama,llama-3.2-1b-instruct,16,17,"Story: A child tells their friend the candy is in the kitchen even though it is actually in their pocket.
Question: What is the child trying to do?
A. Share the candy
B. Lose the candy
C. Clean the kitchen
D. Hide the candy",D,D,Yes
llama,llama-3.2-1b-instruct,16,18,"Story: Mia hides a toy in a drawer while Liam is watching. Later Liam leaves the room and Mia moves the toy to a box.
Question: Who knows the toy is in the box?
A. Liam only
B. Both Mia and Liam
C. Mia only
D. Neither",C,B,No
llama,llama-3.2-1b-instruct,16,19,"Story: Noah puts a coin in a jar. Emma watches. Noah leaves. Emma moves the coin to a drawer. Liam sees Emma move it.
Question: Where does Liam think Noah will look for the coin?
A. Drawer
B. Table
C. Shelf
D. Jar",D,D,Yes
llama,llama-3.2-1b-instruct,16,20,"Story: Ella believes her favorite mug is broken. Later she discovers it is actually fine.
Question: How will Ella most likely feel when she finds out?
A. Angry
B. Bored
C. Confused
D. Relieved",D,D,Yes
llama,llama-3.2-1b-instruct,17,1,"Story: Sam puts his watch in a drawer and leaves the room. While he is gone, Alex moves the watch to a box.
Question: Where will Sam look for the watch first?
A. Box
B. Table
C. Drawer
D. Shelf",C,A,No
llama,llama-3.2-1b-instruct,17,2,"Story: Nina thinks her cat ran away, but the cat is actually sleeping under the bed.
Question: How does Nina most likely feel before she checks under the bed?
A. Relieved
B. Proud
C. Excited
D. Worried",D,D,Yes
llama,llama-3.2-1b-instruct,17,3,"Story: Leo hides a coin in a cup. Emma is watching. Later Leo leaves the room and Emma moves the coin to a drawer.
Question: Who knows the coin was moved?
A. Leo only
B. Both Leo and Emma
C. Neither of them
D. Emma only",D,D,Yes
llama,llama-3.2-1b-instruct,17,4,"Story: You can see a dog behind a tree. Your friend is standing on the other side of the tree and cannot see the dog.
Question: What does your friend think is behind the tree?
A. A dog
B. A cat
C. A ball
D. Nothing",D,D,Yes
llama,llama-3.2-1b-instruct,17,5,"Story: Olivia hides a cookie in a jar. Jack watches. Olivia leaves the room. Jack moves the cookie to a cupboard.
Question: Where is the cookie really?
A. Jar
B. Table
C. Plate
D. Cupboard",D,D,Yes
llama,llama-3.2-1b-instruct,17,6,"Story: A child hides a toy in a drawer. Another child asks where it is. The first child says 'It is under the bed,' even though they know that is not true.
Question: Why did the child say this?
A. Because they forgot
B. Because they believe it is under the bed
C. To confuse the other child
D. Because they dislike toys",C,A,No
llama,llama-3.2-1b-instruct,17,7,"Story: Mark puts his keys in his backpack. Later someone moves the keys to a desk while Mark is outside.
Question: Where will Mark look for the keys first?
A. Desk
B. Pocket
C. Drawer
D. Backpack",D,A,No
llama,llama-3.2-1b-instruct,17,8,"Story: Sara thinks her lost phone is gone forever. Then she finds it in her jacket pocket.
Question: How will Sara most likely feel when she finds it?
A. Angry
B. Confused
C. Relieved
D. Bored",C,C,Yes
llama,llama-3.2-1b-instruct,17,9,"Story: Tom places a book in a cabinet while Maya watches. Later Tom leaves the room and Maya moves the book to a drawer.
Question: Does Tom know the book was moved?
A. Yes
B. No",B,B,Yes
llama,llama-3.2-1b-instruct,17,10,"Story: Anna hides a ball in a basket. Ben watches. Anna leaves the room. Ben moves the ball to a box. Clara sees Ben move it.
Question: Where does Clara think Anna will look for the ball?
A. Box
B. Table
C. Basket
D. Shelf",C,C,Yes
llama,llama-3.2-1b-instruct,17,11,"Story: Liam moves his friend's chair slightly before they sit down as a joke.
Question: What was Liam's likely intention?
A. To help his friend
B. To clean the room
C. To move furniture permanently
D. To make his friend laugh",D,D,Yes
llama,llama-3.2-1b-instruct,17,12,"Story: Emma puts a pen in a drawer and then goes outside to talk on the phone. While she is gone, Noah moves the pen to a box.
Question: Where will Emma look for the pen first?
A. Box
B. Table
C. Drawer
D. Bag",C,B,No
llama,llama-3.2-1b-instruct,17,13,"Story: Jake thinks his friend ignored his message, but actually the friend never received it.
Question: How might Jake feel?
A. Happy
B. Relaxed
C. Hurt
D. Proud",C,C,Yes
llama,llama-3.2-1b-instruct,17,14,"Story: A toy is behind a couch. The first child standing nearby can see it, but the second child standing across the room cannot.
Question: What does the second child believe?
A. The toy is visible
B. The toy is missing
C. The toy is broken
D. The toy is behind the couch",B,A,No
llama,llama-3.2-1b-instruct,17,15,"Story: Ava hides a ring in a bag. Later someone moves the ring to a drawer while Ava is outside.
Question: Where does Ava think the ring is?
A. Drawer
B. Shelf
C. Table
D. Bag",D,A,No
llama,llama-3.2-1b-instruct,17,16,"Story: Daniel studies very hard for a test and believes he will do well.
Question: How does Daniel most likely feel before taking the test?
A. Angry
B. Bored
C. Nervous but hopeful
D. Confused",C,C,Yes
llama,llama-3.2-1b-instruct,17,17,"Story: A child tells their friend the candy is in the kitchen even though it is actually in their pocket.
Question: What is the child trying to do?
A. Share the candy
B. Lose the candy
C. Clean the kitchen
D. Hide the candy",D,D,Yes
llama,llama-3.2-1b-instruct,17,18,"Story: Mia hides a toy in a drawer while Liam is watching. Later Liam leaves the room and Mia moves the toy to a box.
Question: Who knows the toy is in the box?
A. Liam only
B. Both Mia and Liam
C. Mia only
D. Neither",C,B,No
llama,llama-3.2-1b-instruct,17,19,"Story: Noah puts a coin in a jar. Emma watches. Noah leaves. Emma moves the coin to a drawer. Liam sees Emma move it.
Question: Where does Liam think Noah will look for the coin?
A. Drawer
B. Table
C. Shelf
D. Jar",D,A,No
llama,llama-3.2-1b-instruct,17,20,"Story: Ella believes her favorite mug is broken. Later she discovers it is actually fine.
Question: How will Ella most likely feel when she finds out?
A. Angry
B. Bored
C. Confused
D. Relieved",D,D,Yes
llama,llama-3.2-1b-instruct,18,1,"Story: Sam puts his watch in a drawer and leaves the room. While he is gone, Alex moves the watch to a box.
Question: Where will Sam look for the watch first?
A. Box
B. Table
C. Drawer
D. Shelf",C,B,No
llama,llama-3.2-1b-instruct,18,2,"Story: Nina thinks her cat ran away, but the cat is actually sleeping under the bed.
Question: How does Nina most likely feel before she checks under the bed?
A. Relieved
B. Proud
C. Excited
D. Worried",D,D,Yes
llama,llama-3.2-1b-instruct,18,3,"Story: Leo hides a coin in a cup. Emma is watching. Later Leo leaves the room and Emma moves the coin to a drawer.
Question: Who knows the coin was moved?
A. Leo only
B. Both Leo and Emma
C. Neither of them
D. Emma only",D,B,No
llama,llama-3.2-1b-instruct,18,4,"Story: You can see a dog behind a tree. Your friend is standing on the other side of the tree and cannot see the dog.
Question: What does your friend think is behind the tree?
A. A dog
B. A cat
C. A ball
D. Nothing",D,D,Yes
llama,llama-3.2-1b-instruct,18,5,"Story: Olivia hides a cookie in a jar. Jack watches. Olivia leaves the room. Jack moves the cookie to a cupboard.
Question: Where is the cookie really?
A. Jar
B. Table
C. Plate
D. Cupboard",D,D,Yes
llama,llama-3.2-1b-instruct,18,6,"Story: A child hides a toy in a drawer. Another child asks where it is. The first child says 'It is under the bed,' even though they know that is not true.
Question: Why did the child say this?
A. Because they forgot
B. Because they believe it is under the bed
C. To confuse the other child
D. Because they dislike toys",C,B,No
llama,llama-3.2-1b-instruct,18,7,"Story: Mark puts his keys in his backpack. Later someone moves the keys to a desk while Mark is outside.
Question: Where will Mark look for the keys first?
A. Desk
B. Pocket
C. Drawer
D. Backpack",D,D,Yes
llama,llama-3.2-1b-instruct,18,8,"Story: Sara thinks her lost phone is gone forever. Then she finds it in her jacket pocket.
Question: How will Sara most likely feel when she finds it?
A. Angry
B. Confused
C. Relieved
D. Bored",C,C,Yes
llama,llama-3.2-1b-instruct,18,9,"Story: Tom places a book in a cabinet while Maya watches. Later Tom leaves the room and Maya moves the book to a drawer.
Question: Does Tom know the book was moved?
A. Yes
B. No",B,A,No
llama,llama-3.2-1b-instruct,18,10,"Story: Anna hides a ball in a basket. Ben watches. Anna leaves the room. Ben moves the ball to a box. Clara sees Ben move it.
Question: Where does Clara think Anna will look for the ball?
A. Box
B. Table
C. Basket
D. Shelf",C,A,No
llama,llama-3.2-1b-instruct,18,11,"Story: Liam moves his friend's chair slightly before they sit down as a joke.
Question: What was Liam's likely intention?
A. To help his friend
B. To clean the room
C. To move furniture permanently
D. To make his friend laugh",D,D,Yes
llama,llama-3.2-1b-instruct,18,12,"Story: Emma puts a pen in a drawer and then goes outside to talk on the phone. While she is gone, Noah moves the pen to a box.
Question: Where will Emma look for the pen first?
A. Box
B. Table
C. Drawer
D. Bag",C,A,No
llama,llama-3.2-1b-instruct,18,13,"Story: Jake thinks his friend ignored his message, but actually the friend never received it.
Question: How might Jake feel?
A. Happy
B. Relaxed
C. Hurt
D. Proud",C,C,Yes
llama,llama-3.2-1b-instruct,18,14,"Story: A toy is behind a couch. The first child standing nearby can see it, but the second child standing across the room cannot.
Question: What does the second child believe?
A. The toy is visible
B. The toy is missing
C. The toy is broken
D. The toy is behind the couch",B,B,Yes
llama,llama-3.2-1b-instruct,18,15,"Story: Ava hides a ring in a bag. Later someone moves the ring to a drawer while Ava is outside.
Question: Where does Ava think the ring is?
A. Drawer
B. Shelf
C. Table
D. Bag",D,B,No
llama,llama-3.2-1b-instruct,18,16,"Story: Daniel studies very hard for a test and believes he will do well.
Question: How does Daniel most likely feel before taking the test?
A. Angry
B. Bored
C. Nervous but hopeful
D. Confused",C,C,Yes
llama,llama-3.2-1b-instruct,18,17,"Story: A child tells their friend the candy is in the kitchen even though it is actually in their pocket.
Question: What is the child trying to do?
A. Share the candy
B. Lose the candy
C. Clean the kitchen
D. Hide the candy",D,D,Yes
llama,llama-3.2-1b-instruct,18,18,"Story: Mia hides a toy in a drawer while Liam is watching. Later Liam leaves the room and Mia moves the toy to a box.
Question: Who knows the toy is in the box?
A. Liam only
B. Both Mia and Liam
C. Mia only
D. Neither",C,B,No
llama,llama-3.2-1b-instruct,18,19,"Story: Noah puts a coin in a jar. Emma watches. Noah leaves. Emma moves the coin to a drawer. Liam sees Emma move it.
Question: Where does Liam think Noah will look for the coin?
A. Drawer
B. Table
C. Shelf
D. Jar",D,C,No
llama,llama-3.2-1b-instruct,18,20,"Story: Ella believes her favorite mug is broken. Later she discovers it is actually fine.
Question: How will Ella most likely feel when she finds out?
A. Angry
B. Bored
C. Confused
D. Relieved",D,D,Yes
llama,llama-3.2-1b-instruct,19,1,"Story: Sam puts his watch in a drawer and leaves the room. While he is gone, Alex moves the watch to a box.
Question: Where will Sam look for the watch first?
A. Box
B. Table
C. Drawer
D. Shelf",C,B,No
llama,llama-3.2-1b-instruct,19,2,"Story: Nina thinks her cat ran away, but the cat is actually sleeping under the bed.
Question: How does Nina most likely feel before she checks under the bed?
A. Relieved
B. Proud
C. Excited
D. Worried",D,D,Yes
llama,llama-3.2-1b-instruct,19,3,"Story: Leo hides a coin in a cup. Emma is watching. Later Leo leaves the room and Emma moves the coin to a drawer.
Question: Who knows the coin was moved?
A. Leo only
B. Both Leo and Emma
C. Neither of them
D. Emma only",D,B,No
llama,llama-3.2-1b-instruct,19,4,"Story: You can see a dog behind a tree. Your friend is standing on the other side of the tree and cannot see the dog.
Question: What does your friend think is behind the tree?
A. A dog
B. A cat
C. A ball
D. Nothing",D,D,Yes
llama,llama-3.2-1b-instruct,19,5,"Story: Olivia hides a cookie in a jar. Jack watches. Olivia leaves the room. Jack moves the cookie to a cupboard.
Question: Where is the cookie really?
A. Jar
B. Table
C. Plate
D. Cupboard",D,D,Yes
llama,llama-3.2-1b-instruct,19,6,"Story: A child hides a toy in a drawer. Another child asks where it is. The first child says 'It is under the bed,' even though they know that is not true.
Question: Why did the child say this?
A. Because they forgot
B. Because they believe it is under the bed
C. To confuse the other child
D. Because they dislike toys",C,A,No
llama,llama-3.2-1b-instruct,19,7,"Story: Mark puts his keys in his backpack. Later someone moves the keys to a desk while Mark is outside.
Question: Where will Mark look for the keys first?
A. Desk
B. Pocket
C. Drawer
D. Backpack",D,D,Yes
llama,llama-3.2-1b-instruct,19,8,"Story: Sara thinks her lost phone is gone forever. Then she finds it in her jacket pocket.
Question: How will Sara most likely feel when she finds it?
A. Angry
B. Confused
C. Relieved
D. Bored",C,C,Yes
llama,llama-3.2-1b-instruct,19,9,"Story: Tom places a book in a cabinet while Maya watches. Later Tom leaves the room and Maya moves the book to a drawer.
Question: Does Tom know the book was moved?
A. Yes
B. No",B,A,No
llama,llama-3.2-1b-instruct,19,10,"Story: Anna hides a ball in a basket. Ben watches. Anna leaves the room. Ben moves the ball to a box. Clara sees Ben move it.
Question: Where does Clara think Anna will look for the ball?
A. Box
B. Table
C. Basket
D. Shelf",C,C,Yes
llama,llama-3.2-1b-instruct,19,11,"Story: Liam moves his friend's chair slightly before they sit down as a joke.
Question: What was Liam's likely intention?
A. To help his friend
B. To clean the room
C. To move furniture permanently
D. To make his friend laugh",D,D,Yes
llama,llama-3.2-1b-instruct,19,12,"Story: Emma puts a pen in a drawer and then goes outside to talk on the phone. While she is gone, Noah moves the pen to a box.
Question: Where will Emma look for the pen first?
A. Box
B. Table
C. Drawer
D. Bag",C,C,Yes
llama,llama-3.2-1b-instruct,19,13,"Story: Jake thinks his friend ignored his message, but actually the friend never received it.
Question: How might Jake feel?
A. Happy
B. Relaxed
C. Hurt
D. Proud",C,C,Yes
llama,llama-3.2-1b-instruct,19,14,"Story: A toy is behind a couch. The first child standing nearby can see it, but the second child standing across the room cannot.
Question: What does the second child believe?
A. The toy is visible
B. The toy is missing
C. The toy is broken
D. The toy is behind the couch",B,B,Yes
llama,llama-3.2-1b-instruct,19,15,"Story: Ava hides a ring in a bag. Later someone moves the ring to a drawer while Ava is outside.
Question: Where does Ava think the ring is?
A. Drawer
B. Shelf
C. Table
D. Bag",D,A,No
llama,llama-3.2-1b-instruct,19,16,"Story: Daniel studies very hard for a test and believes he will do well.
Question: How does Daniel most likely feel before taking the test?
A. Angry
B. Bored
C. Nervous but hopeful
D. Confused",C,C,Yes
llama,llama-3.2-1b-instruct,19,17,"Story: A child tells their friend the candy is in the kitchen even though it is actually in their pocket.
Question: What is the child trying to do?
A. Share the candy
B. Lose the candy
C. Clean the kitchen
D. Hide the candy",D,D,Yes
llama,llama-3.2-1b-instruct,19,18,"Story: Mia hides a toy in a drawer while Liam is watching. Later Liam leaves the room and Mia moves the toy to a box.
Question: Who knows the toy is in the box?
A. Liam only
B. Both Mia and Liam
C. Mia only
D. Neither",C,A,No
llama,llama-3.2-1b-instruct,19,19,"Story: Noah puts a coin in a jar. Emma watches. Noah leaves. Emma moves the coin to a drawer. Liam sees Emma move it.
Question: Where does Liam think Noah will look for the coin?
A. Drawer
B. Table
C. Shelf
D. Jar",D,A,No
llama,llama-3.2-1b-instruct,19,20,"Story: Ella believes her favorite mug is broken. Later she discovers it is actually fine.
Question: How will Ella most likely feel when she finds out?
A. Angry
B. Bored
C. Confused
D. Relieved",D,D,Yes
llama,llama-3.2-1b-instruct,20,1,"Story: Sam puts his watch in a drawer and leaves the room. While he is gone, Alex moves the watch to a box.
Question: Where will Sam look for the watch first?
A. Box
B. Table
C. Drawer
D. Shelf",C,C,Yes
llama,llama-3.2-1b-instruct,20,2,"Story: Nina thinks her cat ran away, but the cat is actually sleeping under the bed.
Question: How does Nina most likely feel before she checks under the bed?
A. Relieved
B. Proud
C. Excited
D. Worried",D,D,Yes
llama,llama-3.2-1b-instruct,20,3,"Story: Leo hides a coin in a cup. Emma is watching. Later Leo leaves the room and Emma moves the coin to a drawer.
Question: Who knows the coin was moved?
A. Leo only
B. Both Leo and Emma
C. Neither of them
D. Emma only",D,C,No
llama,llama-3.2-1b-instruct,20,4,"Story: You can see a dog behind a tree. Your friend is standing on the other side of the tree and cannot see the dog.
Question: What does your friend think is behind the tree?
A. A dog
B. A cat
C. A ball
D. Nothing",D,D,Yes
llama,llama-3.2-1b-instruct,20,5,"Story: Olivia hides a cookie in a jar. Jack watches. Olivia leaves the room. Jack moves the cookie to a cupboard.
Question: Where is the cookie really?
A. Jar
B. Table
C. Plate
D. Cupboard",D,D,Yes
llama,llama-3.2-1b-instruct,20,6,"Story: A child hides a toy in a drawer. Another child asks where it is. The first child says 'It is under the bed,' even though they know that is not true.
Question: Why did the child say this?
A. Because they forgot
B. Because they believe it is under the bed
C. To confuse the other child
D. Because they dislike toys",C,B,No
llama,llama-3.2-1b-instruct,20,7,"Story: Mark puts his keys in his backpack. Later someone moves the keys to a desk while Mark is outside.
Question: Where will Mark look for the keys first?
A. Desk
B. Pocket
C. Drawer
D. Backpack",D,D,Yes
llama,llama-3.2-1b-instruct,20,8,"Story: Sara thinks her lost phone is gone forever. Then she finds it in her jacket pocket.
Question: How will Sara most likely feel when she finds it?
A. Angry
B. Confused
C. Relieved
D. Bored",C,C,Yes
llama,llama-3.2-1b-instruct,20,9,"Story: Tom places a book in a cabinet while Maya watches. Later Tom leaves the room and Maya moves the book to a drawer.
Question: Does Tom know the book was moved?
A. Yes
B. No",B,A,No
llama,llama-3.2-1b-instruct,20,10,"Story: Anna hides a ball in a basket. Ben watches. Anna leaves the room. Ben moves the ball to a box. Clara sees Ben move it.
Question: Where does Clara think Anna will look for the ball?
A. Box
B. Table
C. Basket
D. Shelf",C,D,No
llama,llama-3.2-1b-instruct,20,11,"Story: Liam moves his friend's chair slightly before they sit down as a joke.
Question: What was Liam's likely intention?
A. To help his friend
B. To clean the room
C. To move furniture permanently
D. To make his friend laugh",D,D,Yes
llama,llama-3.2-1b-instruct,20,12,"Story: Emma puts a pen in a drawer and then goes outside to talk on the phone. While she is gone, Noah moves the pen to a box.
Question: Where will Emma look for the pen first?
A. Box
B. Table
C. Drawer
D. Bag",C,C,Yes
llama,llama-3.2-1b-instruct,20,13,"Story: Jake thinks his friend ignored his message, but actually the friend never received it.
Question: How might Jake feel?
A. Happy
B. Relaxed
C. Hurt
D. Proud",C,C,Yes
llama,llama-3.2-1b-instruct,20,14,"Story: A toy is behind a couch. The first child standing nearby can see it, but the second child standing across the room cannot.
Question: What does the second child believe?
A. The toy is visible
B. The toy is missing
C. The toy is broken
D. The toy is behind the couch",B,B,Yes
llama,llama-3.2-1b-instruct,20,15,"Story: Ava hides a ring in a bag. Later someone moves the ring to a drawer while Ava is outside.
Question: Where does Ava think the ring is?
A. Drawer
B. Shelf
C. Table
D. Bag",D,D,Yes
llama,llama-3.2-1b-instruct,20,16,"Story: Daniel studies very hard for a test and believes he will do well.
Question: How does Daniel most likely feel before taking the test?
A. Angry
B. Bored
C. Nervous but hopeful
D. Confused",C,C,Yes
llama,llama-3.2-1b-instruct,20,17,"Story: A child tells their friend the candy is in the kitchen even though it is actually in their pocket.
Question: What is the child trying to do?
A. Share the candy
B. Lose the candy
C. Clean the kitchen
D. Hide the candy",D,D,Yes
llama,llama-3.2-1b-instruct,20,18,"Story: Mia hides a toy in a drawer while Liam is watching. Later Liam leaves the room and Mia moves the toy to a box.
Question: Who knows the toy is in the box?
A. Liam only
B. Both Mia and Liam
C. Mia only
D. Neither",C,A,No
llama,llama-3.2-1b-instruct,20,19,"Story: Noah puts a coin in a jar. Emma watches. Noah leaves. Emma moves the coin to a drawer. Liam sees Emma move it.
Question: Where does Liam think Noah will look for the coin?
A. Drawer
B. Table
C. Shelf
D. Jar",D,B,No
llama,llama-3.2-1b-instruct,20,20,"Story: Ella believes her favorite mug is broken. Later she discovers it is actually fine.
Question: How will Ella most likely feel when she finds out?
A. Angry
B. Bored
C. Confused
D. Relieved",D,D,Yes
llama,llama-3.2-3b-instruct,1,1,"Story: Sam puts his watch in a drawer and leaves the room. While he is gone, Alex moves the watch to a box.
Question: Where will Sam look for the watch first?
A. Box
B. Table
C. Drawer
D. Shelf",C,C,Yes
llama,llama-3.2-3b-instruct,1,2,"Story: Nina thinks her cat ran away, but the cat is actually sleeping under the bed.
Question: How does Nina most likely feel before she checks under the bed?
A. Relieved
B. Proud
C. Excited
D. Worried",D,D,Yes
llama,llama-3.2-3b-instruct,1,3,"Story: Leo hides a coin in a cup. Emma is watching. Later Leo leaves the room and Emma moves the coin to a drawer.
Question: Who knows the coin was moved?
A. Leo only
B. Both Leo and Emma
C. Neither of them
D. Emma only",D,D,Yes
llama,llama-3.2-3b-instruct,1,4,"Story: You can see a dog behind a tree. Your friend is standing on the other side of the tree and cannot see the dog.
Question: What does your friend think is behind the tree?
A. A dog
B. A cat
C. A ball
D. Nothing",D,A,No
llama,llama-3.2-3b-instruct,1,5,"Story: Olivia hides a cookie in a jar. Jack watches. Olivia leaves the room. Jack moves the cookie to a cupboard.
Question: Where is the cookie really?
A. Jar
B. Table
C. Plate
D. Cupboard",D,D,Yes
llama,llama-3.2-3b-instruct,1,6,"Story: A child hides a toy in a drawer. Another child asks where it is. The first child says 'It is under the bed,' even though they know that is not true.
Question: Why did the child say this?
A. Because they forgot
B. Because they believe it is under the bed
C. To confuse the other child
D. Because they dislike toys",C,C,Yes
llama,llama-3.2-3b-instruct,1,7,"Story: Mark puts his keys in his backpack. Later someone moves the keys to a desk while Mark is outside.
Question: Where will Mark look for the keys first?
A. Desk
B. Pocket
C. Drawer
D. Backpack",D,A,No
llama,llama-3.2-3b-instruct,1,8,"Story: Sara thinks her lost phone is gone forever. Then she finds it in her jacket pocket.
Question: How will Sara most likely feel when she finds it?
A. Angry
B. Confused
C. Relieved
D. Bored",C,C,Yes
llama,llama-3.2-3b-instruct,1,9,"Story: Tom places a book in a cabinet while Maya watches. Later Tom leaves the room and Maya moves the book to a drawer.
Question: Does Tom know the book was moved?
A. Yes
B. No",B,B,Yes
llama,llama-3.2-3b-instruct,1,10,"Story: Anna hides a ball in a basket. Ben watches. Anna leaves the room. Ben moves the ball to a box. Clara sees Ben move it.
Question: Where does Clara think Anna will look for the ball?
A. Box
B. Table
C. Basket
D. Shelf",C,C,Yes
llama,llama-3.2-3b-instruct,1,11,"Story: Liam moves his friend's chair slightly before they sit down as a joke.
Question: What was Liam's likely intention?
A. To help his friend
B. To clean the room
C. To move furniture permanently
D. To make his friend laugh",D,D,Yes
llama,llama-3.2-3b-instruct,1,12,"Story: Emma puts a pen in a drawer and then goes outside to talk on the phone. While she is gone, Noah moves the pen to a box.
Question: Where will Emma look for the pen first?
A. Box
B. Table
C. Drawer
D. Bag",C,C,Yes
llama,llama-3.2-3b-instruct,1,13,"Story: Jake thinks his friend ignored his message, but actually the friend never received it.
Question: How might Jake feel?
A. Happy
B. Relaxed
C. Hurt
D. Proud",C,C,Yes
llama,llama-3.2-3b-instruct,1,14,"Story: A toy is behind a couch. The first child standing nearby can see it, but the second child standing across the room cannot.
Question: What does the second child believe?
A. The toy is visible
B. The toy is missing
C. The toy is broken
D. The toy is behind the couch",B,A,No
llama,llama-3.2-3b-instruct,1,15,"Story: Ava hides a ring in a bag. Later someone moves the ring to a drawer while Ava is outside.
Question: Where does Ava think the ring is?
A. Drawer
B. Shelf
C. Table
D. Bag",D,A,No
llama,llama-3.2-3b-instruct,1,16,"Story: Daniel studies very hard for a test and believes he will do well.
Question: How does Daniel most likely feel before taking the test?
A. Angry
B. Bored
C. Nervous but hopeful
D. Confused",C,C,Yes
llama,llama-3.2-3b-instruct,1,17,"Story: A child tells their friend the candy is in the kitchen even though it is actually in their pocket.
Question: What is the child trying to do?
A. Share the candy
B. Lose the candy
C. Clean the kitchen
D. Hide the candy",D,A,No
llama,llama-3.2-3b-instruct,1,18,"Story: Mia hides a toy in a drawer while Liam is watching. Later Liam leaves the room and Mia moves the toy to a box.
Question: Who knows the toy is in the box?
A. Liam only
B. Both Mia and Liam
C. Mia only
D. Neither",C,C,Yes
llama,llama-3.2-3b-instruct,1,19,"Story: Noah puts a coin in a jar. Emma watches. Noah leaves. Emma moves the coin to a drawer. Liam sees Emma move it.
Question: Where does Liam think Noah will look for the coin?
A. Drawer
B. Table
C. Shelf
D. Jar",D,D,Yes
llama,llama-3.2-3b-instruct,1,20,"Story: Ella believes her favorite mug is broken. Later she discovers it is actually fine.
Question: How will Ella most likely feel when she finds out?
A. Angry
B. Bored
C. Confused
D. Relieved",D,D,Yes
llama,llama-3.2-3b-instruct,2,1,"Story: Sam puts his watch in a drawer and leaves the room. While he is gone, Alex moves the watch to a box.
Question: Where will Sam look for the watch first?
A. Box
B. Table
C. Drawer
D. Shelf",C,C,Yes
llama,llama-3.2-3b-instruct,2,2,"Story: Nina thinks her cat ran away, but the cat is actually sleeping under the bed.
Question: How does Nina most likely feel before she checks under the bed?
A. Relieved
B. Proud
C. Excited
D. Worried",D,D,Yes
llama,llama-3.2-3b-instruct,2,3,"Story: Leo hides a coin in a cup. Emma is watching. Later Leo leaves the room and Emma moves the coin to a drawer.
Question: Who knows the coin was moved?
A. Leo only
B. Both Leo and Emma
C. Neither of them
D. Emma only",D,D,Yes
llama,llama-3.2-3b-instruct,2,4,"Story: You can see a dog behind a tree. Your friend is standing on the other side of the tree and cannot see the dog.
Question: What does your friend think is behind the tree?
A. A dog
B. A cat
C. A ball
D. Nothing",D,A,No
llama,llama-3.2-3b-instruct,2,5,"Story: Olivia hides a cookie in a jar. Jack watches. Olivia leaves the room. Jack moves the cookie to a cupboard.
Question: Where is the cookie really?
A. Jar
B. Table
C. Plate
D. Cupboard",D,D,Yes
llama,llama-3.2-3b-instruct,2,6,"Story: A child hides a toy in a drawer. Another child asks where it is. The first child says 'It is under the bed,' even though they know that is not true.
Question: Why did the child say this?
A. Because they forgot
B. Because they believe it is under the bed
C. To confuse the other child
D. Because they dislike toys",C,C,Yes
llama,llama-3.2-3b-instruct,2,7,"Story: Mark puts his keys in his backpack. Later someone moves the keys to a desk while Mark is outside.
Question: Where will Mark look for the keys first?
A. Desk
B. Pocket
C. Drawer
D. Backpack",D,D,Yes
llama,llama-3.2-3b-instruct,2,8,"Story: Sara thinks her lost phone is gone forever. Then she finds it in her jacket pocket.
Question: How will Sara most likely feel when she finds it?
A. Angry
B. Confused
C. Relieved
D. Bored",C,C,Yes
llama,llama-3.2-3b-instruct,2,9,"Story: Tom places a book in a cabinet while Maya watches. Later Tom leaves the room and Maya moves the book to a drawer.
Question: Does Tom know the book was moved?
A. Yes
B. No",B,B,Yes
llama,llama-3.2-3b-instruct,2,10,"Story: Anna hides a ball in a basket. Ben watches. Anna leaves the room. Ben moves the ball to a box. Clara sees Ben move it.
Question: Where does Clara think Anna will look for the ball?
A. Box
B. Table
C. Basket
D. Shelf",C,C,Yes
llama,llama-3.2-3b-instruct,2,11,"Story: Liam moves his friend's chair slightly before they sit down as a joke.
Question: What was Liam's likely intention?
A. To help his friend
B. To clean the room
C. To move furniture permanently
D. To make his friend laugh",D,D,Yes
llama,llama-3.2-3b-instruct,2,12,"Story: Emma puts a pen in a drawer and then goes outside to talk on the phone. While she is gone, Noah moves the pen to a box.
Question: Where will Emma look for the pen first?
A. Box
B. Table
C. Drawer
D. Bag",C,C,Yes
llama,llama-3.2-3b-instruct,2,13,"Story: Jake thinks his friend ignored his message, but actually the friend never received it.
Question: How might Jake feel?
A. Happy
B. Relaxed
C. Hurt
D. Proud",C,C,Yes
llama,llama-3.2-3b-instruct,2,14,"Story: A toy is behind a couch. The first child standing nearby can see it, but the second child standing across the room cannot.
Question: What does the second child believe?
A. The toy is visible
B. The toy is missing
C. The toy is broken
D. The toy is behind the couch",B,B,Yes
llama,llama-3.2-3b-instruct,2,15,"Story: Ava hides a ring in a bag. Later someone moves the ring to a drawer while Ava is outside.
Question: Where does Ava think the ring is?
A. Drawer
B. Shelf
C. Table
D. Bag",D,D,Yes
llama,llama-3.2-3b-instruct,2,16,"Story: Daniel studies very hard for a test and believes he will do well.
Question: How does Daniel most likely feel before taking the test?
A. Angry
B. Bored
C. Nervous but hopeful
D. Confused",C,C,Yes
llama,llama-3.2-3b-instruct,2,17,"Story: A child tells their friend the candy is in the kitchen even though it is actually in their pocket.
Question: What is the child trying to do?
A. Share the candy
B. Lose the candy
C. Clean the kitchen
D. Hide the candy",D,D,Yes
llama,llama-3.2-3b-instruct,2,18,"Story: Mia hides a toy in a drawer while Liam is watching. Later Liam leaves the room and Mia moves the toy to a box.
Question: Who knows the toy is in the box?
A. Liam only
B. Both Mia and Liam
C. Mia only
D. Neither",C,C,Yes
llama,llama-3.2-3b-instruct,2,19,"Story: Noah puts a coin in a jar. Emma watches. Noah leaves. Emma moves the coin to a drawer. Liam sees Emma move it.
Question: Where does Liam think Noah will look for the coin?
A. Drawer
B. Table
C. Shelf
D. Jar",D,D,Yes
llama,llama-3.2-3b-instruct,2,20,"Story: Ella believes her favorite mug is broken. Later she discovers it is actually fine.
Question: How will Ella most likely feel when she finds out?
A. Angry
B. Bored
C. Confused
D. Relieved",D,D,Yes
llama,llama-3.2-3b-instruct,3,1,"Story: Sam puts his watch in a drawer and leaves the room. While he is gone, Alex moves the watch to a box.
Question: Where will Sam look for the watch first?
A. Box
B. Table
C. Drawer
D. Shelf",C,C,Yes
llama,llama-3.2-3b-instruct,3,2,"Story: Nina thinks her cat ran away, but the cat is actually sleeping under the bed.
Question: How does Nina most likely feel before she checks under the bed?
A. Relieved
B. Proud
C. Excited
D. Worried",D,D,Yes
llama,llama-3.2-3b-instruct,3,3,"Story: Leo hides a coin in a cup. Emma is watching. Later Leo leaves the room and Emma moves the coin to a drawer.
Question: Who knows the coin was moved?
A. Leo only
B. Both Leo and Emma
C. Neither of them
D. Emma only",D,B,No
llama,llama-3.2-3b-instruct,3,4,"Story: You can see a dog behind a tree. Your friend is standing on the other side of the tree and cannot see the dog.
Question: What does your friend think is behind the tree?
A. A dog
B. A cat
C. A ball
D. Nothing",D,A,No
llama,llama-3.2-3b-instruct,3,5,"Story: Olivia hides a cookie in a jar. Jack watches. Olivia leaves the room. Jack moves the cookie to a cupboard.
Question: Where is the cookie really?
A. Jar
B. Table
C. Plate
D. Cupboard",D,D,Yes
llama,llama-3.2-3b-instruct,3,6,"Story: A child hides a toy in a drawer. Another child asks where it is. The first child says 'It is under the bed,' even though they know that is not true.
Question: Why did the child say this?
A. Because they forgot
B. Because they believe it is under the bed
C. To confuse the other child
D. Because they dislike toys",C,C,Yes
llama,llama-3.2-3b-instruct,3,7,"Story: Mark puts his keys in his backpack. Later someone moves the keys to a desk while Mark is outside.
Question: Where will Mark look for the keys first?
A. Desk
B. Pocket
C. Drawer
D. Backpack",D,A,No
llama,llama-3.2-3b-instruct,3,8,"Story: Sara thinks her lost phone is gone forever. Then she finds it in her jacket pocket.
Question: How will Sara most likely feel when she finds it?
A. Angry
B. Confused
C. Relieved
D. Bored",C,C,Yes
llama,llama-3.2-3b-instruct,3,9,"Story: Tom places a book in a cabinet while Maya watches. Later Tom leaves the room and Maya moves the book to a drawer.
Question: Does Tom know the book was moved?
A. Yes
B. No",B,B,Yes
llama,llama-3.2-3b-instruct,3,10,"Story: Anna hides a ball in a basket. Ben watches. Anna leaves the room. Ben moves the ball to a box. Clara sees Ben move it.
Question: Where does Clara think Anna will look for the ball?
A. Box
B. Table
C. Basket
D. Shelf",C,C,Yes
llama,llama-3.2-3b-instruct,3,11,"Story: Liam moves his friend's chair slightly before they sit down as a joke.
Question: What was Liam's likely intention?
A. To help his friend
B. To clean the room
C. To move furniture permanently
D. To make his friend laugh",D,D,Yes
llama,llama-3.2-3b-instruct,3,12,"Story: Emma puts a pen in a drawer and then goes outside to talk on the phone. While she is gone, Noah moves the pen to a box.
Question: Where will Emma look for the pen first?
A. Box
B. Table
C. Drawer
D. Bag",C,A,No
llama,llama-3.2-3b-instruct,3,13,"Story: Jake thinks his friend ignored his message, but actually the friend never received it.
Question: How might Jake feel?
A. Happy
B. Relaxed
C. Hurt
D. Proud",C,C,Yes
llama,llama-3.2-3b-instruct,3,14,"Story: A toy is behind a couch. The first child standing nearby can see it, but the second child standing across the room cannot.
Question: What does the second child believe?
A. The toy is visible
B. The toy is missing
C. The toy is broken
D. The toy is behind the couch",B,D,No
llama,llama-3.2-3b-instruct,3,15,"Story: Ava hides a ring in a bag. Later someone moves the ring to a drawer while Ava is outside.
Question: Where does Ava think the ring is?
A. Drawer
B. Shelf
C. Table
D. Bag",D,A,No
llama,llama-3.2-3b-instruct,3,16,"Story: Daniel studies very hard for a test and believes he will do well.
Question: How does Daniel most likely feel before taking the test?
A. Angry
B. Bored
C. Nervous but hopeful
D. Confused",C,C,Yes
llama,llama-3.2-3b-instruct,3,17,"Story: A child tells their friend the candy is in the kitchen even though it is actually in their pocket.
Question: What is the child trying to do?
A. Share the candy
B. Lose the candy
C. Clean the kitchen
D. Hide the candy",D,A,No
llama,llama-3.2-3b-instruct,3,18,"Story: Mia hides a toy in a drawer while Liam is watching. Later Liam leaves the room and Mia moves the toy to a box.
Question: Who knows the toy is in the box?
A. Liam only
B. Both Mia and Liam
C. Mia only
D. Neither",C,C,Yes
llama,llama-3.2-3b-instruct,3,19,"Story: Noah puts a coin in a jar. Emma watches. Noah leaves. Emma moves the coin to a drawer. Liam sees Emma move it.
Question: Where does Liam think Noah will look for the coin?
A. Drawer
B. Table
C. Shelf
D. Jar",D,D,Yes
llama,llama-3.2-3b-instruct,3,20,"Story: Ella believes her favorite mug is broken. Later she discovers it is actually fine.
Question: How will Ella most likely feel when she finds out?
A. Angry
B. Bored
C. Confused
D. Relieved",D,D,Yes
llama,llama-3.2-3b-instruct,4,1,"Story: Sam puts his watch in a drawer and leaves the room. While he is gone, Alex moves the watch to a box.
Question: Where will Sam look for the watch first?
A. Box
B. Table
C. Drawer
D. Shelf",C,A,No
llama,llama-3.2-3b-instruct,4,2,"Story: Nina thinks her cat ran away, but the cat is actually sleeping under the bed.
Question: How does Nina most likely feel before she checks under the bed?
A. Relieved
B. Proud
C. Excited
D. Worried",D,D,Yes
llama,llama-3.2-3b-instruct,4,3,"Story: Leo hides a coin in a cup. Emma is watching. Later Leo leaves the room and Emma moves the coin to a drawer.
Question: Who knows the coin was moved?
A. Leo only
B. Both Leo and Emma
C. Neither of them
D. Emma only",D,B,No
llama,llama-3.2-3b-instruct,4,4,"Story: You can see a dog behind a tree. Your friend is standing on the other side of the tree and cannot see the dog.
Question: What does your friend think is behind the tree?
A. A dog
B. A cat
C. A ball
D. Nothing",D,A,No
llama,llama-3.2-3b-instruct,4,5,"Story: Olivia hides a cookie in a jar. Jack watches. Olivia leaves the room. Jack moves the cookie to a cupboard.
Question: Where is the cookie really?
A. Jar
B. Table
C. Plate
D. Cupboard",D,B,No
llama,llama-3.2-3b-instruct,4,6,"Story: A child hides a toy in a drawer. Another child asks where it is. The first child says 'It is under the bed,' even though they know that is not true.
Question: Why did the child say this?
A. Because they forgot
B. Because they believe it is under the bed
C. To confuse the other child
D. Because they dislike toys",C,C,Yes
llama,llama-3.2-3b-instruct,4,7,"Story: Mark puts his keys in his backpack. Later someone moves the keys to a desk while Mark is outside.
Question: Where will Mark look for the keys first?
A. Desk
B. Pocket
C. Drawer
D. Backpack",D,A,No
llama,llama-3.2-3b-instruct,4,8,"Story: Sara thinks her lost phone is gone forever. Then she finds it in her jacket pocket.
Question: How will Sara most likely feel when she finds it?
A. Angry
B. Confused
C. Relieved
D. Bored",C,C,Yes
llama,llama-3.2-3b-instruct,4,9,"Story: Tom places a book in a cabinet while Maya watches. Later Tom leaves the room and Maya moves the book to a drawer.
Question: Does Tom know the book was moved?
A. Yes
B. No",B,B,Yes
llama,llama-3.2-3b-instruct,4,10,"Story: Anna hides a ball in a basket. Ben watches. Anna leaves the room. Ben moves the ball to a box. Clara sees Ben move it.
Question: Where does Clara think Anna will look for the ball?
A. Box
B. Table
C. Basket
D. Shelf",C,C,Yes
llama,llama-3.2-3b-instruct,4,11,"Story: Liam moves his friend's chair slightly before they sit down as a joke.
Question: What was Liam's likely intention?
A. To help his friend
B. To clean the room
C. To move furniture permanently
D. To make his friend laugh",D,D,Yes
llama,llama-3.2-3b-instruct,4,12,"Story: Emma puts a pen in a drawer and then goes outside to talk on the phone. While she is gone, Noah moves the pen to a box.
Question: Where will Emma look for the pen first?
A. Box
B. Table
C. Drawer
D. Bag",C,C,Yes
llama,llama-3.2-3b-instruct,4,13,"Story: Jake thinks his friend ignored his message, but actually the friend never received it.
Question: How might Jake feel?
A. Happy
B. Relaxed
C. Hurt
D. Proud",C,C,Yes
llama,llama-3.2-3b-instruct,4,14,"Story: A toy is behind a couch. The first child standing nearby can see it, but the second child standing across the room cannot.
Question: What does the second child believe?
A. The toy is visible
B. The toy is missing
C. The toy is broken
D. The toy is behind the couch",B,B,Yes
llama,llama-3.2-3b-instruct,4,15,"Story: Ava hides a ring in a bag. Later someone moves the ring to a drawer while Ava is outside.
Question: Where does Ava think the ring is?
A. Drawer
B. Shelf
C. Table
D. Bag",D,A,No
llama,llama-3.2-3b-instruct,4,16,"Story: Daniel studies very hard for a test and believes he will do well.
Question: How does Daniel most likely feel before taking the test?
A. Angry
B. Bored
C. Nervous but hopeful
D. Confused",C,C,Yes
llama,llama-3.2-3b-instruct,4,17,"Story: A child tells their friend the candy is in the kitchen even though it is actually in their pocket.
Question: What is the child trying to do?
A. Share the candy
B. Lose the candy
C. Clean the kitchen
D. Hide the candy",D,A,No
llama,llama-3.2-3b-instruct,4,18,"Story: Mia hides a toy in a drawer while Liam is watching. Later Liam leaves the room and Mia moves the toy to a box.
Question: Who knows the toy is in the box?
A. Liam only
B. Both Mia and Liam
C. Mia only
D. Neither",C,C,Yes
llama,llama-3.2-3b-instruct,4,19,"Story: Noah puts a coin in a jar. Emma watches. Noah leaves. Emma moves the coin to a drawer. Liam sees Emma move it.
Question: Where does Liam think Noah will look for the coin?
A. Drawer
B. Table
C. Shelf
D. Jar",D,A,No
llama,llama-3.2-3b-instruct,4,20,"Story: Ella believes her favorite mug is broken. Later she discovers it is actually fine.
Question: How will Ella most likely feel when she finds out?
A. Angry
B. Bored
C. Confused
D. Relieved",D,D,Yes
llama,llama-3.2-3b-instruct,5,1,"Story: Sam puts his watch in a drawer and leaves the room. While he is gone, Alex moves the watch to a box.
Question: Where will Sam look for the watch first?
A. Box
B. Table
C. Drawer
D. Shelf",C,C,Yes
llama,llama-3.2-3b-instruct,5,2,"Story: Nina thinks her cat ran away, but the cat is actually sleeping under the bed.
Question: How does Nina most likely feel before she checks under the bed?
A. Relieved
B. Proud
C. Excited
D. Worried",D,D,Yes
llama,llama-3.2-3b-instruct,5,3,"Story: Leo hides a coin in a cup. Emma is watching. Later Leo leaves the room and Emma moves the coin to a drawer.
Question: Who knows the coin was moved?
A. Leo only
B. Both Leo and Emma
C. Neither of them
D. Emma only",D,B,No
llama,llama-3.2-3b-instruct,5,4,"Story: You can see a dog behind a tree. Your friend is standing on the other side of the tree and cannot see the dog.
Question: What does your friend think is behind the tree?
A. A dog
B. A cat
C. A ball
D. Nothing",D,D,Yes
llama,llama-3.2-3b-instruct,5,5,"Story: Olivia hides a cookie in a jar. Jack watches. Olivia leaves the room. Jack moves the cookie to a cupboard.
Question: Where is the cookie really?
A. Jar
B. Table
C. Plate
D. Cupboard",D,A,No
llama,llama-3.2-3b-instruct,5,6,"Story: A child hides a toy in a drawer. Another child asks where it is. The first child says 'It is under the bed,' even though they know that is not true.
Question: Why did the child say this?
A. Because they forgot
B. Because they believe it is under the bed
C. To confuse the other child
D. Because they dislike toys",C,C,Yes
llama,llama-3.2-3b-instruct,5,7,"Story: Mark puts his keys in his backpack. Later someone moves the keys to a desk while Mark is outside.
Question: Where will Mark look for the keys first?
A. Desk
B. Pocket
C. Drawer
D. Backpack",D,B,No
llama,llama-3.2-3b-instruct,5,8,"Story: Sara thinks her lost phone is gone forever. Then she finds it in her jacket pocket.
Question: How will Sara most likely feel when she finds it?
A. Angry
B. Confused
C. Relieved
D. Bored",C,C,Yes
llama,llama-3.2-3b-instruct,5,9,"Story: Tom places a book in a cabinet while Maya watches. Later Tom leaves the room and Maya moves the book to a drawer.
Question: Does Tom know the book was moved?
A. Yes
B. No",B,B,Yes
llama,llama-3.2-3b-instruct,5,10,"Story: Anna hides a ball in a basket. Ben watches. Anna leaves the room. Ben moves the ball to a box. Clara sees Ben move it.
Question: Where does Clara think Anna will look for the ball?
A. Box
B. Table
C. Basket
D. Shelf",C,C,Yes
llama,llama-3.2-3b-instruct,5,11,"Story: Liam moves his friend's chair slightly before they sit down as a joke.
Question: What was Liam's likely intention?
A. To help his friend
B. To clean the room
C. To move furniture permanently
D. To make his friend laugh",D,D,Yes
llama,llama-3.2-3b-instruct,5,12,"Story: Emma puts a pen in a drawer and then goes outside to talk on the phone. While she is gone, Noah moves the pen to a box.
Question: Where will Emma look for the pen first?
A. Box
B. Table
C. Drawer
D. Bag",C,C,Yes
llama,llama-3.2-3b-instruct,5,13,"Story: Jake thinks his friend ignored his message, but actually the friend never received it.
Question: How might Jake feel?
A. Happy
B. Relaxed
C. Hurt
D. Proud",C,C,Yes
llama,llama-3.2-3b-instruct,5,14,"Story: A toy is behind a couch. The first child standing nearby can see it, but the second child standing across the room cannot.
Question: What does the second child believe?
A. The toy is visible
B. The toy is missing
C. The toy is broken
D. The toy is behind the couch",B,D,No
llama,llama-3.2-3b-instruct,5,15,"Story: Ava hides a ring in a bag. Later someone moves the ring to a drawer while Ava is outside.
Question: Where does Ava think the ring is?
A. Drawer
B. Shelf
C. Table
D. Bag",D,A,No
llama,llama-3.2-3b-instruct,5,16,"Story: Daniel studies very hard for a test and believes he will do well.
Question: How does Daniel most likely feel before taking the test?
A. Angry
B. Bored
C. Nervous but hopeful
D. Confused",C,C,Yes
llama,llama-3.2-3b-instruct,5,17,"Story: A child tells their friend the candy is in the kitchen even though it is actually in their pocket.
Question: What is the child trying to do?
A. Share the candy
B. Lose the candy
C. Clean the kitchen
D. Hide the candy",D,A,No
llama,llama-3.2-3b-instruct,5,18,"Story: Mia hides a toy in a drawer while Liam is watching. Later Liam leaves the room and Mia moves the toy to a box.
Question: Who knows the toy is in the box?
A. Liam only
B. Both Mia and Liam
C. Mia only
D. Neither",C,C,Yes
llama,llama-3.2-3b-instruct,5,19,"Story: Noah puts a coin in a jar. Emma watches. Noah leaves. Emma moves the coin to a drawer. Liam sees Emma move it.
Question: Where does Liam think Noah will look for the coin?
A. Drawer
B. Table
C. Shelf
D. Jar",D,D,Yes
llama,llama-3.2-3b-instruct,5,20,"Story: Ella believes her favorite mug is broken. Later she discovers it is actually fine.
Question: How will Ella most likely feel when she finds out?
A. Angry
B. Bored
C. Confused
D. Relieved",D,D,Yes
llama,llama-3.2-3b-instruct,6,1,"Story: Sam puts his watch in a drawer and leaves the room. While he is gone, Alex moves the watch to a box.
Question: Where will Sam look for the watch first?
A. Box
B. Table
C. Drawer
D. Shelf",C,C,Yes
llama,llama-3.2-3b-instruct,6,2,"Story: Nina thinks her cat ran away, but the cat is actually sleeping under the bed.
Question: How does Nina most likely feel before she checks under the bed?
A. Relieved
B. Proud
C. Excited
D. Worried",D,D,Yes
llama,llama-3.2-3b-instruct,6,3,"Story: Leo hides a coin in a cup. Emma is watching. Later Leo leaves the room and Emma moves the coin to a drawer.
Question: Who knows the coin was moved?
A. Leo only
B. Both Leo and Emma
C. Neither of them
D. Emma only",D,D,Yes
llama,llama-3.2-3b-instruct,6,4,"Story: You can see a dog behind a tree. Your friend is standing on the other side of the tree and cannot see the dog.
Question: What does your friend think is behind the tree?
A. A dog
B. A cat
C. A ball
D. Nothing",D,A,No
llama,llama-3.2-3b-instruct,6,5,"Story: Olivia hides a cookie in a jar. Jack watches. Olivia leaves the room. Jack moves the cookie to a cupboard.
Question: Where is the cookie really?
A. Jar
B. Table
C. Plate
D. Cupboard",D,C,No
llama,llama-3.2-3b-instruct,6,6,"Story: A child hides a toy in a drawer. Another child asks where it is. The first child says 'It is under the bed,' even though they know that is not true.
Question: Why did the child say this?
A. Because they forgot
B. Because they believe it is under the bed
C. To confuse the other child
D. Because they dislike toys",C,C,Yes
llama,llama-3.2-3b-instruct,6,7,"Story: Mark puts his keys in his backpack. Later someone moves the keys to a desk while Mark is outside.
Question: Where will Mark look for the keys first?
A. Desk
B. Pocket
C. Drawer
D. Backpack",D,A,No
llama,llama-3.2-3b-instruct,6,8,"Story: Sara thinks her lost phone is gone forever. Then she finds it in her jacket pocket.
Question: How will Sara most likely feel when she finds it?
A. Angry
B. Confused
C. Relieved
D. Bored",C,C,Yes
llama,llama-3.2-3b-instruct,6,9,"Story: Tom places a book in a cabinet while Maya watches. Later Tom leaves the room and Maya moves the book to a drawer.
Question: Does Tom know the book was moved?
A. Yes
B. No",B,B,Yes
llama,llama-3.2-3b-instruct,6,10,"Story: Anna hides a ball in a basket. Ben watches. Anna leaves the room. Ben moves the ball to a box. Clara sees Ben move it.
Question: Where does Clara think Anna will look for the ball?
A. Box
B. Table
C. Basket
D. Shelf",C,C,Yes
llama,llama-3.2-3b-instruct,6,11,"Story: Liam moves his friend's chair slightly before they sit down as a joke.
Question: What was Liam's likely intention?
A. To help his friend
B. To clean the room
C. To move furniture permanently
D. To make his friend laugh",D,D,Yes
llama,llama-3.2-3b-instruct,6,12,"Story: Emma puts a pen in a drawer and then goes outside to talk on the phone. While she is gone, Noah moves the pen to a box.
Question: Where will Emma look for the pen first?
A. Box
B. Table
C. Drawer
D. Bag",C,C,Yes
llama,llama-3.2-3b-instruct,6,13,"Story: Jake thinks his friend ignored his message, but actually the friend never received it.
Question: How might Jake feel?
A. Happy
B. Relaxed
C. Hurt
D. Proud",C,C,Yes
llama,llama-3.2-3b-instruct,6,14,"Story: A toy is behind a couch. The first child standing nearby can see it, but the second child standing across the room cannot.
Question: What does the second child believe?
A. The toy is visible
B. The toy is missing
C. The toy is broken
D. The toy is behind the couch",B,B,Yes
llama,llama-3.2-3b-instruct,6,15,"Story: Ava hides a ring in a bag. Later someone moves the ring to a drawer while Ava is outside.
Question: Where does Ava think the ring is?
A. Drawer
B. Shelf
C. Table
D. Bag",D,A,No
llama,llama-3.2-3b-instruct,6,16,"Story: Daniel studies very hard for a test and believes he will do well.
Question: How does Daniel most likely feel before taking the test?
A. Angry
B. Bored
C. Nervous but hopeful
D. Confused",C,C,Yes
llama,llama-3.2-3b-instruct,6,17,"Story: A child tells their friend the candy is in the kitchen even though it is actually in their pocket.
Question: What is the child trying to do?
A. Share the candy
B. Lose the candy
C. Clean the kitchen
D. Hide the candy",D,D,Yes
llama,llama-3.2-3b-instruct,6,18,"Story: Mia hides a toy in a drawer while Liam is watching. Later Liam leaves the room and Mia moves the toy to a box.
Question: Who knows the toy is in the box?
A. Liam only
B. Both Mia and Liam
C. Mia only
D. Neither",C,C,Yes
llama,llama-3.2-3b-instruct,6,19,"Story: Noah puts a coin in a jar. Emma watches. Noah leaves. Emma moves the coin to a drawer. Liam sees Emma move it.
Question: Where does Liam think Noah will look for the coin?
A. Drawer
B. Table
C. Shelf
D. Jar",D,D,Yes
llama,llama-3.2-3b-instruct,6,20,"Story: Ella believes her favorite mug is broken. Later she discovers it is actually fine.
Question: How will Ella most likely feel when she finds out?
A. Angry
B. Bored
C. Confused
D. Relieved",D,D,Yes
llama,llama-3.2-3b-instruct,7,1,"Story: Sam puts his watch in a drawer and leaves the room. While he is gone, Alex moves the watch to a box.
Question: Where will Sam look for the watch first?
A. Box
B. Table
C. Drawer
D. Shelf",C,C,Yes
llama,llama-3.2-3b-instruct,7,2,"Story: Nina thinks her cat ran away, but the cat is actually sleeping under the bed.
Question: How does Nina most likely feel before she checks under the bed?
A. Relieved
B. Proud
C. Excited
D. Worried",D,D,Yes
llama,llama-3.2-3b-instruct,7,3,"Story: Leo hides a coin in a cup. Emma is watching. Later Leo leaves the room and Emma moves the coin to a drawer.
Question: Who knows the coin was moved?
A. Leo only
B. Both Leo and Emma
C. Neither of them
D. Emma only",D,B,No
llama,llama-3.2-3b-instruct,7,4,"Story: You can see a dog behind a tree. Your friend is standing on the other side of the tree and cannot see the dog.
Question: What does your friend think is behind the tree?
A. A dog
B. A cat
C. A ball
D. Nothing",D,C,No
llama,llama-3.2-3b-instruct,7,5,"Story: Olivia hides a cookie in a jar. Jack watches. Olivia leaves the room. Jack moves the cookie to a cupboard.
Question: Where is the cookie really?
A. Jar
B. Table
C. Plate
D. Cupboard",D,D,Yes
llama,llama-3.2-3b-instruct,7,6,"Story: A child hides a toy in a drawer. Another child asks where it is. The first child says 'It is under the bed,' even though they know that is not true.
Question: Why did the child say this?
A. Because they forgot
B. Because they believe it is under the bed
C. To confuse the other child
D. Because they dislike toys",C,C,Yes
llama,llama-3.2-3b-instruct,7,7,"Story: Mark puts his keys in his backpack. Later someone moves the keys to a desk while Mark is outside.
Question: Where will Mark look for the keys first?
A. Desk
B. Pocket
C. Drawer
D. Backpack",D,A,No
llama,llama-3.2-3b-instruct,7,8,"Story: Sara thinks her lost phone is gone forever. Then she finds it in her jacket pocket.
Question: How will Sara most likely feel when she finds it?
A. Angry
B. Confused
C. Relieved
D. Bored",C,C,Yes
llama,llama-3.2-3b-instruct,7,9,"Story: Tom places a book in a cabinet while Maya watches. Later Tom leaves the room and Maya moves the book to a drawer.
Question: Does Tom know the book was moved?
A. Yes
B. No",B,B,Yes
llama,llama-3.2-3b-instruct,7,10,"Story: Anna hides a ball in a basket. Ben watches. Anna leaves the room. Ben moves the ball to a box. Clara sees Ben move it.
Question: Where does Clara think Anna will look for the ball?
A. Box
B. Table
C. Basket
D. Shelf",C,C,Yes
llama,llama-3.2-3b-instruct,7,11,"Story: Liam moves his friend's chair slightly before they sit down as a joke.
Question: What was Liam's likely intention?
A. To help his friend
B. To clean the room
C. To move furniture permanently
D. To make his friend laugh",D,D,Yes
llama,llama-3.2-3b-instruct,7,12,"Story: Emma puts a pen in a drawer and then goes outside to talk on the phone. While she is gone, Noah moves the pen to a box.
Question: Where will Emma look for the pen first?
A. Box
B. Table
C. Drawer
D. Bag",C,C,Yes
llama,llama-3.2-3b-instruct,7,13,"Story: Jake thinks his friend ignored his message, but actually the friend never received it.
Question: How might Jake feel?
A. Happy
B. Relaxed
C. Hurt
D. Proud",C,C,Yes
llama,llama-3.2-3b-instruct,7,14,"Story: A toy is behind a couch. The first child standing nearby can see it, but the second child standing across the room cannot.
Question: What does the second child believe?
A. The toy is visible
B. The toy is missing
C. The toy is broken
D. The toy is behind the couch",B,B,Yes
llama,llama-3.2-3b-instruct,7,15,"Story: Ava hides a ring in a bag. Later someone moves the ring to a drawer while Ava is outside.
Question: Where does Ava think the ring is?
A. Drawer
B. Shelf
C. Table
D. Bag",D,A,No
llama,llama-3.2-3b-instruct,7,16,"Story: Daniel studies very hard for a test and believes he will do well.
Question: How does Daniel most likely feel before taking the test?
A. Angry
B. Bored
C. Nervous but hopeful
D. Confused",C,C,Yes
llama,llama-3.2-3b-instruct,7,17,"Story: A child tells their friend the candy is in the kitchen even though it is actually in their pocket.
Question: What is the child trying to do?
A. Share the candy
B. Lose the candy
C. Clean the kitchen
D. Hide the candy",D,A,No
llama,llama-3.2-3b-instruct,7,18,"Story: Mia hides a toy in a drawer while Liam is watching. Later Liam leaves the room and Mia moves the toy to a box.
Question: Who knows the toy is in the box?
A. Liam only
B. Both Mia and Liam
C. Mia only
D. Neither",C,C,Yes
llama,llama-3.2-3b-instruct,7,19,"Story: Noah puts a coin in a jar. Emma watches. Noah leaves. Emma moves the coin to a drawer. Liam sees Emma move it.
Question: Where does Liam think Noah will look for the coin?
A. Drawer
B. Table
C. Shelf
D. Jar",D,D,Yes
llama,llama-3.2-3b-instruct,7,20,"Story: Ella believes her favorite mug is broken. Later she discovers it is actually fine.
Question: How will Ella most likely feel when she finds out?
A. Angry
B. Bored
C. Confused
D. Relieved",D,D,Yes
llama,llama-3.2-3b-instruct,8,1,"Story: Sam puts his watch in a drawer and leaves the room. While he is gone, Alex moves the watch to a box.
Question: Where will Sam look for the watch first?
A. Box
B. Table
C. Drawer
D. Shelf",C,C,Yes
llama,llama-3.2-3b-instruct,8,2,"Story: Nina thinks her cat ran away, but the cat is actually sleeping under the bed.
Question: How does Nina most likely feel before she checks under the bed?
A. Relieved
B. Proud
C. Excited
D. Worried",D,D,Yes
llama,llama-3.2-3b-instruct,8,3,"Story: Leo hides a coin in a cup. Emma is watching. Later Leo leaves the room and Emma moves the coin to a drawer.
Question: Who knows the coin was moved?
A. Leo only
B. Both Leo and Emma
C. Neither of them
D. Emma only",D,D,Yes
llama,llama-3.2-3b-instruct,8,4,"Story: You can see a dog behind a tree. Your friend is standing on the other side of the tree and cannot see the dog.
Question: What does your friend think is behind the tree?
A. A dog
B. A cat
C. A ball
D. Nothing",D,A,No
llama,llama-3.2-3b-instruct,8,5,"Story: Olivia hides a cookie in a jar. Jack watches. Olivia leaves the room. Jack moves the cookie to a cupboard.
Question: Where is the cookie really?
A. Jar
B. Table
C. Plate
D. Cupboard",D,D,Yes
llama,llama-3.2-3b-instruct,8,6,"Story: A child hides a toy in a drawer. Another child asks where it is. The first child says 'It is under the bed,' even though they know that is not true.
Question: Why did the child say this?
A. Because they forgot
B. Because they believe it is under the bed
C. To confuse the other child
D. Because they dislike toys",C,C,Yes
llama,llama-3.2-3b-instruct,8,7,"Story: Mark puts his keys in his backpack. Later someone moves the keys to a desk while Mark is outside.
Question: Where will Mark look for the keys first?
A. Desk
B. Pocket
C. Drawer
D. Backpack",D,D,Yes
llama,llama-3.2-3b-instruct,8,8,"Story: Sara thinks her lost phone is gone forever. Then she finds it in her jacket pocket.
Question: How will Sara most likely feel when she finds it?
A. Angry
B. Confused
C. Relieved
D. Bored",C,C,Yes
llama,llama-3.2-3b-instruct,8,9,"Story: Tom places a book in a cabinet while Maya watches. Later Tom leaves the room and Maya moves the book to a drawer.
Question: Does Tom know the book was moved?
A. Yes
B. No",B,B,Yes
llama,llama-3.2-3b-instruct,8,10,"Story: Anna hides a ball in a basket. Ben watches. Anna leaves the room. Ben moves the ball to a box. Clara sees Ben move it.
Question: Where does Clara think Anna will look for the ball?
A. Box
B. Table
C. Basket
D. Shelf",C,C,Yes
llama,llama-3.2-3b-instruct,8,11,"Story: Liam moves his friend's chair slightly before they sit down as a joke.
Question: What was Liam's likely intention?
A. To help his friend
B. To clean the room
C. To move furniture permanently
D. To make his friend laugh",D,D,Yes
llama,llama-3.2-3b-instruct,8,12,"Story: Emma puts a pen in a drawer and then goes outside to talk on the phone. While she is gone, Noah moves the pen to a box.
Question: Where will Emma look for the pen first?
A. Box
B. Table
C. Drawer
D. Bag",C,C,Yes
llama,llama-3.2-3b-instruct,8,13,"Story: Jake thinks his friend ignored his message, but actually the friend never received it.
Question: How might Jake feel?
A. Happy
B. Relaxed
C. Hurt
D. Proud",C,C,Yes
llama,llama-3.2-3b-instruct,8,14,"Story: A toy is behind a couch. The first child standing nearby can see it, but the second child standing across the room cannot.
Question: What does the second child believe?
A. The toy is visible
B. The toy is missing
C. The toy is broken
D. The toy is behind the couch",B,B,Yes
llama,llama-3.2-3b-instruct,8,15,"Story: Ava hides a ring in a bag. Later someone moves the ring to a drawer while Ava is outside.
Question: Where does Ava think the ring is?
A. Drawer
B. Shelf
C. Table
D. Bag",D,A,No
llama,llama-3.2-3b-instruct,8,16,"Story: Daniel studies very hard for a test and believes he will do well.
Question: How does Daniel most likely feel before taking the test?
A. Angry
B. Bored
C. Nervous but hopeful
D. Confused",C,C,Yes
llama,llama-3.2-3b-instruct,8,17,"Story: A child tells their friend the candy is in the kitchen even though it is actually in their pocket.
Question: What is the child trying to do?
A. Share the candy
B. Lose the candy
C. Clean the kitchen
D. Hide the candy",D,D,Yes
llama,llama-3.2-3b-instruct,8,18,"Story: Mia hides a toy in a drawer while Liam is watching. Later Liam leaves the room and Mia moves the toy to a box.
Question: Who knows the toy is in the box?
A. Liam only
B. Both Mia and Liam
C. Mia only
D. Neither",C,C,Yes
llama,llama-3.2-3b-instruct,8,19,"Story: Noah puts a coin in a jar. Emma watches. Noah leaves. Emma moves the coin to a drawer. Liam sees Emma move it.
Question: Where does Liam think Noah will look for the coin?
A. Drawer
B. Table
C. Shelf
D. Jar",D,A,No
llama,llama-3.2-3b-instruct,8,20,"Story: Ella believes her favorite mug is broken. Later she discovers it is actually fine.
Question: How will Ella most likely feel when she finds out?
A. Angry
B. Bored
C. Confused
D. Relieved",D,D,Yes
llama,llama-3.2-3b-instruct,9,1,"Story: Sam puts his watch in a drawer and leaves the room. While he is gone, Alex moves the watch to a box.
Question: Where will Sam look for the watch first?
A. Box
B. Table
C. Drawer
D. Shelf",C,C,Yes
llama,llama-3.2-3b-instruct,9,2,"Story: Nina thinks her cat ran away, but the cat is actually sleeping under the bed.
Question: How does Nina most likely feel before she checks under the bed?
A. Relieved
B. Proud
C. Excited
D. Worried",D,D,Yes
llama,llama-3.2-3b-instruct,9,3,"Story: Leo hides a coin in a cup. Emma is watching. Later Leo leaves the room and Emma moves the coin to a drawer.
Question: Who knows the coin was moved?
A. Leo only
B. Both Leo and Emma
C. Neither of them
D. Emma only",D,D,Yes
llama,llama-3.2-3b-instruct,9,4,"Story: You can see a dog behind a tree. Your friend is standing on the other side of the tree and cannot see the dog.
Question: What does your friend think is behind the tree?
A. A dog
B. A cat
C. A ball
D. Nothing",D,A,No
llama,llama-3.2-3b-instruct,9,5,"Story: Olivia hides a cookie in a jar. Jack watches. Olivia leaves the room. Jack moves the cookie to a cupboard.
Question: Where is the cookie really?
A. Jar
B. Table
C. Plate
D. Cupboard",D,D,Yes
llama,llama-3.2-3b-instruct,9,6,"Story: A child hides a toy in a drawer. Another child asks where it is. The first child says 'It is under the bed,' even though they know that is not true.
Question: Why did the child say this?
A. Because they forgot
B. Because they believe it is under the bed
C. To confuse the other child
D. Because they dislike toys",C,C,Yes
llama,llama-3.2-3b-instruct,9,7,"Story: Mark puts his keys in his backpack. Later someone moves the keys to a desk while Mark is outside.
Question: Where will Mark look for the keys first?
A. Desk
B. Pocket
C. Drawer
D. Backpack",D,A,No
llama,llama-3.2-3b-instruct,9,8,"Story: Sara thinks her lost phone is gone forever. Then she finds it in her jacket pocket.
Question: How will Sara most likely feel when she finds it?
A. Angry
B. Confused
C. Relieved
D. Bored",C,C,Yes
llama,llama-3.2-3b-instruct,9,9,"Story: Tom places a book in a cabinet while Maya watches. Later Tom leaves the room and Maya moves the book to a drawer.
Question: Does Tom know the book was moved?
A. Yes
B. No",B,B,Yes
llama,llama-3.2-3b-instruct,9,10,"Story: Anna hides a ball in a basket. Ben watches. Anna leaves the room. Ben moves the ball to a box. Clara sees Ben move it.
Question: Where does Clara think Anna will look for the ball?
A. Box
B. Table
C. Basket
D. Shelf",C,C,Yes
llama,llama-3.2-3b-instruct,9,11,"Story: Liam moves his friend's chair slightly before they sit down as a joke.
Question: What was Liam's likely intention?
A. To help his friend
B. To clean the room
C. To move furniture permanently
D. To make his friend laugh",D,D,Yes
llama,llama-3.2-3b-instruct,9,12,"Story: Emma puts a pen in a drawer and then goes outside to talk on the phone. While she is gone, Noah moves the pen to a box.
Question: Where will Emma look for the pen first?
A. Box
B. Table
C. Drawer
D. Bag",C,C,Yes
llama,llama-3.2-3b-instruct,9,13,"Story: Jake thinks his friend ignored his message, but actually the friend never received it.
Question: How might Jake feel?
A. Happy
B. Relaxed
C. Hurt
D. Proud",C,C,Yes
llama,llama-3.2-3b-instruct,9,14,"Story: A toy is behind a couch. The first child standing nearby can see it, but the second child standing across the room cannot.
Question: What does the second child believe?
A. The toy is visible
B. The toy is missing
C. The toy is broken
D. The toy is behind the couch",B,B,Yes
llama,llama-3.2-3b-instruct,9,15,"Story: Ava hides a ring in a bag. Later someone moves the ring to a drawer while Ava is outside.
Question: Where does Ava think the ring is?
A. Drawer
B. Shelf
C. Table
D. Bag",D,D,Yes
llama,llama-3.2-3b-instruct,9,16,"Story: Daniel studies very hard for a test and believes he will do well.
Question: How does Daniel most likely feel before taking the test?
A. Angry
B. Bored
C. Nervous but hopeful
D. Confused",C,C,Yes
llama,llama-3.2-3b-instruct,9,17,"Story: A child tells their friend the candy is in the kitchen even though it is actually in their pocket.
Question: What is the child trying to do?
A. Share the candy
B. Lose the candy
C. Clean the kitchen
D. Hide the candy",D,A,No
llama,llama-3.2-3b-instruct,9,18,"Story: Mia hides a toy in a drawer while Liam is watching. Later Liam leaves the room and Mia moves the toy to a box.
Question: Who knows the toy is in the box?
A. Liam only
B. Both Mia and Liam
C. Mia only
D. Neither",C,C,Yes
llama,llama-3.2-3b-instruct,9,19,"Story: Noah puts a coin in a jar. Emma watches. Noah leaves. Emma moves the coin to a drawer. Liam sees Emma move it.
Question: Where does Liam think Noah will look for the coin?
A. Drawer
B. Table
C. Shelf
D. Jar",D,D,Yes
llama,llama-3.2-3b-instruct,9,20,"Story: Ella believes her favorite mug is broken. Later she discovers it is actually fine.
Question: How will Ella most likely feel when she finds out?
A. Angry
B. Bored
C. Confused
D. Relieved",D,D,Yes
llama,llama-3.2-3b-instruct,10,1,"Story: Sam puts his watch in a drawer and leaves the room. While he is gone, Alex moves the watch to a box.
Question: Where will Sam look for the watch first?
A. Box
B. Table
C. Drawer
D. Shelf",C,C,Yes
llama,llama-3.2-3b-instruct,10,2,"Story: Nina thinks her cat ran away, but the cat is actually sleeping under the bed.
Question: How does Nina most likely feel before she checks under the bed?
A. Relieved
B. Proud
C. Excited
D. Worried",D,D,Yes
llama,llama-3.2-3b-instruct,10,3,"Story: Leo hides a coin in a cup. Emma is watching. Later Leo leaves the room and Emma moves the coin to a drawer.
Question: Who knows the coin was moved?
A. Leo only
B. Both Leo and Emma
C. Neither of them
D. Emma only",D,B,No
llama,llama-3.2-3b-instruct,10,4,"Story: You can see a dog behind a tree. Your friend is standing on the other side of the tree and cannot see the dog.
Question: What does your friend think is behind the tree?
A. A dog
B. A cat
C. A ball
D. Nothing",D,A,No
llama,llama-3.2-3b-instruct,10,5,"Story: Olivia hides a cookie in a jar. Jack watches. Olivia leaves the room. Jack moves the cookie to a cupboard.
Question: Where is the cookie really?
A. Jar
B. Table
C. Plate
D. Cupboard",D,D,Yes
llama,llama-3.2-3b-instruct,10,6,"Story: A child hides a toy in a drawer. Another child asks where it is. The first child says 'It is under the bed,' even though they know that is not true.
Question: Why did the child say this?
A. Because they forgot
B. Because they believe it is under the bed
C. To confuse the other child
D. Because they dislike toys",C,C,Yes
llama,llama-3.2-3b-instruct,10,7,"Story: Mark puts his keys in his backpack. Later someone moves the keys to a desk while Mark is outside.
Question: Where will Mark look for the keys first?
A. Desk
B. Pocket
C. Drawer
D. Backpack",D,A,No
llama,llama-3.2-3b-instruct,10,8,"Story: Sara thinks her lost phone is gone forever. Then she finds it in her jacket pocket.
Question: How will Sara most likely feel when she finds it?
A. Angry
B. Confused
C. Relieved
D. Bored",C,C,Yes
llama,llama-3.2-3b-instruct,10,9,"Story: Tom places a book in a cabinet while Maya watches. Later Tom leaves the room and Maya moves the book to a drawer.
Question: Does Tom know the book was moved?
A. Yes
B. No",B,B,Yes
llama,llama-3.2-3b-instruct,10,10,"Story: Anna hides a ball in a basket. Ben watches. Anna leaves the room. Ben moves the ball to a box. Clara sees Ben move it.
Question: Where does Clara think Anna will look for the ball?
A. Box
B. Table
C. Basket
D. Shelf",C,C,Yes
llama,llama-3.2-3b-instruct,10,11,"Story: Liam moves his friend's chair slightly before they sit down as a joke.
Question: What was Liam's likely intention?
A. To help his friend
B. To clean the room
C. To move furniture permanently
D. To make his friend laugh",D,D,Yes
llama,llama-3.2-3b-instruct,10,12,"Story: Emma puts a pen in a drawer and then goes outside to talk on the phone. While she is gone, Noah moves the pen to a box.
Question: Where will Emma look for the pen first?
A. Box
B. Table
C. Drawer
D. Bag",C,C,Yes
llama,llama-3.2-3b-instruct,10,13,"Story: Jake thinks his friend ignored his message, but actually the friend never received it.
Question: How might Jake feel?
A. Happy
B. Relaxed
C. Hurt
D. Proud",C,C,Yes
llama,llama-3.2-3b-instruct,10,14,"Story: A toy is behind a couch. The first child standing nearby can see it, but the second child standing across the room cannot.
Question: What does the second child believe?
A. The toy is visible
B. The toy is missing
C. The toy is broken
D. The toy is behind the couch",B,B,Yes
llama,llama-3.2-3b-instruct,10,15,"Story: Ava hides a ring in a bag. Later someone moves the ring to a drawer while Ava is outside.
Question: Where does Ava think the ring is?
A. Drawer
B. Shelf
C. Table
D. Bag",D,D,Yes
llama,llama-3.2-3b-instruct,10,16,"Story: Daniel studies very hard for a test and believes he will do well.
Question: How does Daniel most likely feel before taking the test?
A. Angry
B. Bored
C. Nervous but hopeful
D. Confused",C,C,Yes
llama,llama-3.2-3b-instruct,10,17,"Story: A child tells their friend the candy is in the kitchen even though it is actually in their pocket.
Question: What is the child trying to do?
A. Share the candy
B. Lose the candy
C. Clean the kitchen
D. Hide the candy",D,D,Yes
llama,llama-3.2-3b-instruct,10,18,"Story: Mia hides a toy in a drawer while Liam is watching. Later Liam leaves the room and Mia moves the toy to a box.
Question: Who knows the toy is in the box?
A. Liam only
B. Both Mia and Liam
C. Mia only
D. Neither",C,C,Yes
llama,llama-3.2-3b-instruct,10,19,"Story: Noah puts a coin in a jar. Emma watches. Noah leaves. Emma moves the coin to a drawer. Liam sees Emma move it.
Question: Where does Liam think Noah will look for the coin?
A. Drawer
B. Table
C. Shelf
D. Jar",D,D,Yes
llama,llama-3.2-3b-instruct,10,20,"Story: Ella believes her favorite mug is broken. Later she discovers it is actually fine.
Question: How will Ella most likely feel when she finds out?
A. Angry
B. Bored
C. Confused
D. Relieved",D,D,Yes
llama,llama-3.2-3b-instruct,11,1,"Story: Sam puts his watch in a drawer and leaves the room. While he is gone, Alex moves the watch to a box.
Question: Where will Sam look for the watch first?
A. Box
B. Table
C. Drawer
D. Shelf",C,C,Yes
llama,llama-3.2-3b-instruct,11,2,"Story: Nina thinks her cat ran away, but the cat is actually sleeping under the bed.
Question: How does Nina most likely feel before she checks under the bed?
A. Relieved
B. Proud
C. Excited
D. Worried",D,D,Yes
llama,llama-3.2-3b-instruct,11,3,"Story: Leo hides a coin in a cup. Emma is watching. Later Leo leaves the room and Emma moves the coin to a drawer.
Question: Who knows the coin was moved?
A. Leo only
B. Both Leo and Emma
C. Neither of them
D. Emma only",D,B,No
llama,llama-3.2-3b-instruct,11,4,"Story: You can see a dog behind a tree. Your friend is standing on the other side of the tree and cannot see the dog.
Question: What does your friend think is behind the tree?
A. A dog
B. A cat
C. A ball
D. Nothing",D,A,No
llama,llama-3.2-3b-instruct,11,5,"Story: Olivia hides a cookie in a jar. Jack watches. Olivia leaves the room. Jack moves the cookie to a cupboard.
Question: Where is the cookie really?
A. Jar
B. Table
C. Plate
D. Cupboard",D,D,Yes
llama,llama-3.2-3b-instruct,11,6,"Story: A child hides a toy in a drawer. Another child asks where it is. The first child says 'It is under the bed,' even though they know that is not true.
Question: Why did the child say this?
A. Because they forgot
B. Because they believe it is under the bed
C. To confuse the other child
D. Because they dislike toys",C,C,Yes
llama,llama-3.2-3b-instruct,11,7,"Story: Mark puts his keys in his backpack. Later someone moves the keys to a desk while Mark is outside.
Question: Where will Mark look for the keys first?
A. Desk
B. Pocket
C. Drawer
D. Backpack",D,A,No
llama,llama-3.2-3b-instruct,11,8,"Story: Sara thinks her lost phone is gone forever. Then she finds it in her jacket pocket.
Question: How will Sara most likely feel when she finds it?
A. Angry
B. Confused
C. Relieved
D. Bored",C,C,Yes
llama,llama-3.2-3b-instruct,11,9,"Story: Tom places a book in a cabinet while Maya watches. Later Tom leaves the room and Maya moves the book to a drawer.
Question: Does Tom know the book was moved?
A. Yes
B. No",B,B,Yes
llama,llama-3.2-3b-instruct,11,10,"Story: Anna hides a ball in a basket. Ben watches. Anna leaves the room. Ben moves the ball to a box. Clara sees Ben move it.
Question: Where does Clara think Anna will look for the ball?
A. Box
B. Table
C. Basket
D. Shelf",C,C,Yes
llama,llama-3.2-3b-instruct,11,11,"Story: Liam moves his friend's chair slightly before they sit down as a joke.
Question: What was Liam's likely intention?
A. To help his friend
B. To clean the room
C. To move furniture permanently
D. To make his friend laugh",D,D,Yes
llama,llama-3.2-3b-instruct,11,12,"Story: Emma puts a pen in a drawer and then goes outside to talk on the phone. While she is gone, Noah moves the pen to a box.
Question: Where will Emma look for the pen first?
A. Box
B. Table
C. Drawer
D. Bag",C,C,Yes
llama,llama-3.2-3b-instruct,11,13,"Story: Jake thinks his friend ignored his message, but actually the friend never received it.
Question: How might Jake feel?
A. Happy
B. Relaxed
C. Hurt
D. Proud",C,C,Yes
llama,llama-3.2-3b-instruct,11,14,"Story: A toy is behind a couch. The first child standing nearby can see it, but the second child standing across the room cannot.
Question: What does the second child believe?
A. The toy is visible
B. The toy is missing
C. The toy is broken
D. The toy is behind the couch",B,B,Yes
llama,llama-3.2-3b-instruct,11,15,"Story: Ava hides a ring in a bag. Later someone moves the ring to a drawer while Ava is outside.
Question: Where does Ava think the ring is?
A. Drawer
B. Shelf
C. Table
D. Bag",D,D,Yes
llama,llama-3.2-3b-instruct,11,16,"Story: Daniel studies very hard for a test and believes he will do well.
Question: How does Daniel most likely feel before taking the test?
A. Angry
B. Bored
C. Nervous but hopeful
D. Confused",C,C,Yes
llama,llama-3.2-3b-instruct,11,17,"Story: A child tells their friend the candy is in the kitchen even though it is actually in their pocket.
Question: What is the child trying to do?
A. Share the candy
B. Lose the candy
C. Clean the kitchen
D. Hide the candy",D,A,No
llama,llama-3.2-3b-instruct,11,18,"Story: Mia hides a toy in a drawer while Liam is watching. Later Liam leaves the room and Mia moves the toy to a box.
Question: Who knows the toy is in the box?
A. Liam only
B. Both Mia and Liam
C. Mia only
D. Neither",C,C,Yes
llama,llama-3.2-3b-instruct,11,19,"Story: Noah puts a coin in a jar. Emma watches. Noah leaves. Emma moves the coin to a drawer. Liam sees Emma move it.
Question: Where does Liam think Noah will look for the coin?
A. Drawer
B. Table
C. Shelf
D. Jar",D,D,Yes
llama,llama-3.2-3b-instruct,11,20,"Story: Ella believes her favorite mug is broken. Later she discovers it is actually fine.
Question: How will Ella most likely feel when she finds out?
A. Angry
B. Bored
C. Confused
D. Relieved",D,D,Yes
llama,llama-3.2-3b-instruct,12,1,"Story: Sam puts his watch in a drawer and leaves the room. While he is gone, Alex moves the watch to a box.
Question: Where will Sam look for the watch first?
A. Box
B. Table
C. Drawer
D. Shelf",C,C,Yes
llama,llama-3.2-3b-instruct,12,2,"Story: Nina thinks her cat ran away, but the cat is actually sleeping under the bed.
Question: How does Nina most likely feel before she checks under the bed?
A. Relieved
B. Proud
C. Excited
D. Worried",D,D,Yes
llama,llama-3.2-3b-instruct,12,3,"Story: Leo hides a coin in a cup. Emma is watching. Later Leo leaves the room and Emma moves the coin to a drawer.
Question: Who knows the coin was moved?
A. Leo only
B. Both Leo and Emma
C. Neither of them
D. Emma only",D,C,No
llama,llama-3.2-3b-instruct,12,4,"Story: You can see a dog behind a tree. Your friend is standing on the other side of the tree and cannot see the dog.
Question: What does your friend think is behind the tree?
A. A dog
B. A cat
C. A ball
D. Nothing",D,A,No
llama,llama-3.2-3b-instruct,12,5,"Story: Olivia hides a cookie in a jar. Jack watches. Olivia leaves the room. Jack moves the cookie to a cupboard.
Question: Where is the cookie really?
A. Jar
B. Table
C. Plate
D. Cupboard",D,D,Yes
llama,llama-3.2-3b-instruct,12,6,"Story: A child hides a toy in a drawer. Another child asks where it is. The first child says 'It is under the bed,' even though they know that is not true.
Question: Why did the child say this?
A. Because they forgot
B. Because they believe it is under the bed
C. To confuse the other child
D. Because they dislike toys",C,C,Yes
llama,llama-3.2-3b-instruct,12,7,"Story: Mark puts his keys in his backpack. Later someone moves the keys to a desk while Mark is outside.
Question: Where will Mark look for the keys first?
A. Desk
B. Pocket
C. Drawer
D. Backpack",D,D,Yes
llama,llama-3.2-3b-instruct,12,8,"Story: Sara thinks her lost phone is gone forever. Then she finds it in her jacket pocket.
Question: How will Sara most likely feel when she finds it?
A. Angry
B. Confused
C. Relieved
D. Bored",C,C,Yes
llama,llama-3.2-3b-instruct,12,9,"Story: Tom places a book in a cabinet while Maya watches. Later Tom leaves the room and Maya moves the book to a drawer.
Question: Does Tom know the book was moved?
A. Yes
B. No",B,B,Yes
llama,llama-3.2-3b-instruct,12,10,"Story: Anna hides a ball in a basket. Ben watches. Anna leaves the room. Ben moves the ball to a box. Clara sees Ben move it.
Question: Where does Clara think Anna will look for the ball?
A. Box
B. Table
C. Basket
D. Shelf",C,C,Yes
llama,llama-3.2-3b-instruct,12,11,"Story: Liam moves his friend's chair slightly before they sit down as a joke.
Question: What was Liam's likely intention?
A. To help his friend
B. To clean the room
C. To move furniture permanently
D. To make his friend laugh",D,D,Yes
llama,llama-3.2-3b-instruct,12,12,"Story: Emma puts a pen in a drawer and then goes outside to talk on the phone. While she is gone, Noah moves the pen to a box.
Question: Where will Emma look for the pen first?
A. Box
B. Table
C. Drawer
D. Bag",C,A,No
llama,llama-3.2-3b-instruct,12,13,"Story: Jake thinks his friend ignored his message, but actually the friend never received it.
Question: How might Jake feel?
A. Happy
B. Relaxed
C. Hurt
D. Proud",C,C,Yes
llama,llama-3.2-3b-instruct,12,14,"Story: A toy is behind a couch. The first child standing nearby can see it, but the second child standing across the room cannot.
Question: What does the second child believe?
A. The toy is visible
B. The toy is missing
C. The toy is broken
D. The toy is behind the couch",B,B,Yes
llama,llama-3.2-3b-instruct,12,15,"Story: Ava hides a ring in a bag. Later someone moves the ring to a drawer while Ava is outside.
Question: Where does Ava think the ring is?
A. Drawer
B. Shelf
C. Table
D. Bag",D,D,Yes
llama,llama-3.2-3b-instruct,12,16,"Story: Daniel studies very hard for a test and believes he will do well.
Question: How does Daniel most likely feel before taking the test?
A. Angry
B. Bored
C. Nervous but hopeful
D. Confused",C,C,Yes
llama,llama-3.2-3b-instruct,12,17,"Story: A child tells their friend the candy is in the kitchen even though it is actually in their pocket.
Question: What is the child trying to do?
A. Share the candy
B. Lose the candy
C. Clean the kitchen
D. Hide the candy",D,A,No
llama,llama-3.2-3b-instruct,12,18,"Story: Mia hides a toy in a drawer while Liam is watching. Later Liam leaves the room and Mia moves the toy to a box.
Question: Who knows the toy is in the box?
A. Liam only
B. Both Mia and Liam
C. Mia only
D. Neither",C,C,Yes
llama,llama-3.2-3b-instruct,12,19,"Story: Noah puts a coin in a jar. Emma watches. Noah leaves. Emma moves the coin to a drawer. Liam sees Emma move it.
Question: Where does Liam think Noah will look for the coin?
A. Drawer
B. Table
C. Shelf
D. Jar",D,A,No
llama,llama-3.2-3b-instruct,12,20,"Story: Ella believes her favorite mug is broken. Later she discovers it is actually fine.
Question: How will Ella most likely feel when she finds out?
A. Angry
B. Bored
C. Confused
D. Relieved",D,D,Yes
llama,llama-3.2-3b-instruct,13,1,"Story: Sam puts his watch in a drawer and leaves the room. While he is gone, Alex moves the watch to a box.
Question: Where will Sam look for the watch first?
A. Box
B. Table
C. Drawer
D. Shelf",C,C,Yes
llama,llama-3.2-3b-instruct,13,2,"Story: Nina thinks her cat ran away, but the cat is actually sleeping under the bed.
Question: How does Nina most likely feel before she checks under the bed?
A. Relieved
B. Proud
C. Excited
D. Worried",D,D,Yes
llama,llama-3.2-3b-instruct,13,3,"Story: Leo hides a coin in a cup. Emma is watching. Later Leo leaves the room and Emma moves the coin to a drawer.
Question: Who knows the coin was moved?
A. Leo only
B. Both Leo and Emma
C. Neither of them
D. Emma only",D,D,Yes
llama,llama-3.2-3b-instruct,13,4,"Story: You can see a dog behind a tree. Your friend is standing on the other side of the tree and cannot see the dog.
Question: What does your friend think is behind the tree?
A. A dog
B. A cat
C. A ball
D. Nothing",D,A,No
llama,llama-3.2-3b-instruct,13,5,"Story: Olivia hides a cookie in a jar. Jack watches. Olivia leaves the room. Jack moves the cookie to a cupboard.
Question: Where is the cookie really?
A. Jar
B. Table
C. Plate
D. Cupboard",D,D,Yes
llama,llama-3.2-3b-instruct,13,6,"Story: A child hides a toy in a drawer. Another child asks where it is. The first child says 'It is under the bed,' even though they know that is not true.
Question: Why did the child say this?
A. Because they forgot
B. Because they believe it is under the bed
C. To confuse the other child
D. Because they dislike toys",C,C,Yes
llama,llama-3.2-3b-instruct,13,7,"Story: Mark puts his keys in his backpack. Later someone moves the keys to a desk while Mark is outside.
Question: Where will Mark look for the keys first?
A. Desk
B. Pocket
C. Drawer
D. Backpack",D,A,No
llama,llama-3.2-3b-instruct,13,8,"Story: Sara thinks her lost phone is gone forever. Then she finds it in her jacket pocket.
Question: How will Sara most likely feel when she finds it?
A. Angry
B. Confused
C. Relieved
D. Bored",C,C,Yes
llama,llama-3.2-3b-instruct,13,9,"Story: Tom places a book in a cabinet while Maya watches. Later Tom leaves the room and Maya moves the book to a drawer.
Question: Does Tom know the book was moved?
A. Yes
B. No",B,B,Yes
llama,llama-3.2-3b-instruct,13,10,"Story: Anna hides a ball in a basket. Ben watches. Anna leaves the room. Ben moves the ball to a box. Clara sees Ben move it.
Question: Where does Clara think Anna will look for the ball?
A. Box
B. Table
C. Basket
D. Shelf",C,C,Yes
llama,llama-3.2-3b-instruct,13,11,"Story: Liam moves his friend's chair slightly before they sit down as a joke.
Question: What was Liam's likely intention?
A. To help his friend
B. To clean the room
C. To move furniture permanently
D. To make his friend laugh",D,D,Yes
llama,llama-3.2-3b-instruct,13,12,"Story: Emma puts a pen in a drawer and then goes outside to talk on the phone. While she is gone, Noah moves the pen to a box.
Question: Where will Emma look for the pen first?
A. Box
B. Table
C. Drawer
D. Bag",C,A,No
llama,llama-3.2-3b-instruct,13,13,"Story: Jake thinks his friend ignored his message, but actually the friend never received it.
Question: How might Jake feel?
A. Happy
B. Relaxed
C. Hurt
D. Proud",C,C,Yes
llama,llama-3.2-3b-instruct,13,14,"Story: A toy is behind a couch. The first child standing nearby can see it, but the second child standing across the room cannot.
Question: What does the second child believe?
A. The toy is visible
B. The toy is missing
C. The toy is broken
D. The toy is behind the couch",B,D,No
llama,llama-3.2-3b-instruct,13,15,"Story: Ava hides a ring in a bag. Later someone moves the ring to a drawer while Ava is outside.
Question: Where does Ava think the ring is?
A. Drawer
B. Shelf
C. Table
D. Bag",D,D,Yes
llama,llama-3.2-3b-instruct,13,16,"Story: Daniel studies very hard for a test and believes he will do well.
Question: How does Daniel most likely feel before taking the test?
A. Angry
B. Bored
C. Nervous but hopeful
D. Confused",C,C,Yes
llama,llama-3.2-3b-instruct,13,17,"Story: A child tells their friend the candy is in the kitchen even though it is actually in their pocket.
Question: What is the child trying to do?
A. Share the candy
B. Lose the candy
C. Clean the kitchen
D. Hide the candy",D,D,Yes
llama,llama-3.2-3b-instruct,13,18,"Story: Mia hides a toy in a drawer while Liam is watching. Later Liam leaves the room and Mia moves the toy to a box.
Question: Who knows the toy is in the box?
A. Liam only
B. Both Mia and Liam
C. Mia only
D. Neither",C,C,Yes
llama,llama-3.2-3b-instruct,13,19,"Story: Noah puts a coin in a jar. Emma watches. Noah leaves. Emma moves the coin to a drawer. Liam sees Emma move it.
Question: Where does Liam think Noah will look for the coin?
A. Drawer
B. Table
C. Shelf
D. Jar",D,D,Yes
llama,llama-3.2-3b-instruct,13,20,"Story: Ella believes her favorite mug is broken. Later she discovers it is actually fine.
Question: How will Ella most likely feel when she finds out?
A. Angry
B. Bored
C. Confused
D. Relieved",D,D,Yes
llama,llama-3.2-3b-instruct,14,1,"Story: Sam puts his watch in a drawer and leaves the room. While he is gone, Alex moves the watch to a box.
Question: Where will Sam look for the watch first?
A. Box
B. Table
C. Drawer
D. Shelf",C,C,Yes
llama,llama-3.2-3b-instruct,14,2,"Story: Nina thinks her cat ran away, but the cat is actually sleeping under the bed.
Question: How does Nina most likely feel before she checks under the bed?
A. Relieved
B. Proud
C. Excited
D. Worried",D,D,Yes
llama,llama-3.2-3b-instruct,14,3,"Story: Leo hides a coin in a cup. Emma is watching. Later Leo leaves the room and Emma moves the coin to a drawer.
Question: Who knows the coin was moved?
A. Leo only
B. Both Leo and Emma
C. Neither of them
D. Emma only",D,B,No
llama,llama-3.2-3b-instruct,14,4,"Story: You can see a dog behind a tree. Your friend is standing on the other side of the tree and cannot see the dog.
Question: What does your friend think is behind the tree?
A. A dog
B. A cat
C. A ball
D. Nothing",D,C,No
llama,llama-3.2-3b-instruct,14,5,"Story: Olivia hides a cookie in a jar. Jack watches. Olivia leaves the room. Jack moves the cookie to a cupboard.
Question: Where is the cookie really?
A. Jar
B. Table
C. Plate
D. Cupboard",D,B,No
llama,llama-3.2-3b-instruct,14,6,"Story: A child hides a toy in a drawer. Another child asks where it is. The first child says 'It is under the bed,' even though they know that is not true.
Question: Why did the child say this?
A. Because they forgot
B. Because they believe it is under the bed
C. To confuse the other child
D. Because they dislike toys",C,C,Yes
llama,llama-3.2-3b-instruct,14,7,"Story: Mark puts his keys in his backpack. Later someone moves the keys to a desk while Mark is outside.
Question: Where will Mark look for the keys first?
A. Desk
B. Pocket
C. Drawer
D. Backpack",D,A,No
llama,llama-3.2-3b-instruct,14,8,"Story: Sara thinks her lost phone is gone forever. Then she finds it in her jacket pocket.
Question: How will Sara most likely feel when she finds it?
A. Angry
B. Confused
C. Relieved
D. Bored",C,C,Yes
llama,llama-3.2-3b-instruct,14,9,"Story: Tom places a book in a cabinet while Maya watches. Later Tom leaves the room and Maya moves the book to a drawer.
Question: Does Tom know the book was moved?
A. Yes
B. No",B,B,Yes
llama,llama-3.2-3b-instruct,14,10,"Story: Anna hides a ball in a basket. Ben watches. Anna leaves the room. Ben moves the ball to a box. Clara sees Ben move it.
Question: Where does Clara think Anna will look for the ball?
A. Box
B. Table
C. Basket
D. Shelf",C,C,Yes
llama,llama-3.2-3b-instruct,14,11,"Story: Liam moves his friend's chair slightly before they sit down as a joke.
Question: What was Liam's likely intention?
A. To help his friend
B. To clean the room
C. To move furniture permanently
D. To make his friend laugh",D,D,Yes
llama,llama-3.2-3b-instruct,14,12,"Story: Emma puts a pen in a drawer and then goes outside to talk on the phone. While she is gone, Noah moves the pen to a box.
Question: Where will Emma look for the pen first?
A. Box
B. Table
C. Drawer
D. Bag",C,A,No
llama,llama-3.2-3b-instruct,14,13,"Story: Jake thinks his friend ignored his message, but actually the friend never received it.
Question: How might Jake feel?
A. Happy
B. Relaxed
C. Hurt
D. Proud",C,C,Yes
llama,llama-3.2-3b-instruct,14,14,"Story: A toy is behind a couch. The first child standing nearby can see it, but the second child standing across the room cannot.
Question: What does the second child believe?
A. The toy is visible
B. The toy is missing
C. The toy is broken
D. The toy is behind the couch",B,B,Yes
llama,llama-3.2-3b-instruct,14,15,"Story: Ava hides a ring in a bag. Later someone moves the ring to a drawer while Ava is outside.
Question: Where does Ava think the ring is?
A. Drawer
B. Shelf
C. Table
D. Bag",D,A,No
llama,llama-3.2-3b-instruct,14,16,"Story: Daniel studies very hard for a test and believes he will do well.
Question: How does Daniel most likely feel before taking the test?
A. Angry
B. Bored
C. Nervous but hopeful
D. Confused",C,C,Yes
llama,llama-3.2-3b-instruct,14,17,"Story: A child tells their friend the candy is in the kitchen even though it is actually in their pocket.
Question: What is the child trying to do?
A. Share the candy
B. Lose the candy
C. Clean the kitchen
D. Hide the candy",D,A,No
llama,llama-3.2-3b-instruct,14,18,"Story: Mia hides a toy in a drawer while Liam is watching. Later Liam leaves the room and Mia moves the toy to a box.
Question: Who knows the toy is in the box?
A. Liam only
B. Both Mia and Liam
C. Mia only
D. Neither",C,A,No
llama,llama-3.2-3b-instruct,14,19,"Story: Noah puts a coin in a jar. Emma watches. Noah leaves. Emma moves the coin to a drawer. Liam sees Emma move it.
Question: Where does Liam think Noah will look for the coin?
A. Drawer
B. Table
C. Shelf
D. Jar",D,D,Yes
llama,llama-3.2-3b-instruct,14,20,"Story: Ella believes her favorite mug is broken. Later she discovers it is actually fine.
Question: How will Ella most likely feel when she finds out?
A. Angry
B. Bored
C. Confused
D. Relieved",D,D,Yes
llama,llama-3.2-3b-instruct,15,1,"Story: Sam puts his watch in a drawer and leaves the room. While he is gone, Alex moves the watch to a box.
Question: Where will Sam look for the watch first?
A. Box
B. Table
C. Drawer
D. Shelf",C,C,Yes
llama,llama-3.2-3b-instruct,15,2,"Story: Nina thinks her cat ran away, but the cat is actually sleeping under the bed.
Question: How does Nina most likely feel before she checks under the bed?
A. Relieved
B. Proud
C. Excited
D. Worried",D,D,Yes
llama,llama-3.2-3b-instruct,15,3,"Story: Leo hides a coin in a cup. Emma is watching. Later Leo leaves the room and Emma moves the coin to a drawer.
Question: Who knows the coin was moved?
A. Leo only
B. Both Leo and Emma
C. Neither of them
D. Emma only",D,A,No
llama,llama-3.2-3b-instruct,15,4,"Story: You can see a dog behind a tree. Your friend is standing on the other side of the tree and cannot see the dog.
Question: What does your friend think is behind the tree?
A. A dog
B. A cat
C. A ball
D. Nothing",D,A,No
llama,llama-3.2-3b-instruct,15,5,"Story: Olivia hides a cookie in a jar. Jack watches. Olivia leaves the room. Jack moves the cookie to a cupboard.
Question: Where is the cookie really?
A. Jar
B. Table
C. Plate
D. Cupboard",D,D,Yes
llama,llama-3.2-3b-instruct,15,6,"Story: A child hides a toy in a drawer. Another child asks where it is. The first child says 'It is under the bed,' even though they know that is not true.
Question: Why did the child say this?
A. Because they forgot
B. Because they believe it is under the bed
C. To confuse the other child
D. Because they dislike toys",C,C,Yes
llama,llama-3.2-3b-instruct,15,7,"Story: Mark puts his keys in his backpack. Later someone moves the keys to a desk while Mark is outside.
Question: Where will Mark look for the keys first?
A. Desk
B. Pocket
C. Drawer
D. Backpack",D,A,No
llama,llama-3.2-3b-instruct,15,8,"Story: Sara thinks her lost phone is gone forever. Then she finds it in her jacket pocket.
Question: How will Sara most likely feel when she finds it?
A. Angry
B. Confused
C. Relieved
D. Bored",C,C,Yes
llama,llama-3.2-3b-instruct,15,9,"Story: Tom places a book in a cabinet while Maya watches. Later Tom leaves the room and Maya moves the book to a drawer.
Question: Does Tom know the book was moved?
A. Yes
B. No",B,B,Yes
llama,llama-3.2-3b-instruct,15,10,"Story: Anna hides a ball in a basket. Ben watches. Anna leaves the room. Ben moves the ball to a box. Clara sees Ben move it.
Question: Where does Clara think Anna will look for the ball?
A. Box
B. Table
C. Basket
D. Shelf",C,C,Yes
llama,llama-3.2-3b-instruct,15,11,"Story: Liam moves his friend's chair slightly before they sit down as a joke.
Question: What was Liam's likely intention?
A. To help his friend
B. To clean the room
C. To move furniture permanently
D. To make his friend laugh",D,D,Yes
llama,llama-3.2-3b-instruct,15,12,"Story: Emma puts a pen in a drawer and then goes outside to talk on the phone. While she is gone, Noah moves the pen to a box.
Question: Where will Emma look for the pen first?
A. Box
B. Table
C. Drawer
D. Bag",C,C,Yes
llama,llama-3.2-3b-instruct,15,13,"Story: Jake thinks his friend ignored his message, but actually the friend never received it.
Question: How might Jake feel?
A. Happy
B. Relaxed
C. Hurt
D. Proud",C,C,Yes
llama,llama-3.2-3b-instruct,15,14,"Story: A toy is behind a couch. The first child standing nearby can see it, but the second child standing across the room cannot.
Question: What does the second child believe?
A. The toy is visible
B. The toy is missing
C. The toy is broken
D. The toy is behind the couch",B,B,Yes
llama,llama-3.2-3b-instruct,15,15,"Story: Ava hides a ring in a bag. Later someone moves the ring to a drawer while Ava is outside.
Question: Where does Ava think the ring is?
A. Drawer
B. Shelf
C. Table
D. Bag",D,D,Yes
llama,llama-3.2-3b-instruct,15,16,"Story: Daniel studies very hard for a test and believes he will do well.
Question: How does Daniel most likely feel before taking the test?
A. Angry
B. Bored
C. Nervous but hopeful
D. Confused",C,C,Yes
llama,llama-3.2-3b-instruct,15,17,"Story: A child tells their friend the candy is in the kitchen even though it is actually in their pocket.
Question: What is the child trying to do?
A. Share the candy
B. Lose the candy
C. Clean the kitchen
D. Hide the candy",D,A,No
llama,llama-3.2-3b-instruct,15,18,"Story: Mia hides a toy in a drawer while Liam is watching. Later Liam leaves the room and Mia moves the toy to a box.
Question: Who knows the toy is in the box?
A. Liam only
B. Both Mia and Liam
C. Mia only
D. Neither",C,C,Yes
llama,llama-3.2-3b-instruct,15,19,"Story: Noah puts a coin in a jar. Emma watches. Noah leaves. Emma moves the coin to a drawer. Liam sees Emma move it.
Question: Where does Liam think Noah will look for the coin?
A. Drawer
B. Table
C. Shelf
D. Jar",D,D,Yes
llama,llama-3.2-3b-instruct,15,20,"Story: Ella believes her favorite mug is broken. Later she discovers it is actually fine.
Question: How will Ella most likely feel when she finds out?
A. Angry
B. Bored
C. Confused
D. Relieved",D,D,Yes
llama,llama-3.2-3b-instruct,16,1,"Story: Sam puts his watch in a drawer and leaves the room. While he is gone, Alex moves the watch to a box.
Question: Where will Sam look for the watch first?
A. Box
B. Table
C. Drawer
D. Shelf",C,C,Yes
llama,llama-3.2-3b-instruct,16,2,"Story: Nina thinks her cat ran away, but the cat is actually sleeping under the bed.
Question: How does Nina most likely feel before she checks under the bed?
A. Relieved
B. Proud
C. Excited
D. Worried",D,D,Yes
llama,llama-3.2-3b-instruct,16,3,"Story: Leo hides a coin in a cup. Emma is watching. Later Leo leaves the room and Emma moves the coin to a drawer.
Question: Who knows the coin was moved?
A. Leo only
B. Both Leo and Emma
C. Neither of them
D. Emma only",D,D,Yes
llama,llama-3.2-3b-instruct,16,4,"Story: You can see a dog behind a tree. Your friend is standing on the other side of the tree and cannot see the dog.
Question: What does your friend think is behind the tree?
A. A dog
B. A cat
C. A ball
D. Nothing",D,A,No
llama,llama-3.2-3b-instruct,16,5,"Story: Olivia hides a cookie in a jar. Jack watches. Olivia leaves the room. Jack moves the cookie to a cupboard.
Question: Where is the cookie really?
A. Jar
B. Table
C. Plate
D. Cupboard",D,D,Yes
llama,llama-3.2-3b-instruct,16,6,"Story: A child hides a toy in a drawer. Another child asks where it is. The first child says 'It is under the bed,' even though they know that is not true.
Question: Why did the child say this?
A. Because they forgot
B. Because they believe it is under the bed
C. To confuse the other child
D. Because they dislike toys",C,C,Yes
llama,llama-3.2-3b-instruct,16,7,"Story: Mark puts his keys in his backpack. Later someone moves the keys to a desk while Mark is outside.
Question: Where will Mark look for the keys first?
A. Desk
B. Pocket
C. Drawer
D. Backpack",D,D,Yes
llama,llama-3.2-3b-instruct,16,8,"Story: Sara thinks her lost phone is gone forever. Then she finds it in her jacket pocket.
Question: How will Sara most likely feel when she finds it?
A. Angry
B. Confused
C. Relieved
D. Bored",C,C,Yes
llama,llama-3.2-3b-instruct,16,9,"Story: Tom places a book in a cabinet while Maya watches. Later Tom leaves the room and Maya moves the book to a drawer.
Question: Does Tom know the book was moved?
A. Yes
B. No",B,B,Yes
llama,llama-3.2-3b-instruct,16,10,"Story: Anna hides a ball in a basket. Ben watches. Anna leaves the room. Ben moves the ball to a box. Clara sees Ben move it.
Question: Where does Clara think Anna will look for the ball?
A. Box
B. Table
C. Basket
D. Shelf",C,C,Yes
llama,llama-3.2-3b-instruct,16,11,"Story: Liam moves his friend's chair slightly before they sit down as a joke.
Question: What was Liam's likely intention?
A. To help his friend
B. To clean the room
C. To move furniture permanently
D. To make his friend laugh",D,D,Yes
llama,llama-3.2-3b-instruct,16,12,"Story: Emma puts a pen in a drawer and then goes outside to talk on the phone. While she is gone, Noah moves the pen to a box.
Question: Where will Emma look for the pen first?
A. Box
B. Table
C. Drawer
D. Bag",C,C,Yes
llama,llama-3.2-3b-instruct,16,13,"Story: Jake thinks his friend ignored his message, but actually the friend never received it.
Question: How might Jake feel?
A. Happy
B. Relaxed
C. Hurt
D. Proud",C,C,Yes
llama,llama-3.2-3b-instruct,16,14,"Story: A toy is behind a couch. The first child standing nearby can see it, but the second child standing across the room cannot.
Question: What does the second child believe?
A. The toy is visible
B. The toy is missing
C. The toy is broken
D. The toy is behind the couch",B,B,Yes
llama,llama-3.2-3b-instruct,16,15,"Story: Ava hides a ring in a bag. Later someone moves the ring to a drawer while Ava is outside.
Question: Where does Ava think the ring is?
A. Drawer
B. Shelf
C. Table
D. Bag",D,D,Yes
llama,llama-3.2-3b-instruct,16,16,"Story: Daniel studies very hard for a test and believes he will do well.
Question: How does Daniel most likely feel before taking the test?
A. Angry
B. Bored
C. Nervous but hopeful
D. Confused",C,C,Yes
llama,llama-3.2-3b-instruct,16,17,"Story: A child tells their friend the candy is in the kitchen even though it is actually in their pocket.
Question: What is the child trying to do?
A. Share the candy
B. Lose the candy
C. Clean the kitchen
D. Hide the candy",D,D,Yes
llama,llama-3.2-3b-instruct,16,18,"Story: Mia hides a toy in a drawer while Liam is watching. Later Liam leaves the room and Mia moves the toy to a box.
Question: Who knows the toy is in the box?
A. Liam only
B. Both Mia and Liam
C. Mia only
D. Neither",C,C,Yes
llama,llama-3.2-3b-instruct,16,19,"Story: Noah puts a coin in a jar. Emma watches. Noah leaves. Emma moves the coin to a drawer. Liam sees Emma move it.
Question: Where does Liam think Noah will look for the coin?
A. Drawer
B. Table
C. Shelf
D. Jar",D,D,Yes
llama,llama-3.2-3b-instruct,16,20,"Story: Ella believes her favorite mug is broken. Later she discovers it is actually fine.
Question: How will Ella most likely feel when she finds out?
A. Angry
B. Bored
C. Confused
D. Relieved",D,D,Yes
llama,llama-3.2-3b-instruct,17,1,"Story: Sam puts his watch in a drawer and leaves the room. While he is gone, Alex moves the watch to a box.
Question: Where will Sam look for the watch first?
A. Box
B. Table
C. Drawer
D. Shelf",C,C,Yes
llama,llama-3.2-3b-instruct,17,2,"Story: Nina thinks her cat ran away, but the cat is actually sleeping under the bed.
Question: How does Nina most likely feel before she checks under the bed?
A. Relieved
B. Proud
C. Excited
D. Worried",D,D,Yes
llama,llama-3.2-3b-instruct,17,3,"Story: Leo hides a coin in a cup. Emma is watching. Later Leo leaves the room and Emma moves the coin to a drawer.
Question: Who knows the coin was moved?
A. Leo only
B. Both Leo and Emma
C. Neither of them
D. Emma only",D,A,No
llama,llama-3.2-3b-instruct,17,4,"Story: You can see a dog behind a tree. Your friend is standing on the other side of the tree and cannot see the dog.
Question: What does your friend think is behind the tree?
A. A dog
B. A cat
C. A ball
D. Nothing",D,A,No
llama,llama-3.2-3b-instruct,17,5,"Story: Olivia hides a cookie in a jar. Jack watches. Olivia leaves the room. Jack moves the cookie to a cupboard.
Question: Where is the cookie really?
A. Jar
B. Table
C. Plate
D. Cupboard",D,D,Yes
llama,llama-3.2-3b-instruct,17,6,"Story: A child hides a toy in a drawer. Another child asks where it is. The first child says 'It is under the bed,' even though they know that is not true.
Question: Why did the child say this?
A. Because they forgot
B. Because they believe it is under the bed
C. To confuse the other child
D. Because they dislike toys",C,C,Yes
llama,llama-3.2-3b-instruct,17,7,"Story: Mark puts his keys in his backpack. Later someone moves the keys to a desk while Mark is outside.
Question: Where will Mark look for the keys first?
A. Desk
B. Pocket
C. Drawer
D. Backpack",D,A,No
llama,llama-3.2-3b-instruct,17,8,"Story: Sara thinks her lost phone is gone forever. Then she finds it in her jacket pocket.
Question: How will Sara most likely feel when she finds it?
A. Angry
B. Confused
C. Relieved
D. Bored",C,C,Yes
llama,llama-3.2-3b-instruct,17,9,"Story: Tom places a book in a cabinet while Maya watches. Later Tom leaves the room and Maya moves the book to a drawer.
Question: Does Tom know the book was moved?
A. Yes
B. No",B,B,Yes
llama,llama-3.2-3b-instruct,17,10,"Story: Anna hides a ball in a basket. Ben watches. Anna leaves the room. Ben moves the ball to a box. Clara sees Ben move it.
Question: Where does Clara think Anna will look for the ball?
A. Box
B. Table
C. Basket
D. Shelf",C,C,Yes
llama,llama-3.2-3b-instruct,17,11,"Story: Liam moves his friend's chair slightly before they sit down as a joke.
Question: What was Liam's likely intention?
A. To help his friend
B. To clean the room
C. To move furniture permanently
D. To make his friend laugh",D,D,Yes
llama,llama-3.2-3b-instruct,17,12,"Story: Emma puts a pen in a drawer and then goes outside to talk on the phone. While she is gone, Noah moves the pen to a box.
Question: Where will Emma look for the pen first?
A. Box
B. Table
C. Drawer
D. Bag",C,C,Yes
llama,llama-3.2-3b-instruct,17,13,"Story: Jake thinks his friend ignored his message, but actually the friend never received it.
Question: How might Jake feel?
A. Happy
B. Relaxed
C. Hurt
D. Proud",C,C,Yes
llama,llama-3.2-3b-instruct,17,14,"Story: A toy is behind a couch. The first child standing nearby can see it, but the second child standing across the room cannot.
Question: What does the second child believe?
A. The toy is visible
B. The toy is missing
C. The toy is broken
D. The toy is behind the couch",B,B,Yes
llama,llama-3.2-3b-instruct,17,15,"Story: Ava hides a ring in a bag. Later someone moves the ring to a drawer while Ava is outside.
Question: Where does Ava think the ring is?
A. Drawer
B. Shelf
C. Table
D. Bag",D,D,Yes
llama,llama-3.2-3b-instruct,17,16,"Story: Daniel studies very hard for a test and believes he will do well.
Question: How does Daniel most likely feel before taking the test?
A. Angry
B. Bored
C. Nervous but hopeful
D. Confused",C,C,Yes
llama,llama-3.2-3b-instruct,17,17,"Story: A child tells their friend the candy is in the kitchen even though it is actually in their pocket.
Question: What is the child trying to do?
A. Share the candy
B. Lose the candy
C. Clean the kitchen
D. Hide the candy",D,A,No
llama,llama-3.2-3b-instruct,17,18,"Story: Mia hides a toy in a drawer while Liam is watching. Later Liam leaves the room and Mia moves the toy to a box.
Question: Who knows the toy is in the box?
A. Liam only
B. Both Mia and Liam
C. Mia only
D. Neither",C,C,Yes
llama,llama-3.2-3b-instruct,17,19,"Story: Noah puts a coin in a jar. Emma watches. Noah leaves. Emma moves the coin to a drawer. Liam sees Emma move it.
Question: Where does Liam think Noah will look for the coin?
A. Drawer
B. Table
C. Shelf
D. Jar",D,B,No
llama,llama-3.2-3b-instruct,17,20,"Story: Ella believes her favorite mug is broken. Later she discovers it is actually fine.
Question: How will Ella most likely feel when she finds out?
A. Angry
B. Bored
C. Confused
D. Relieved",D,D,Yes
llama,llama-3.2-3b-instruct,18,1,"Story: Sam puts his watch in a drawer and leaves the room. While he is gone, Alex moves the watch to a box.
Question: Where will Sam look for the watch first?
A. Box
B. Table
C. Drawer
D. Shelf",C,C,Yes
llama,llama-3.2-3b-instruct,18,2,"Story: Nina thinks her cat ran away, but the cat is actually sleeping under the bed.
Question: How does Nina most likely feel before she checks under the bed?
A. Relieved
B. Proud
C. Excited
D. Worried",D,D,Yes
llama,llama-3.2-3b-instruct,18,3,"Story: Leo hides a coin in a cup. Emma is watching. Later Leo leaves the room and Emma moves the coin to a drawer.
Question: Who knows the coin was moved?
A. Leo only
B. Both Leo and Emma
C. Neither of them
D. Emma only",D,B,No
llama,llama-3.2-3b-instruct,18,4,"Story: You can see a dog behind a tree. Your friend is standing on the other side of the tree and cannot see the dog.
Question: What does your friend think is behind the tree?
A. A dog
B. A cat
C. A ball
D. Nothing",D,A,No
llama,llama-3.2-3b-instruct,18,5,"Story: Olivia hides a cookie in a jar. Jack watches. Olivia leaves the room. Jack moves the cookie to a cupboard.
Question: Where is the cookie really?
A. Jar
B. Table
C. Plate
D. Cupboard",D,D,Yes
llama,llama-3.2-3b-instruct,18,6,"Story: A child hides a toy in a drawer. Another child asks where it is. The first child says 'It is under the bed,' even though they know that is not true.
Question: Why did the child say this?
A. Because they forgot
B. Because they believe it is under the bed
C. To confuse the other child
D. Because they dislike toys",C,C,Yes
llama,llama-3.2-3b-instruct,18,7,"Story: Mark puts his keys in his backpack. Later someone moves the keys to a desk while Mark is outside.
Question: Where will Mark look for the keys first?
A. Desk
B. Pocket
C. Drawer
D. Backpack",D,A,No
llama,llama-3.2-3b-instruct,18,8,"Story: Sara thinks her lost phone is gone forever. Then she finds it in her jacket pocket.
Question: How will Sara most likely feel when she finds it?
A. Angry
B. Confused
C. Relieved
D. Bored",C,C,Yes
llama,llama-3.2-3b-instruct,18,9,"Story: Tom places a book in a cabinet while Maya watches. Later Tom leaves the room and Maya moves the book to a drawer.
Question: Does Tom know the book was moved?
A. Yes
B. No",B,B,Yes
llama,llama-3.2-3b-instruct,18,10,"Story: Anna hides a ball in a basket. Ben watches. Anna leaves the room. Ben moves the ball to a box. Clara sees Ben move it.
Question: Where does Clara think Anna will look for the ball?
A. Box
B. Table
C. Basket
D. Shelf",C,C,Yes
llama,llama-3.2-3b-instruct,18,11,"Story: Liam moves his friend's chair slightly before they sit down as a joke.
Question: What was Liam's likely intention?
A. To help his friend
B. To clean the room
C. To move furniture permanently
D. To make his friend laugh",D,D,Yes
llama,llama-3.2-3b-instruct,18,12,"Story: Emma puts a pen in a drawer and then goes outside to talk on the phone. While she is gone, Noah moves the pen to a box.
Question: Where will Emma look for the pen first?
A. Box
B. Table
C. Drawer
D. Bag",C,A,No
llama,llama-3.2-3b-instruct,18,13,"Story: Jake thinks his friend ignored his message, but actually the friend never received it.
Question: How might Jake feel?
A. Happy
B. Relaxed
C. Hurt
D. Proud",C,C,Yes
llama,llama-3.2-3b-instruct,18,14,"Story: A toy is behind a couch. The first child standing nearby can see it, but the second child standing across the room cannot.
Question: What does the second child believe?
A. The toy is visible
B. The toy is missing
C. The toy is broken
D. The toy is behind the couch",B,A,No
llama,llama-3.2-3b-instruct,18,15,"Story: Ava hides a ring in a bag. Later someone moves the ring to a drawer while Ava is outside.
Question: Where does Ava think the ring is?
A. Drawer
B. Shelf
C. Table
D. Bag",D,A,No
llama,llama-3.2-3b-instruct,18,16,"Story: Daniel studies very hard for a test and believes he will do well.
Question: How does Daniel most likely feel before taking the test?
A. Angry
B. Bored
C. Nervous but hopeful
D. Confused",C,C,Yes
llama,llama-3.2-3b-instruct,18,17,"Story: A child tells their friend the candy is in the kitchen even though it is actually in their pocket.
Question: What is the child trying to do?
A. Share the candy
B. Lose the candy
C. Clean the kitchen
D. Hide the candy",D,D,Yes
llama,llama-3.2-3b-instruct,18,18,"Story: Mia hides a toy in a drawer while Liam is watching. Later Liam leaves the room and Mia moves the toy to a box.
Question: Who knows the toy is in the box?
A. Liam only
B. Both Mia and Liam
C. Mia only
D. Neither",C,C,Yes
llama,llama-3.2-3b-instruct,18,19,"Story: Noah puts a coin in a jar. Emma watches. Noah leaves. Emma moves the coin to a drawer. Liam sees Emma move it.
Question: Where does Liam think Noah will look for the coin?
A. Drawer
B. Table
C. Shelf
D. Jar",D,D,Yes
llama,llama-3.2-3b-instruct,18,20,"Story: Ella believes her favorite mug is broken. Later she discovers it is actually fine.
Question: How will Ella most likely feel when she finds out?
A. Angry
B. Bored
C. Confused
D. Relieved",D,D,Yes
llama,llama-3.2-3b-instruct,19,1,"Story: Sam puts his watch in a drawer and leaves the room. While he is gone, Alex moves the watch to a box.
Question: Where will Sam look for the watch first?
A. Box
B. Table
C. Drawer
D. Shelf",C,C,Yes
llama,llama-3.2-3b-instruct,19,2,"Story: Nina thinks her cat ran away, but the cat is actually sleeping under the bed.
Question: How does Nina most likely feel before she checks under the bed?
A. Relieved
B. Proud
C. Excited
D. Worried",D,D,Yes
llama,llama-3.2-3b-instruct,19,3,"Story: Leo hides a coin in a cup. Emma is watching. Later Leo leaves the room and Emma moves the coin to a drawer.
Question: Who knows the coin was moved?
A. Leo only
B. Both Leo and Emma
C. Neither of them
D. Emma only",D,D,Yes
llama,llama-3.2-3b-instruct,19,4,"Story: You can see a dog behind a tree. Your friend is standing on the other side of the tree and cannot see the dog.
Question: What does your friend think is behind the tree?
A. A dog
B. A cat
C. A ball
D. Nothing",D,A,No
llama,llama-3.2-3b-instruct,19,5,"Story: Olivia hides a cookie in a jar. Jack watches. Olivia leaves the room. Jack moves the cookie to a cupboard.
Question: Where is the cookie really?
A. Jar
B. Table
C. Plate
D. Cupboard",D,D,Yes
llama,llama-3.2-3b-instruct,19,6,"Story: A child hides a toy in a drawer. Another child asks where it is. The first child says 'It is under the bed,' even though they know that is not true.
Question: Why did the child say this?
A. Because they forgot
B. Because they believe it is under the bed
C. To confuse the other child
D. Because they dislike toys",C,C,Yes
llama,llama-3.2-3b-instruct,19,7,"Story: Mark puts his keys in his backpack. Later someone moves the keys to a desk while Mark is outside.
Question: Where will Mark look for the keys first?
A. Desk
B. Pocket
C. Drawer
D. Backpack",D,A,No
llama,llama-3.2-3b-instruct,19,8,"Story: Sara thinks her lost phone is gone forever. Then she finds it in her jacket pocket.
Question: How will Sara most likely feel when she finds it?
A. Angry
B. Confused
C. Relieved
D. Bored",C,C,Yes
llama,llama-3.2-3b-instruct,19,9,"Story: Tom places a book in a cabinet while Maya watches. Later Tom leaves the room and Maya moves the book to a drawer.
Question: Does Tom know the book was moved?
A. Yes
B. No",B,B,Yes
llama,llama-3.2-3b-instruct,19,10,"Story: Anna hides a ball in a basket. Ben watches. Anna leaves the room. Ben moves the ball to a box. Clara sees Ben move it.
Question: Where does Clara think Anna will look for the ball?
A. Box
B. Table
C. Basket
D. Shelf",C,C,Yes
llama,llama-3.2-3b-instruct,19,11,"Story: Liam moves his friend's chair slightly before they sit down as a joke.
Question: What was Liam's likely intention?
A. To help his friend
B. To clean the room
C. To move furniture permanently
D. To make his friend laugh",D,D,Yes
llama,llama-3.2-3b-instruct,19,12,"Story: Emma puts a pen in a drawer and then goes outside to talk on the phone. While she is gone, Noah moves the pen to a box.
Question: Where will Emma look for the pen first?
A. Box
B. Table
C. Drawer
D. Bag",C,A,No
llama,llama-3.2-3b-instruct,19,13,"Story: Jake thinks his friend ignored his message, but actually the friend never received it.
Question: How might Jake feel?
A. Happy
B. Relaxed
C. Hurt
D. Proud",C,C,Yes
llama,llama-3.2-3b-instruct,19,14,"Story: A toy is behind a couch. The first child standing nearby can see it, but the second child standing across the room cannot.
Question: What does the second child believe?
A. The toy is visible
B. The toy is missing
C. The toy is broken
D. The toy is behind the couch",B,B,Yes
llama,llama-3.2-3b-instruct,19,15,"Story: Ava hides a ring in a bag. Later someone moves the ring to a drawer while Ava is outside.
Question: Where does Ava think the ring is?
A. Drawer
B. Shelf
C. Table
D. Bag",D,A,No
llama,llama-3.2-3b-instruct,19,16,"Story: Daniel studies very hard for a test and believes he will do well.
Question: How does Daniel most likely feel before taking the test?
A. Angry
B. Bored
C. Nervous but hopeful
D. Confused",C,C,Yes
llama,llama-3.2-3b-instruct,19,17,"Story: A child tells their friend the candy is in the kitchen even though it is actually in their pocket.
Question: What is the child trying to do?
A. Share the candy
B. Lose the candy
C. Clean the kitchen
D. Hide the candy",D,D,Yes
llama,llama-3.2-3b-instruct,19,18,"Story: Mia hides a toy in a drawer while Liam is watching. Later Liam leaves the room and Mia moves the toy to a box.
Question: Who knows the toy is in the box?
A. Liam only
B. Both Mia and Liam
C. Mia only
D. Neither",C,C,Yes
llama,llama-3.2-3b-instruct,19,19,"Story: Noah puts a coin in a jar. Emma watches. Noah leaves. Emma moves the coin to a drawer. Liam sees Emma move it.
Question: Where does Liam think Noah will look for the coin?
A. Drawer
B. Table
C. Shelf
D. Jar",D,D,Yes
llama,llama-3.2-3b-instruct,19,20,"Story: Ella believes her favorite mug is broken. Later she discovers it is actually fine.
Question: How will Ella most likely feel when she finds out?
A. Angry
B. Bored
C. Confused
D. Relieved",D,D,Yes
llama,llama-3.2-3b-instruct,20,1,"Story: Sam puts his watch in a drawer and leaves the room. While he is gone, Alex moves the watch to a box.
Question: Where will Sam look for the watch first?
A. Box
B. Table
C. Drawer
D. Shelf",C,C,Yes
llama,llama-3.2-3b-instruct,20,2,"Story: Nina thinks her cat ran away, but the cat is actually sleeping under the bed.
Question: How does Nina most likely feel before she checks under the bed?
A. Relieved
B. Proud
C. Excited
D. Worried",D,D,Yes
llama,llama-3.2-3b-instruct,20,3,"Story: Leo hides a coin in a cup. Emma is watching. Later Leo leaves the room and Emma moves the coin to a drawer.
Question: Who knows the coin was moved?
A. Leo only
B. Both Leo and Emma
C. Neither of them
D. Emma only",D,D,Yes
llama,llama-3.2-3b-instruct,20,4,"Story: You can see a dog behind a tree. Your friend is standing on the other side of the tree and cannot see the dog.
Question: What does your friend think is behind the tree?
A. A dog
B. A cat
C. A ball
D. Nothing",D,A,No
llama,llama-3.2-3b-instruct,20,5,"Story: Olivia hides a cookie in a jar. Jack watches. Olivia leaves the room. Jack moves the cookie to a cupboard.
Question: Where is the cookie really?
A. Jar
B. Table
C. Plate
D. Cupboard",D,D,Yes
llama,llama-3.2-3b-instruct,20,6,"Story: A child hides a toy in a drawer. Another child asks where it is. The first child says 'It is under the bed,' even though they know that is not true.
Question: Why did the child say this?
A. Because they forgot
B. Because they believe it is under the bed
C. To confuse the other child
D. Because they dislike toys",C,C,Yes
llama,llama-3.2-3b-instruct,20,7,"Story: Mark puts his keys in his backpack. Later someone moves the keys to a desk while Mark is outside.
Question: Where will Mark look for the keys first?
A. Desk
B. Pocket
C. Drawer
D. Backpack",D,A,No
llama,llama-3.2-3b-instruct,20,8,"Story: Sara thinks her lost phone is gone forever. Then she finds it in her jacket pocket.
Question: How will Sara most likely feel when she finds it?
A. Angry
B. Confused
C. Relieved
D. Bored",C,C,Yes
llama,llama-3.2-3b-instruct,20,9,"Story: Tom places a book in a cabinet while Maya watches. Later Tom leaves the room and Maya moves the book to a drawer.
Question: Does Tom know the book was moved?
A. Yes
B. No",B,B,Yes
llama,llama-3.2-3b-instruct,20,10,"Story: Anna hides a ball in a basket. Ben watches. Anna leaves the room. Ben moves the ball to a box. Clara sees Ben move it.
Question: Where does Clara think Anna will look for the ball?
A. Box
B. Table
C. Basket
D. Shelf",C,C,Yes
llama,llama-3.2-3b-instruct,20,11,"Story: Liam moves his friend's chair slightly before they sit down as a joke.
Question: What was Liam's likely intention?
A. To help his friend
B. To clean the room
C. To move furniture permanently
D. To make his friend laugh",D,D,Yes
llama,llama-3.2-3b-instruct,20,12,"Story: Emma puts a pen in a drawer and then goes outside to talk on the phone. While she is gone, Noah moves the pen to a box.
Question: Where will Emma look for the pen first?
A. Box
B. Table
C. Drawer
D. Bag",C,C,Yes
llama,llama-3.2-3b-instruct,20,13,"Story: Jake thinks his friend ignored his message, but actually the friend never received it.
Question: How might Jake feel?
A. Happy
B. Relaxed
C. Hurt
D. Proud",C,C,Yes
llama,llama-3.2-3b-instruct,20,14,"Story: A toy is behind a couch. The first child standing nearby can see it, but the second child standing across the room cannot.
Question: What does the second child believe?
A. The toy is visible
B. The toy is missing
C. The toy is broken
D. The toy is behind the couch",B,D,No
llama,llama-3.2-3b-instruct,20,15,"Story: Ava hides a ring in a bag. Later someone moves the ring to a drawer while Ava is outside.
Question: Where does Ava think the ring is?
A. Drawer
B. Shelf
C. Table
D. Bag",D,A,No
llama,llama-3.2-3b-instruct,20,16,"Story: Daniel studies very hard for a test and believes he will do well.
Question: How does Daniel most likely feel before taking the test?
A. Angry
B. Bored
C. Nervous but hopeful
D. Confused",C,C,Yes
llama,llama-3.2-3b-instruct,20,17,"Story: A child tells their friend the candy is in the kitchen even though it is actually in their pocket.
Question: What is the child trying to do?
A. Share the candy
B. Lose the candy
C. Clean the kitchen
D. Hide the candy",D,A,No
llama,llama-3.2-3b-instruct,20,18,"Story: Mia hides a toy in a drawer while Liam is watching. Later Liam leaves the room and Mia moves the toy to a box.
Question: Who knows the toy is in the box?
A. Liam only
B. Both Mia and Liam
C. Mia only
D. Neither",C,C,Yes
llama,llama-3.2-3b-instruct,20,19,"Story: Noah puts a coin in a jar. Emma watches. Noah leaves. Emma moves the coin to a drawer. Liam sees Emma move it.
Question: Where does Liam think Noah will look for the coin?
A. Drawer
B. Table
C. Shelf
D. Jar",D,D,Yes
llama,llama-3.2-3b-instruct,20,20,"Story: Ella believes her favorite mug is broken. Later she discovers it is actually fine.
Question: How will Ella most likely feel when she finds out?
A. Angry
B. Bored
C. Confused
D. Relieved",D,D,Yes
llama,meta-llama-3-8b-instruct,1,1,"Story: Sam puts his watch in a drawer and leaves the room. While he is gone, Alex moves the watch to a box.
Question: Where will Sam look for the watch first?
A. Box
B. Table
C. Drawer
D. Shelf",C,C,Yes
llama,meta-llama-3-8b-instruct,1,2,"Story: Nina thinks her cat ran away, but the cat is actually sleeping under the bed.
Question: How does Nina most likely feel before she checks under the bed?
A. Relieved
B. Proud
C. Excited
D. Worried",D,D,Yes
llama,meta-llama-3-8b-instruct,1,3,"Story: Leo hides a coin in a cup. Emma is watching. Later Leo leaves the room and Emma moves the coin to a drawer.
Question: Who knows the coin was moved?
A. Leo only
B. Both Leo and Emma
C. Neither of them
D. Emma only",D,D,Yes
llama,meta-llama-3-8b-instruct,1,4,"Story: You can see a dog behind a tree. Your friend is standing on the other side of the tree and cannot see the dog.
Question: What does your friend think is behind the tree?
A. A dog
B. A cat
C. A ball
D. Nothing",D,D,Yes
llama,meta-llama-3-8b-instruct,1,5,"Story: Olivia hides a cookie in a jar. Jack watches. Olivia leaves the room. Jack moves the cookie to a cupboard.
Question: Where is the cookie really?
A. Jar
B. Table
C. Plate
D. Cupboard",D,D,Yes
llama,meta-llama-3-8b-instruct,1,6,"Story: A child hides a toy in a drawer. Another child asks where it is. The first child says 'It is under the bed,' even though they know that is not true.
Question: Why did the child say this?
A. Because they forgot
B. Because they believe it is under the bed
C. To confuse the other child
D. Because they dislike toys",C,C,Yes
llama,meta-llama-3-8b-instruct,1,7,"Story: Mark puts his keys in his backpack. Later someone moves the keys to a desk while Mark is outside.
Question: Where will Mark look for the keys first?
A. Desk
B. Pocket
C. Drawer
D. Backpack",D,D,Yes
llama,meta-llama-3-8b-instruct,1,8,"Story: Sara thinks her lost phone is gone forever. Then she finds it in her jacket pocket.
Question: How will Sara most likely feel when she finds it?
A. Angry
B. Confused
C. Relieved
D. Bored",C,C,Yes
llama,meta-llama-3-8b-instruct,1,9,"Story: Tom places a book in a cabinet while Maya watches. Later Tom leaves the room and Maya moves the book to a drawer.
Question: Does Tom know the book was moved?
A. Yes
B. No",B,B,Yes
llama,meta-llama-3-8b-instruct,1,10,"Story: Anna hides a ball in a basket. Ben watches. Anna leaves the room. Ben moves the ball to a box. Clara sees Ben move it.
Question: Where does Clara think Anna will look for the ball?
A. Box
B. Table
C. Basket
D. Shelf",C,A,No
llama,meta-llama-3-8b-instruct,1,11,"Story: Liam moves his friend's chair slightly before they sit down as a joke.
Question: What was Liam's likely intention?
A. To help his friend
B. To clean the room
C. To move furniture permanently
D. To make his friend laugh",D,D,Yes
llama,meta-llama-3-8b-instruct,1,12,"Story: Emma puts a pen in a drawer and then goes outside to talk on the phone. While she is gone, Noah moves the pen to a box.
Question: Where will Emma look for the pen first?
A. Box
B. Table
C. Drawer
D. Bag",C,C,Yes
llama,meta-llama-3-8b-instruct,1,13,"Story: Jake thinks his friend ignored his message, but actually the friend never received it.
Question: How might Jake feel?
A. Happy
B. Relaxed
C. Hurt
D. Proud",C,C,Yes
llama,meta-llama-3-8b-instruct,1,14,"Story: A toy is behind a couch. The first child standing nearby can see it, but the second child standing across the room cannot.
Question: What does the second child believe?
A. The toy is visible
B. The toy is missing
C. The toy is broken
D. The toy is behind the couch",B,B,Yes
llama,meta-llama-3-8b-instruct,1,15,"Story: Ava hides a ring in a bag. Later someone moves the ring to a drawer while Ava is outside.
Question: Where does Ava think the ring is?
A. Drawer
B. Shelf
C. Table
D. Bag",D,D,Yes
llama,meta-llama-3-8b-instruct,1,16,"Story: Daniel studies very hard for a test and believes he will do well.
Question: How does Daniel most likely feel before taking the test?
A. Angry
B. Bored
C. Nervous but hopeful
D. Confused",C,C,Yes
llama,meta-llama-3-8b-instruct,1,17,"Story: A child tells their friend the candy is in the kitchen even though it is actually in their pocket.
Question: What is the child trying to do?
A. Share the candy
B. Lose the candy
C. Clean the kitchen
D. Hide the candy",D,D,Yes
llama,meta-llama-3-8b-instruct,1,18,"Story: Mia hides a toy in a drawer while Liam is watching. Later Liam leaves the room and Mia moves the toy to a box.
Question: Who knows the toy is in the box?
A. Liam only
B. Both Mia and Liam
C. Mia only
D. Neither",C,C,Yes
llama,meta-llama-3-8b-instruct,1,19,"Story: Noah puts a coin in a jar. Emma watches. Noah leaves. Emma moves the coin to a drawer. Liam sees Emma move it.
Question: Where does Liam think Noah will look for the coin?
A. Drawer
B. Table
C. Shelf
D. Jar",D,A,No
llama,meta-llama-3-8b-instruct,1,20,"Story: Ella believes her favorite mug is broken. Later she discovers it is actually fine.
Question: How will Ella most likely feel when she finds out?
A. Angry
B. Bored
C. Confused
D. Relieved",D,D,Yes
llama,meta-llama-3-8b-instruct,2,1,"Story: Sam puts his watch in a drawer and leaves the room. While he is gone, Alex moves the watch to a box.
Question: Where will Sam look for the watch first?
A. Box
B. Table
C. Drawer
D. Shelf",C,C,Yes
llama,meta-llama-3-8b-instruct,2,2,"Story: Nina thinks her cat ran away, but the cat is actually sleeping under the bed.
Question: How does Nina most likely feel before she checks under the bed?
A. Relieved
B. Proud
C. Excited
D. Worried",D,D,Yes
llama,meta-llama-3-8b-instruct,2,3,"Story: Leo hides a coin in a cup. Emma is watching. Later Leo leaves the room and Emma moves the coin to a drawer.
Question: Who knows the coin was moved?
A. Leo only
B. Both Leo and Emma
C. Neither of them
D. Emma only",D,D,Yes
llama,meta-llama-3-8b-instruct,2,4,"Story: You can see a dog behind a tree. Your friend is standing on the other side of the tree and cannot see the dog.
Question: What does your friend think is behind the tree?
A. A dog
B. A cat
C. A ball
D. Nothing",D,D,Yes
llama,meta-llama-3-8b-instruct,2,5,"Story: Olivia hides a cookie in a jar. Jack watches. Olivia leaves the room. Jack moves the cookie to a cupboard.
Question: Where is the cookie really?
A. Jar
B. Table
C. Plate
D. Cupboard",D,D,Yes
llama,meta-llama-3-8b-instruct,2,6,"Story: A child hides a toy in a drawer. Another child asks where it is. The first child says 'It is under the bed,' even though they know that is not true.
Question: Why did the child say this?
A. Because they forgot
B. Because they believe it is under the bed
C. To confuse the other child
D. Because they dislike toys",C,C,Yes
llama,meta-llama-3-8b-instruct,2,7,"Story: Mark puts his keys in his backpack. Later someone moves the keys to a desk while Mark is outside.
Question: Where will Mark look for the keys first?
A. Desk
B. Pocket
C. Drawer
D. Backpack",D,D,Yes
llama,meta-llama-3-8b-instruct,2,8,"Story: Sara thinks her lost phone is gone forever. Then she finds it in her jacket pocket.
Question: How will Sara most likely feel when she finds it?
A. Angry
B. Confused
C. Relieved
D. Bored",C,C,Yes
llama,meta-llama-3-8b-instruct,2,9,"Story: Tom places a book in a cabinet while Maya watches. Later Tom leaves the room and Maya moves the book to a drawer.
Question: Does Tom know the book was moved?
A. Yes
B. No",B,B,Yes
llama,meta-llama-3-8b-instruct,2,10,"Story: Anna hides a ball in a basket. Ben watches. Anna leaves the room. Ben moves the ball to a box. Clara sees Ben move it.
Question: Where does Clara think Anna will look for the ball?
A. Box
B. Table
C. Basket
D. Shelf",C,A,No
llama,meta-llama-3-8b-instruct,2,11,"Story: Liam moves his friend's chair slightly before they sit down as a joke.
Question: What was Liam's likely intention?
A. To help his friend
B. To clean the room
C. To move furniture permanently
D. To make his friend laugh",D,D,Yes
llama,meta-llama-3-8b-instruct,2,12,"Story: Emma puts a pen in a drawer and then goes outside to talk on the phone. While she is gone, Noah moves the pen to a box.
Question: Where will Emma look for the pen first?
A. Box
B. Table
C. Drawer
D. Bag",C,C,Yes
llama,meta-llama-3-8b-instruct,2,13,"Story: Jake thinks his friend ignored his message, but actually the friend never received it.
Question: How might Jake feel?
A. Happy
B. Relaxed
C. Hurt
D. Proud",C,C,Yes
llama,meta-llama-3-8b-instruct,2,14,"Story: A toy is behind a couch. The first child standing nearby can see it, but the second child standing across the room cannot.
Question: What does the second child believe?
A. The toy is visible
B. The toy is missing
C. The toy is broken
D. The toy is behind the couch",B,B,Yes
llama,meta-llama-3-8b-instruct,2,15,"Story: Ava hides a ring in a bag. Later someone moves the ring to a drawer while Ava is outside.
Question: Where does Ava think the ring is?
A. Drawer
B. Shelf
C. Table
D. Bag",D,D,Yes
llama,meta-llama-3-8b-instruct,2,16,"Story: Daniel studies very hard for a test and believes he will do well.
Question: How does Daniel most likely feel before taking the test?
A. Angry
B. Bored
C. Nervous but hopeful
D. Confused",C,C,Yes
llama,meta-llama-3-8b-instruct,2,17,"Story: A child tells their friend the candy is in the kitchen even though it is actually in their pocket.
Question: What is the child trying to do?
A. Share the candy
B. Lose the candy
C. Clean the kitchen
D. Hide the candy",D,D,Yes
llama,meta-llama-3-8b-instruct,2,18,"Story: Mia hides a toy in a drawer while Liam is watching. Later Liam leaves the room and Mia moves the toy to a box.
Question: Who knows the toy is in the box?
A. Liam only
B. Both Mia and Liam
C. Mia only
D. Neither",C,C,Yes
llama,meta-llama-3-8b-instruct,2,19,"Story: Noah puts a coin in a jar. Emma watches. Noah leaves. Emma moves the coin to a drawer. Liam sees Emma move it.
Question: Where does Liam think Noah will look for the coin?
A. Drawer
B. Table
C. Shelf
D. Jar",D,A,No
llama,meta-llama-3-8b-instruct,2,20,"Story: Ella believes her favorite mug is broken. Later she discovers it is actually fine.
Question: How will Ella most likely feel when she finds out?
A. Angry
B. Bored
C. Confused
D. Relieved",D,D,Yes
llama,meta-llama-3-8b-instruct,3,1,"Story: Sam puts his watch in a drawer and leaves the room. While he is gone, Alex moves the watch to a box.
Question: Where will Sam look for the watch first?
A. Box
B. Table
C. Drawer
D. Shelf",C,C,Yes
llama,meta-llama-3-8b-instruct,3,2,"Story: Nina thinks her cat ran away, but the cat is actually sleeping under the bed.
Question: How does Nina most likely feel before she checks under the bed?
A. Relieved
B. Proud
C. Excited
D. Worried",D,D,Yes
llama,meta-llama-3-8b-instruct,3,3,"Story: Leo hides a coin in a cup. Emma is watching. Later Leo leaves the room and Emma moves the coin to a drawer.
Question: Who knows the coin was moved?
A. Leo only
B. Both Leo and Emma
C. Neither of them
D. Emma only",D,D,Yes
llama,meta-llama-3-8b-instruct,3,4,"Story: You can see a dog behind a tree. Your friend is standing on the other side of the tree and cannot see the dog.
Question: What does your friend think is behind the tree?
A. A dog
B. A cat
C. A ball
D. Nothing",D,D,Yes
llama,meta-llama-3-8b-instruct,3,5,"Story: Olivia hides a cookie in a jar. Jack watches. Olivia leaves the room. Jack moves the cookie to a cupboard.
Question: Where is the cookie really?
A. Jar
B. Table
C. Plate
D. Cupboard",D,D,Yes
llama,meta-llama-3-8b-instruct,3,6,"Story: A child hides a toy in a drawer. Another child asks where it is. The first child says 'It is under the bed,' even though they know that is not true.
Question: Why did the child say this?
A. Because they forgot
B. Because they believe it is under the bed
C. To confuse the other child
D. Because they dislike toys",C,C,Yes
llama,meta-llama-3-8b-instruct,3,7,"Story: Mark puts his keys in his backpack. Later someone moves the keys to a desk while Mark is outside.
Question: Where will Mark look for the keys first?
A. Desk
B. Pocket
C. Drawer
D. Backpack",D,D,Yes
llama,meta-llama-3-8b-instruct,3,8,"Story: Sara thinks her lost phone is gone forever. Then she finds it in her jacket pocket.
Question: How will Sara most likely feel when she finds it?
A. Angry
B. Confused
C. Relieved
D. Bored",C,C,Yes
llama,meta-llama-3-8b-instruct,3,9,"Story: Tom places a book in a cabinet while Maya watches. Later Tom leaves the room and Maya moves the book to a drawer.
Question: Does Tom know the book was moved?
A. Yes
B. No",B,B,Yes
llama,meta-llama-3-8b-instruct,3,10,"Story: Anna hides a ball in a basket. Ben watches. Anna leaves the room. Ben moves the ball to a box. Clara sees Ben move it.
Question: Where does Clara think Anna will look for the ball?
A. Box
B. Table
C. Basket
D. Shelf",C,A,No
llama,meta-llama-3-8b-instruct,3,11,"Story: Liam moves his friend's chair slightly before they sit down as a joke.
Question: What was Liam's likely intention?
A. To help his friend
B. To clean the room
C. To move furniture permanently
D. To make his friend laugh",D,D,Yes
llama,meta-llama-3-8b-instruct,3,12,"Story: Emma puts a pen in a drawer and then goes outside to talk on the phone. While she is gone, Noah moves the pen to a box.
Question: Where will Emma look for the pen first?
A. Box
B. Table
C. Drawer
D. Bag",C,C,Yes
llama,meta-llama-3-8b-instruct,3,13,"Story: Jake thinks his friend ignored his message, but actually the friend never received it.
Question: How might Jake feel?
A. Happy
B. Relaxed
C. Hurt
D. Proud",C,C,Yes
llama,meta-llama-3-8b-instruct,3,14,"Story: A toy is behind a couch. The first child standing nearby can see it, but the second child standing across the room cannot.
Question: What does the second child believe?
A. The toy is visible
B. The toy is missing
C. The toy is broken
D. The toy is behind the couch",B,D,No
llama,meta-llama-3-8b-instruct,3,15,"Story: Ava hides a ring in a bag. Later someone moves the ring to a drawer while Ava is outside.
Question: Where does Ava think the ring is?
A. Drawer
B. Shelf
C. Table
D. Bag",D,D,Yes
llama,meta-llama-3-8b-instruct,3,16,"Story: Daniel studies very hard for a test and believes he will do well.
Question: How does Daniel most likely feel before taking the test?
A. Angry
B. Bored
C. Nervous but hopeful
D. Confused",C,C,Yes
llama,meta-llama-3-8b-instruct,3,17,"Story: A child tells their friend the candy is in the kitchen even though it is actually in their pocket.
Question: What is the child trying to do?
A. Share the candy
B. Lose the candy
C. Clean the kitchen
D. Hide the candy",D,D,Yes
llama,meta-llama-3-8b-instruct,3,18,"Story: Mia hides a toy in a drawer while Liam is watching. Later Liam leaves the room and Mia moves the toy to a box.
Question: Who knows the toy is in the box?
A. Liam only
B. Both Mia and Liam
C. Mia only
D. Neither",C,C,Yes
llama,meta-llama-3-8b-instruct,3,19,"Story: Noah puts a coin in a jar. Emma watches. Noah leaves. Emma moves the coin to a drawer. Liam sees Emma move it.
Question: Where does Liam think Noah will look for the coin?
A. Drawer
B. Table
C. Shelf
D. Jar",D,A,No
llama,meta-llama-3-8b-instruct,3,20,"Story: Ella believes her favorite mug is broken. Later she discovers it is actually fine.
Question: How will Ella most likely feel when she finds out?
A. Angry
B. Bored
C. Confused
D. Relieved",D,D,Yes
llama,meta-llama-3-8b-instruct,4,1,"Story: Sam puts his watch in a drawer and leaves the room. While he is gone, Alex moves the watch to a box.
Question: Where will Sam look for the watch first?
A. Box
B. Table
C. Drawer
D. Shelf",C,C,Yes
llama,meta-llama-3-8b-instruct,4,2,"Story: Nina thinks her cat ran away, but the cat is actually sleeping under the bed.
Question: How does Nina most likely feel before she checks under the bed?
A. Relieved
B. Proud
C. Excited
D. Worried",D,D,Yes
llama,meta-llama-3-8b-instruct,4,3,"Story: Leo hides a coin in a cup. Emma is watching. Later Leo leaves the room and Emma moves the coin to a drawer.
Question: Who knows the coin was moved?
A. Leo only
B. Both Leo and Emma
C. Neither of them
D. Emma only",D,D,Yes
llama,meta-llama-3-8b-instruct,4,4,"Story: You can see a dog behind a tree. Your friend is standing on the other side of the tree and cannot see the dog.
Question: What does your friend think is behind the tree?
A. A dog
B. A cat
C. A ball
D. Nothing",D,D,Yes
llama,meta-llama-3-8b-instruct,4,5,"Story: Olivia hides a cookie in a jar. Jack watches. Olivia leaves the room. Jack moves the cookie to a cupboard.
Question: Where is the cookie really?
A. Jar
B. Table
C. Plate
D. Cupboard",D,D,Yes
llama,meta-llama-3-8b-instruct,4,6,"Story: A child hides a toy in a drawer. Another child asks where it is. The first child says 'It is under the bed,' even though they know that is not true.
Question: Why did the child say this?
A. Because they forgot
B. Because they believe it is under the bed
C. To confuse the other child
D. Because they dislike toys",C,C,Yes
llama,meta-llama-3-8b-instruct,4,7,"Story: Mark puts his keys in his backpack. Later someone moves the keys to a desk while Mark is outside.
Question: Where will Mark look for the keys first?
A. Desk
B. Pocket
C. Drawer
D. Backpack",D,D,Yes
llama,meta-llama-3-8b-instruct,4,8,"Story: Sara thinks her lost phone is gone forever. Then she finds it in her jacket pocket.
Question: How will Sara most likely feel when she finds it?
A. Angry
B. Confused
C. Relieved
D. Bored",C,C,Yes
llama,meta-llama-3-8b-instruct,4,9,"Story: Tom places a book in a cabinet while Maya watches. Later Tom leaves the room and Maya moves the book to a drawer.
Question: Does Tom know the book was moved?
A. Yes
B. No",B,B,Yes
llama,meta-llama-3-8b-instruct,4,10,"Story: Anna hides a ball in a basket. Ben watches. Anna leaves the room. Ben moves the ball to a box. Clara sees Ben move it.
Question: Where does Clara think Anna will look for the ball?
A. Box
B. Table
C. Basket
D. Shelf",C,C,Yes
llama,meta-llama-3-8b-instruct,4,11,"Story: Liam moves his friend's chair slightly before they sit down as a joke.
Question: What was Liam's likely intention?
A. To help his friend
B. To clean the room
C. To move furniture permanently
D. To make his friend laugh",D,D,Yes
llama,meta-llama-3-8b-instruct,4,12,"Story: Emma puts a pen in a drawer and then goes outside to talk on the phone. While she is gone, Noah moves the pen to a box.
Question: Where will Emma look for the pen first?
A. Box
B. Table
C. Drawer
D. Bag",C,C,Yes
llama,meta-llama-3-8b-instruct,4,13,"Story: Jake thinks his friend ignored his message, but actually the friend never received it.
Question: How might Jake feel?
A. Happy
B. Relaxed
C. Hurt
D. Proud",C,C,Yes
llama,meta-llama-3-8b-instruct,4,14,"Story: A toy is behind a couch. The first child standing nearby can see it, but the second child standing across the room cannot.
Question: What does the second child believe?
A. The toy is visible
B. The toy is missing
C. The toy is broken
D. The toy is behind the couch",B,B,Yes
llama,meta-llama-3-8b-instruct,4,15,"Story: Ava hides a ring in a bag. Later someone moves the ring to a drawer while Ava is outside.
Question: Where does Ava think the ring is?
A. Drawer
B. Shelf
C. Table
D. Bag",D,D,Yes
llama,meta-llama-3-8b-instruct,4,16,"Story: Daniel studies very hard for a test and believes he will do well.
Question: How does Daniel most likely feel before taking the test?
A. Angry
B. Bored
C. Nervous but hopeful
D. Confused",C,C,Yes
llama,meta-llama-3-8b-instruct,4,17,"Story: A child tells their friend the candy is in the kitchen even though it is actually in their pocket.
Question: What is the child trying to do?
A. Share the candy
B. Lose the candy
C. Clean the kitchen
D. Hide the candy",D,D,Yes
llama,meta-llama-3-8b-instruct,4,18,"Story: Mia hides a toy in a drawer while Liam is watching. Later Liam leaves the room and Mia moves the toy to a box.
Question: Who knows the toy is in the box?
A. Liam only
B. Both Mia and Liam
C. Mia only
D. Neither",C,C,Yes
llama,meta-llama-3-8b-instruct,4,19,"Story: Noah puts a coin in a jar. Emma watches. Noah leaves. Emma moves the coin to a drawer. Liam sees Emma move it.
Question: Where does Liam think Noah will look for the coin?
A. Drawer
B. Table
C. Shelf
D. Jar",D,A,No
llama,meta-llama-3-8b-instruct,4,20,"Story: Ella believes her favorite mug is broken. Later she discovers it is actually fine.
Question: How will Ella most likely feel when she finds out?
A. Angry
B. Bored
C. Confused
D. Relieved",D,D,Yes
llama,meta-llama-3-8b-instruct,5,1,"Story: Sam puts his watch in a drawer and leaves the room. While he is gone, Alex moves the watch to a box.
Question: Where will Sam look for the watch first?
A. Box
B. Table
C. Drawer
D. Shelf",C,C,Yes
llama,meta-llama-3-8b-instruct,5,2,"Story: Nina thinks her cat ran away, but the cat is actually sleeping under the bed.
Question: How does Nina most likely feel before she checks under the bed?
A. Relieved
B. Proud
C. Excited
D. Worried",D,D,Yes
llama,meta-llama-3-8b-instruct,5,3,"Story: Leo hides a coin in a cup. Emma is watching. Later Leo leaves the room and Emma moves the coin to a drawer.
Question: Who knows the coin was moved?
A. Leo only
B. Both Leo and Emma
C. Neither of them
D. Emma only",D,D,Yes
llama,meta-llama-3-8b-instruct,5,4,"Story: You can see a dog behind a tree. Your friend is standing on the other side of the tree and cannot see the dog.
Question: What does your friend think is behind the tree?
A. A dog
B. A cat
C. A ball
D. Nothing",D,D,Yes
llama,meta-llama-3-8b-instruct,5,5,"Story: Olivia hides a cookie in a jar. Jack watches. Olivia leaves the room. Jack moves the cookie to a cupboard.
Question: Where is the cookie really?
A. Jar
B. Table
C. Plate
D. Cupboard",D,D,Yes
llama,meta-llama-3-8b-instruct,5,6,"Story: A child hides a toy in a drawer. Another child asks where it is. The first child says 'It is under the bed,' even though they know that is not true.
Question: Why did the child say this?
A. Because they forgot
B. Because they believe it is under the bed
C. To confuse the other child
D. Because they dislike toys",C,C,Yes
llama,meta-llama-3-8b-instruct,5,7,"Story: Mark puts his keys in his backpack. Later someone moves the keys to a desk while Mark is outside.
Question: Where will Mark look for the keys first?
A. Desk
B. Pocket
C. Drawer
D. Backpack",D,D,Yes
llama,meta-llama-3-8b-instruct,5,8,"Story: Sara thinks her lost phone is gone forever. Then she finds it in her jacket pocket.
Question: How will Sara most likely feel when she finds it?
A. Angry
B. Confused
C. Relieved
D. Bored",C,C,Yes
llama,meta-llama-3-8b-instruct,5,9,"Story: Tom places a book in a cabinet while Maya watches. Later Tom leaves the room and Maya moves the book to a drawer.
Question: Does Tom know the book was moved?
A. Yes
B. No",B,B,Yes
llama,meta-llama-3-8b-instruct,5,10,"Story: Anna hides a ball in a basket. Ben watches. Anna leaves the room. Ben moves the ball to a box. Clara sees Ben move it.
Question: Where does Clara think Anna will look for the ball?
A. Box
B. Table
C. Basket
D. Shelf",C,A,No
llama,meta-llama-3-8b-instruct,5,11,"Story: Liam moves his friend's chair slightly before they sit down as a joke.
Question: What was Liam's likely intention?
A. To help his friend
B. To clean the room
C. To move furniture permanently
D. To make his friend laugh",D,D,Yes
llama,meta-llama-3-8b-instruct,5,12,"Story: Emma puts a pen in a drawer and then goes outside to talk on the phone. While she is gone, Noah moves the pen to a box.
Question: Where will Emma look for the pen first?
A. Box
B. Table
C. Drawer
D. Bag",C,C,Yes
llama,meta-llama-3-8b-instruct,5,13,"Story: Jake thinks his friend ignored his message, but actually the friend never received it.
Question: How might Jake feel?
A. Happy
B. Relaxed
C. Hurt
D. Proud",C,C,Yes
llama,meta-llama-3-8b-instruct,5,14,"Story: A toy is behind a couch. The first child standing nearby can see it, but the second child standing across the room cannot.
Question: What does the second child believe?
A. The toy is visible
B. The toy is missing
C. The toy is broken
D. The toy is behind the couch",B,B,Yes
llama,meta-llama-3-8b-instruct,5,15,"Story: Ava hides a ring in a bag. Later someone moves the ring to a drawer while Ava is outside.
Question: Where does Ava think the ring is?
A. Drawer
B. Shelf
C. Table
D. Bag",D,D,Yes
llama,meta-llama-3-8b-instruct,5,16,"Story: Daniel studies very hard for a test and believes he will do well.
Question: How does Daniel most likely feel before taking the test?
A. Angry
B. Bored
C. Nervous but hopeful
D. Confused",C,C,Yes
llama,meta-llama-3-8b-instruct,5,17,"Story: A child tells their friend the candy is in the kitchen even though it is actually in their pocket.
Question: What is the child trying to do?
A. Share the candy
B. Lose the candy
C. Clean the kitchen
D. Hide the candy",D,D,Yes
llama,meta-llama-3-8b-instruct,5,18,"Story: Mia hides a toy in a drawer while Liam is watching. Later Liam leaves the room and Mia moves the toy to a box.
Question: Who knows the toy is in the box?
A. Liam only
B. Both Mia and Liam
C. Mia only
D. Neither",C,C,Yes
llama,meta-llama-3-8b-instruct,5,19,"Story: Noah puts a coin in a jar. Emma watches. Noah leaves. Emma moves the coin to a drawer. Liam sees Emma move it.
Question: Where does Liam think Noah will look for the coin?
A. Drawer
B. Table
C. Shelf
D. Jar",D,A,No
llama,meta-llama-3-8b-instruct,5,20,"Story: Ella believes her favorite mug is broken. Later she discovers it is actually fine.
Question: How will Ella most likely feel when she finds out?
A. Angry
B. Bored
C. Confused
D. Relieved",D,D,Yes
llama,meta-llama-3-8b-instruct,6,1,"Story: Sam puts his watch in a drawer and leaves the room. While he is gone, Alex moves the watch to a box.
Question: Where will Sam look for the watch first?
A. Box
B. Table
C. Drawer
D. Shelf",C,C,Yes
llama,meta-llama-3-8b-instruct,6,2,"Story: Nina thinks her cat ran away, but the cat is actually sleeping under the bed.
Question: How does Nina most likely feel before she checks under the bed?
A. Relieved
B. Proud
C. Excited
D. Worried",D,D,Yes
llama,meta-llama-3-8b-instruct,6,3,"Story: Leo hides a coin in a cup. Emma is watching. Later Leo leaves the room and Emma moves the coin to a drawer.
Question: Who knows the coin was moved?
A. Leo only
B. Both Leo and Emma
C. Neither of them
D. Emma only",D,D,Yes
llama,meta-llama-3-8b-instruct,6,4,"Story: You can see a dog behind a tree. Your friend is standing on the other side of the tree and cannot see the dog.
Question: What does your friend think is behind the tree?
A. A dog
B. A cat
C. A ball
D. Nothing",D,D,Yes
llama,meta-llama-3-8b-instruct,6,5,"Story: Olivia hides a cookie in a jar. Jack watches. Olivia leaves the room. Jack moves the cookie to a cupboard.
Question: Where is the cookie really?
A. Jar
B. Table
C. Plate
D. Cupboard",D,D,Yes
llama,meta-llama-3-8b-instruct,6,6,"Story: A child hides a toy in a drawer. Another child asks where it is. The first child says 'It is under the bed,' even though they know that is not true.
Question: Why did the child say this?
A. Because they forgot
B. Because they believe it is under the bed
C. To confuse the other child
D. Because they dislike toys",C,C,Yes
llama,meta-llama-3-8b-instruct,6,7,"Story: Mark puts his keys in his backpack. Later someone moves the keys to a desk while Mark is outside.
Question: Where will Mark look for the keys first?
A. Desk
B. Pocket
C. Drawer
D. Backpack",D,D,Yes
llama,meta-llama-3-8b-instruct,6,8,"Story: Sara thinks her lost phone is gone forever. Then she finds it in her jacket pocket.
Question: How will Sara most likely feel when she finds it?
A. Angry
B. Confused
C. Relieved
D. Bored",C,C,Yes
llama,meta-llama-3-8b-instruct,6,9,"Story: Tom places a book in a cabinet while Maya watches. Later Tom leaves the room and Maya moves the book to a drawer.
Question: Does Tom know the book was moved?
A. Yes
B. No",B,B,Yes
llama,meta-llama-3-8b-instruct,6,10,"Story: Anna hides a ball in a basket. Ben watches. Anna leaves the room. Ben moves the ball to a box. Clara sees Ben move it.
Question: Where does Clara think Anna will look for the ball?
A. Box
B. Table
C. Basket
D. Shelf",C,A,No
llama,meta-llama-3-8b-instruct,6,11,"Story: Liam moves his friend's chair slightly before they sit down as a joke.
Question: What was Liam's likely intention?
A. To help his friend
B. To clean the room
C. To move furniture permanently
D. To make his friend laugh",D,D,Yes
llama,meta-llama-3-8b-instruct,6,12,"Story: Emma puts a pen in a drawer and then goes outside to talk on the phone. While she is gone, Noah moves the pen to a box.
Question: Where will Emma look for the pen first?
A. Box
B. Table
C. Drawer
D. Bag",C,C,Yes
llama,meta-llama-3-8b-instruct,6,13,"Story: Jake thinks his friend ignored his message, but actually the friend never received it.
Question: How might Jake feel?
A. Happy
B. Relaxed
C. Hurt
D. Proud",C,C,Yes
llama,meta-llama-3-8b-instruct,6,14,"Story: A toy is behind a couch. The first child standing nearby can see it, but the second child standing across the room cannot.
Question: What does the second child believe?
A. The toy is visible
B. The toy is missing
C. The toy is broken
D. The toy is behind the couch",B,D,No
llama,meta-llama-3-8b-instruct,6,15,"Story: Ava hides a ring in a bag. Later someone moves the ring to a drawer while Ava is outside.
Question: Where does Ava think the ring is?
A. Drawer
B. Shelf
C. Table
D. Bag",D,D,Yes
llama,meta-llama-3-8b-instruct,6,16,"Story: Daniel studies very hard for a test and believes he will do well.
Question: How does Daniel most likely feel before taking the test?
A. Angry
B. Bored
C. Nervous but hopeful
D. Confused",C,C,Yes
llama,meta-llama-3-8b-instruct,6,17,"Story: A child tells their friend the candy is in the kitchen even though it is actually in their pocket.
Question: What is the child trying to do?
A. Share the candy
B. Lose the candy
C. Clean the kitchen
D. Hide the candy",D,D,Yes
llama,meta-llama-3-8b-instruct,6,18,"Story: Mia hides a toy in a drawer while Liam is watching. Later Liam leaves the room and Mia moves the toy to a box.
Question: Who knows the toy is in the box?
A. Liam only
B. Both Mia and Liam
C. Mia only
D. Neither",C,C,Yes
llama,meta-llama-3-8b-instruct,6,19,"Story: Noah puts a coin in a jar. Emma watches. Noah leaves. Emma moves the coin to a drawer. Liam sees Emma move it.
Question: Where does Liam think Noah will look for the coin?
A. Drawer
B. Table
C. Shelf
D. Jar",D,A,No
llama,meta-llama-3-8b-instruct,6,20,"Story: Ella believes her favorite mug is broken. Later she discovers it is actually fine.
Question: How will Ella most likely feel when she finds out?
A. Angry
B. Bored
C. Confused
D. Relieved",D,D,Yes
llama,meta-llama-3-8b-instruct,7,1,"Story: Sam puts his watch in a drawer and leaves the room. While he is gone, Alex moves the watch to a box.
Question: Where will Sam look for the watch first?
A. Box
B. Table
C. Drawer
D. Shelf",C,C,Yes
llama,meta-llama-3-8b-instruct,7,2,"Story: Nina thinks her cat ran away, but the cat is actually sleeping under the bed.
Question: How does Nina most likely feel before she checks under the bed?
A. Relieved
B. Proud
C. Excited
D. Worried",D,D,Yes
llama,meta-llama-3-8b-instruct,7,3,"Story: Leo hides a coin in a cup. Emma is watching. Later Leo leaves the room and Emma moves the coin to a drawer.
Question: Who knows the coin was moved?
A. Leo only
B. Both Leo and Emma
C. Neither of them
D. Emma only",D,D,Yes
llama,meta-llama-3-8b-instruct,7,4,"Story: You can see a dog behind a tree. Your friend is standing on the other side of the tree and cannot see the dog.
Question: What does your friend think is behind the tree?
A. A dog
B. A cat
C. A ball
D. Nothing",D,D,Yes
llama,meta-llama-3-8b-instruct,7,5,"Story: Olivia hides a cookie in a jar. Jack watches. Olivia leaves the room. Jack moves the cookie to a cupboard.
Question: Where is the cookie really?
A. Jar
B. Table
C. Plate
D. Cupboard",D,D,Yes
llama,meta-llama-3-8b-instruct,7,6,"Story: A child hides a toy in a drawer. Another child asks where it is. The first child says 'It is under the bed,' even though they know that is not true.
Question: Why did the child say this?
A. Because they forgot
B. Because they believe it is under the bed
C. To confuse the other child
D. Because they dislike toys",C,C,Yes
llama,meta-llama-3-8b-instruct,7,7,"Story: Mark puts his keys in his backpack. Later someone moves the keys to a desk while Mark is outside.
Question: Where will Mark look for the keys first?
A. Desk
B. Pocket
C. Drawer
D. Backpack",D,D,Yes
llama,meta-llama-3-8b-instruct,7,8,"Story: Sara thinks her lost phone is gone forever. Then she finds it in her jacket pocket.
Question: How will Sara most likely feel when she finds it?
A. Angry
B. Confused
C. Relieved
D. Bored",C,C,Yes
llama,meta-llama-3-8b-instruct,7,9,"Story: Tom places a book in a cabinet while Maya watches. Later Tom leaves the room and Maya moves the book to a drawer.
Question: Does Tom know the book was moved?
A. Yes
B. No",B,B,Yes
llama,meta-llama-3-8b-instruct,7,10,"Story: Anna hides a ball in a basket. Ben watches. Anna leaves the room. Ben moves the ball to a box. Clara sees Ben move it.
Question: Where does Clara think Anna will look for the ball?
A. Box
B. Table
C. Basket
D. Shelf",C,A,No
llama,meta-llama-3-8b-instruct,7,11,"Story: Liam moves his friend's chair slightly before they sit down as a joke.
Question: What was Liam's likely intention?
A. To help his friend
B. To clean the room
C. To move furniture permanently
D. To make his friend laugh",D,D,Yes
llama,meta-llama-3-8b-instruct,7,12,"Story: Emma puts a pen in a drawer and then goes outside to talk on the phone. While she is gone, Noah moves the pen to a box.
Question: Where will Emma look for the pen first?
A. Box
B. Table
C. Drawer
D. Bag",C,C,Yes
llama,meta-llama-3-8b-instruct,7,13,"Story: Jake thinks his friend ignored his message, but actually the friend never received it.
Question: How might Jake feel?
A. Happy
B. Relaxed
C. Hurt
D. Proud",C,C,Yes
llama,meta-llama-3-8b-instruct,7,14,"Story: A toy is behind a couch. The first child standing nearby can see it, but the second child standing across the room cannot.
Question: What does the second child believe?
A. The toy is visible
B. The toy is missing
C. The toy is broken
D. The toy is behind the couch",B,D,No
llama,meta-llama-3-8b-instruct,7,15,"Story: Ava hides a ring in a bag. Later someone moves the ring to a drawer while Ava is outside.
Question: Where does Ava think the ring is?
A. Drawer
B. Shelf
C. Table
D. Bag",D,D,Yes
llama,meta-llama-3-8b-instruct,7,16,"Story: Daniel studies very hard for a test and believes he will do well.
Question: How does Daniel most likely feel before taking the test?
A. Angry
B. Bored
C. Nervous but hopeful
D. Confused",C,C,Yes
llama,meta-llama-3-8b-instruct,7,17,"Story: A child tells their friend the candy is in the kitchen even though it is actually in their pocket.
Question: What is the child trying to do?
A. Share the candy
B. Lose the candy
C. Clean the kitchen
D. Hide the candy",D,D,Yes
llama,meta-llama-3-8b-instruct,7,18,"Story: Mia hides a toy in a drawer while Liam is watching. Later Liam leaves the room and Mia moves the toy to a box.
Question: Who knows the toy is in the box?
A. Liam only
B. Both Mia and Liam
C. Mia only
D. Neither",C,C,Yes
llama,meta-llama-3-8b-instruct,7,19,"Story: Noah puts a coin in a jar. Emma watches. Noah leaves. Emma moves the coin to a drawer. Liam sees Emma move it.
Question: Where does Liam think Noah will look for the coin?
A. Drawer
B. Table
C. Shelf
D. Jar",D,A,No
llama,meta-llama-3-8b-instruct,7,20,"Story: Ella believes her favorite mug is broken. Later she discovers it is actually fine.
Question: How will Ella most likely feel when she finds out?
A. Angry
B. Bored
C. Confused
D. Relieved",D,D,Yes
llama,meta-llama-3-8b-instruct,8,1,"Story: Sam puts his watch in a drawer and leaves the room. While he is gone, Alex moves the watch to a box.
Question: Where will Sam look for the watch first?
A. Box
B. Table
C. Drawer
D. Shelf",C,C,Yes
llama,meta-llama-3-8b-instruct,8,2,"Story: Nina thinks her cat ran away, but the cat is actually sleeping under the bed.
Question: How does Nina most likely feel before she checks under the bed?
A. Relieved
B. Proud
C. Excited
D. Worried",D,D,Yes
llama,meta-llama-3-8b-instruct,8,3,"Story: Leo hides a coin in a cup. Emma is watching. Later Leo leaves the room and Emma moves the coin to a drawer.
Question: Who knows the coin was moved?
A. Leo only
B. Both Leo and Emma
C. Neither of them
D. Emma only",D,D,Yes
llama,meta-llama-3-8b-instruct,8,4,"Story: You can see a dog behind a tree. Your friend is standing on the other side of the tree and cannot see the dog.
Question: What does your friend think is behind the tree?
A. A dog
B. A cat
C. A ball
D. Nothing",D,D,Yes
llama,meta-llama-3-8b-instruct,8,5,"Story: Olivia hides a cookie in a jar. Jack watches. Olivia leaves the room. Jack moves the cookie to a cupboard.
Question: Where is the cookie really?
A. Jar
B. Table
C. Plate
D. Cupboard",D,D,Yes
llama,meta-llama-3-8b-instruct,8,6,"Story: A child hides a toy in a drawer. Another child asks where it is. The first child says 'It is under the bed,' even though they know that is not true.
Question: Why did the child say this?
A. Because they forgot
B. Because they believe it is under the bed
C. To confuse the other child
D. Because they dislike toys",C,C,Yes
llama,meta-llama-3-8b-instruct,8,7,"Story: Mark puts his keys in his backpack. Later someone moves the keys to a desk while Mark is outside.
Question: Where will Mark look for the keys first?
A. Desk
B. Pocket
C. Drawer
D. Backpack",D,D,Yes
llama,meta-llama-3-8b-instruct,8,8,"Story: Sara thinks her lost phone is gone forever. Then she finds it in her jacket pocket.
Question: How will Sara most likely feel when she finds it?
A. Angry
B. Confused
C. Relieved
D. Bored",C,C,Yes
llama,meta-llama-3-8b-instruct,8,9,"Story: Tom places a book in a cabinet while Maya watches. Later Tom leaves the room and Maya moves the book to a drawer.
Question: Does Tom know the book was moved?
A. Yes
B. No",B,B,Yes
llama,meta-llama-3-8b-instruct,8,10,"Story: Anna hides a ball in a basket. Ben watches. Anna leaves the room. Ben moves the ball to a box. Clara sees Ben move it.
Question: Where does Clara think Anna will look for the ball?
A. Box
B. Table
C. Basket
D. Shelf",C,A,No
llama,meta-llama-3-8b-instruct,8,11,"Story: Liam moves his friend's chair slightly before they sit down as a joke.
Question: What was Liam's likely intention?
A. To help his friend
B. To clean the room
C. To move furniture permanently
D. To make his friend laugh",D,D,Yes
llama,meta-llama-3-8b-instruct,8,12,"Story: Emma puts a pen in a drawer and then goes outside to talk on the phone. While she is gone, Noah moves the pen to a box.
Question: Where will Emma look for the pen first?
A. Box
B. Table
C. Drawer
D. Bag",C,C,Yes
llama,meta-llama-3-8b-instruct,8,13,"Story: Jake thinks his friend ignored his message, but actually the friend never received it.
Question: How might Jake feel?
A. Happy
B. Relaxed
C. Hurt
D. Proud",C,C,Yes
llama,meta-llama-3-8b-instruct,8,14,"Story: A toy is behind a couch. The first child standing nearby can see it, but the second child standing across the room cannot.
Question: What does the second child believe?
A. The toy is visible
B. The toy is missing
C. The toy is broken
D. The toy is behind the couch",B,B,Yes
llama,meta-llama-3-8b-instruct,8,15,"Story: Ava hides a ring in a bag. Later someone moves the ring to a drawer while Ava is outside.
Question: Where does Ava think the ring is?
A. Drawer
B. Shelf
C. Table
D. Bag",D,D,Yes
llama,meta-llama-3-8b-instruct,8,16,"Story: Daniel studies very hard for a test and believes he will do well.
Question: How does Daniel most likely feel before taking the test?
A. Angry
B. Bored
C. Nervous but hopeful
D. Confused",C,C,Yes
llama,meta-llama-3-8b-instruct,8,17,"Story: A child tells their friend the candy is in the kitchen even though it is actually in their pocket.
Question: What is the child trying to do?
A. Share the candy
B. Lose the candy
C. Clean the kitchen
D. Hide the candy",D,D,Yes
llama,meta-llama-3-8b-instruct,8,18,"Story: Mia hides a toy in a drawer while Liam is watching. Later Liam leaves the room and Mia moves the toy to a box.
Question: Who knows the toy is in the box?
A. Liam only
B. Both Mia and Liam
C. Mia only
D. Neither",C,C,Yes
llama,meta-llama-3-8b-instruct,8,19,"Story: Noah puts a coin in a jar. Emma watches. Noah leaves. Emma moves the coin to a drawer. Liam sees Emma move it.
Question: Where does Liam think Noah will look for the coin?
A. Drawer
B. Table
C. Shelf
D. Jar",D,A,No
llama,meta-llama-3-8b-instruct,8,20,"Story: Ella believes her favorite mug is broken. Later she discovers it is actually fine.
Question: How will Ella most likely feel when she finds out?
A. Angry
B. Bored
C. Confused
D. Relieved",D,D,Yes
llama,meta-llama-3-8b-instruct,9,1,"Story: Sam puts his watch in a drawer and leaves the room. While he is gone, Alex moves the watch to a box.
Question: Where will Sam look for the watch first?
A. Box
B. Table
C. Drawer
D. Shelf",C,C,Yes
llama,meta-llama-3-8b-instruct,9,2,"Story: Nina thinks her cat ran away, but the cat is actually sleeping under the bed.
Question: How does Nina most likely feel before she checks under the bed?
A. Relieved
B. Proud
C. Excited
D. Worried",D,D,Yes
llama,meta-llama-3-8b-instruct,9,3,"Story: Leo hides a coin in a cup. Emma is watching. Later Leo leaves the room and Emma moves the coin to a drawer.
Question: Who knows the coin was moved?
A. Leo only
B. Both Leo and Emma
C. Neither of them
D. Emma only",D,D,Yes
llama,meta-llama-3-8b-instruct,9,4,"Story: You can see a dog behind a tree. Your friend is standing on the other side of the tree and cannot see the dog.
Question: What does your friend think is behind the tree?
A. A dog
B. A cat
C. A ball
D. Nothing",D,D,Yes
llama,meta-llama-3-8b-instruct,9,5,"Story: Olivia hides a cookie in a jar. Jack watches. Olivia leaves the room. Jack moves the cookie to a cupboard.
Question: Where is the cookie really?
A. Jar
B. Table
C. Plate
D. Cupboard",D,D,Yes
llama,meta-llama-3-8b-instruct,9,6,"Story: A child hides a toy in a drawer. Another child asks where it is. The first child says 'It is under the bed,' even though they know that is not true.
Question: Why did the child say this?
A. Because they forgot
B. Because they believe it is under the bed
C. To confuse the other child
D. Because they dislike toys",C,C,Yes
llama,meta-llama-3-8b-instruct,9,7,"Story: Mark puts his keys in his backpack. Later someone moves the keys to a desk while Mark is outside.
Question: Where will Mark look for the keys first?
A. Desk
B. Pocket
C. Drawer
D. Backpack",D,D,Yes
llama,meta-llama-3-8b-instruct,9,8,"Story: Sara thinks her lost phone is gone forever. Then she finds it in her jacket pocket.
Question: How will Sara most likely feel when she finds it?
A. Angry
B. Confused
C. Relieved
D. Bored",C,C,Yes
llama,meta-llama-3-8b-instruct,9,9,"Story: Tom places a book in a cabinet while Maya watches. Later Tom leaves the room and Maya moves the book to a drawer.
Question: Does Tom know the book was moved?
A. Yes
B. No",B,B,Yes
llama,meta-llama-3-8b-instruct,9,10,"Story: Anna hides a ball in a basket. Ben watches. Anna leaves the room. Ben moves the ball to a box. Clara sees Ben move it.
Question: Where does Clara think Anna will look for the ball?
A. Box
B. Table
C. Basket
D. Shelf",C,A,No
llama,meta-llama-3-8b-instruct,9,11,"Story: Liam moves his friend's chair slightly before they sit down as a joke.
Question: What was Liam's likely intention?
A. To help his friend
B. To clean the room
C. To move furniture permanently
D. To make his friend laugh",D,D,Yes
llama,meta-llama-3-8b-instruct,9,12,"Story: Emma puts a pen in a drawer and then goes outside to talk on the phone. While she is gone, Noah moves the pen to a box.
Question: Where will Emma look for the pen first?
A. Box
B. Table
C. Drawer
D. Bag",C,C,Yes
llama,meta-llama-3-8b-instruct,9,13,"Story: Jake thinks his friend ignored his message, but actually the friend never received it.
Question: How might Jake feel?
A. Happy
B. Relaxed
C. Hurt
D. Proud",C,C,Yes
llama,meta-llama-3-8b-instruct,9,14,"Story: A toy is behind a couch. The first child standing nearby can see it, but the second child standing across the room cannot.
Question: What does the second child believe?
A. The toy is visible
B. The toy is missing
C. The toy is broken
D. The toy is behind the couch",B,B,Yes
llama,meta-llama-3-8b-instruct,9,15,"Story: Ava hides a ring in a bag. Later someone moves the ring to a drawer while Ava is outside.
Question: Where does Ava think the ring is?
A. Drawer
B. Shelf
C. Table
D. Bag",D,D,Yes
llama,meta-llama-3-8b-instruct,9,16,"Story: Daniel studies very hard for a test and believes he will do well.
Question: How does Daniel most likely feel before taking the test?
A. Angry
B. Bored
C. Nervous but hopeful
D. Confused",C,C,Yes
llama,meta-llama-3-8b-instruct,9,17,"Story: A child tells their friend the candy is in the kitchen even though it is actually in their pocket.
Question: What is the child trying to do?
A. Share the candy
B. Lose the candy
C. Clean the kitchen
D. Hide the candy",D,D,Yes
llama,meta-llama-3-8b-instruct,9,18,"Story: Mia hides a toy in a drawer while Liam is watching. Later Liam leaves the room and Mia moves the toy to a box.
Question: Who knows the toy is in the box?
A. Liam only
B. Both Mia and Liam
C. Mia only
D. Neither",C,C,Yes
llama,meta-llama-3-8b-instruct,9,19,"Story: Noah puts a coin in a jar. Emma watches. Noah leaves. Emma moves the coin to a drawer. Liam sees Emma move it.
Question: Where does Liam think Noah will look for the coin?
A. Drawer
B. Table
C. Shelf
D. Jar",D,A,No
llama,meta-llama-3-8b-instruct,9,20,"Story: Ella believes her favorite mug is broken. Later she discovers it is actually fine.
Question: How will Ella most likely feel when she finds out?
A. Angry
B. Bored
C. Confused
D. Relieved",D,D,Yes
llama,meta-llama-3-8b-instruct,10,1,"Story: Sam puts his watch in a drawer and leaves the room. While he is gone, Alex moves the watch to a box.
Question: Where will Sam look for the watch first?
A. Box
B. Table
C. Drawer
D. Shelf",C,C,Yes
llama,meta-llama-3-8b-instruct,10,2,"Story: Nina thinks her cat ran away, but the cat is actually sleeping under the bed.
Question: How does Nina most likely feel before she checks under the bed?
A. Relieved
B. Proud
C. Excited
D. Worried",D,D,Yes
llama,meta-llama-3-8b-instruct,10,3,"Story: Leo hides a coin in a cup. Emma is watching. Later Leo leaves the room and Emma moves the coin to a drawer.
Question: Who knows the coin was moved?
A. Leo only
B. Both Leo and Emma
C. Neither of them
D. Emma only",D,D,Yes
llama,meta-llama-3-8b-instruct,10,4,"Story: You can see a dog behind a tree. Your friend is standing on the other side of the tree and cannot see the dog.
Question: What does your friend think is behind the tree?
A. A dog
B. A cat
C. A ball
D. Nothing",D,D,Yes
llama,meta-llama-3-8b-instruct,10,5,"Story: Olivia hides a cookie in a jar. Jack watches. Olivia leaves the room. Jack moves the cookie to a cupboard.
Question: Where is the cookie really?
A. Jar
B. Table
C. Plate
D. Cupboard",D,D,Yes
llama,meta-llama-3-8b-instruct,10,6,"Story: A child hides a toy in a drawer. Another child asks where it is. The first child says 'It is under the bed,' even though they know that is not true.
Question: Why did the child say this?
A. Because they forgot
B. Because they believe it is under the bed
C. To confuse the other child
D. Because they dislike toys",C,C,Yes
llama,meta-llama-3-8b-instruct,10,7,"Story: Mark puts his keys in his backpack. Later someone moves the keys to a desk while Mark is outside.
Question: Where will Mark look for the keys first?
A. Desk
B. Pocket
C. Drawer
D. Backpack",D,D,Yes
llama,meta-llama-3-8b-instruct,10,8,"Story: Sara thinks her lost phone is gone forever. Then she finds it in her jacket pocket.
Question: How will Sara most likely feel when she finds it?
A. Angry
B. Confused
C. Relieved
D. Bored",C,C,Yes
llama,meta-llama-3-8b-instruct,10,9,"Story: Tom places a book in a cabinet while Maya watches. Later Tom leaves the room and Maya moves the book to a drawer.
Question: Does Tom know the book was moved?
A. Yes
B. No",B,B,Yes
llama,meta-llama-3-8b-instruct,10,10,"Story: Anna hides a ball in a basket. Ben watches. Anna leaves the room. Ben moves the ball to a box. Clara sees Ben move it.
Question: Where does Clara think Anna will look for the ball?
A. Box
B. Table
C. Basket
D. Shelf",C,A,No
llama,meta-llama-3-8b-instruct,10,11,"Story: Liam moves his friend's chair slightly before they sit down as a joke.
Question: What was Liam's likely intention?
A. To help his friend
B. To clean the room
C. To move furniture permanently
D. To make his friend laugh",D,D,Yes
llama,meta-llama-3-8b-instruct,10,12,"Story: Emma puts a pen in a drawer and then goes outside to talk on the phone. While she is gone, Noah moves the pen to a box.
Question: Where will Emma look for the pen first?
A. Box
B. Table
C. Drawer
D. Bag",C,C,Yes
llama,meta-llama-3-8b-instruct,10,13,"Story: Jake thinks his friend ignored his message, but actually the friend never received it.
Question: How might Jake feel?
A. Happy
B. Relaxed
C. Hurt
D. Proud",C,C,Yes
llama,meta-llama-3-8b-instruct,10,14,"Story: A toy is behind a couch. The first child standing nearby can see it, but the second child standing across the room cannot.
Question: What does the second child believe?
A. The toy is visible
B. The toy is missing
C. The toy is broken
D. The toy is behind the couch",B,B,Yes
llama,meta-llama-3-8b-instruct,10,15,"Story: Ava hides a ring in a bag. Later someone moves the ring to a drawer while Ava is outside.
Question: Where does Ava think the ring is?
A. Drawer
B. Shelf
C. Table
D. Bag",D,D,Yes
llama,meta-llama-3-8b-instruct,10,16,"Story: Daniel studies very hard for a test and believes he will do well.
Question: How does Daniel most likely feel before taking the test?
A. Angry
B. Bored
C. Nervous but hopeful
D. Confused",C,C,Yes
llama,meta-llama-3-8b-instruct,10,17,"Story: A child tells their friend the candy is in the kitchen even though it is actually in their pocket.
Question: What is the child trying to do?
A. Share the candy
B. Lose the candy
C. Clean the kitchen
D. Hide the candy",D,D,Yes
llama,meta-llama-3-8b-instruct,10,18,"Story: Mia hides a toy in a drawer while Liam is watching. Later Liam leaves the room and Mia moves the toy to a box.
Question: Who knows the toy is in the box?
A. Liam only
B. Both Mia and Liam
C. Mia only
D. Neither",C,C,Yes
llama,meta-llama-3-8b-instruct,10,19,"Story: Noah puts a coin in a jar. Emma watches. Noah leaves. Emma moves the coin to a drawer. Liam sees Emma move it.
Question: Where does Liam think Noah will look for the coin?
A. Drawer
B. Table
C. Shelf
D. Jar",D,A,No
llama,meta-llama-3-8b-instruct,10,20,"Story: Ella believes her favorite mug is broken. Later she discovers it is actually fine.
Question: How will Ella most likely feel when she finds out?
A. Angry
B. Bored
C. Confused
D. Relieved",D,D,Yes
llama,meta-llama-3-8b-instruct,11,1,"Story: Sam puts his watch in a drawer and leaves the room. While he is gone, Alex moves the watch to a box.
Question: Where will Sam look for the watch first?
A. Box
B. Table
C. Drawer
D. Shelf",C,C,Yes
llama,meta-llama-3-8b-instruct,11,2,"Story: Nina thinks her cat ran away, but the cat is actually sleeping under the bed.
Question: How does Nina most likely feel before she checks under the bed?
A. Relieved
B. Proud
C. Excited
D. Worried",D,D,Yes
llama,meta-llama-3-8b-instruct,11,3,"Story: Leo hides a coin in a cup. Emma is watching. Later Leo leaves the room and Emma moves the coin to a drawer.
Question: Who knows the coin was moved?
A. Leo only
B. Both Leo and Emma
C. Neither of them
D. Emma only",D,D,Yes
llama,meta-llama-3-8b-instruct,11,4,"Story: You can see a dog behind a tree. Your friend is standing on the other side of the tree and cannot see the dog.
Question: What does your friend think is behind the tree?
A. A dog
B. A cat
C. A ball
D. Nothing",D,D,Yes
llama,meta-llama-3-8b-instruct,11,5,"Story: Olivia hides a cookie in a jar. Jack watches. Olivia leaves the room. Jack moves the cookie to a cupboard.
Question: Where is the cookie really?
A. Jar
B. Table
C. Plate
D. Cupboard",D,D,Yes
llama,meta-llama-3-8b-instruct,11,6,"Story: A child hides a toy in a drawer. Another child asks where it is. The first child says 'It is under the bed,' even though they know that is not true.
Question: Why did the child say this?
A. Because they forgot
B. Because they believe it is under the bed
C. To confuse the other child
D. Because they dislike toys",C,C,Yes
llama,meta-llama-3-8b-instruct,11,7,"Story: Mark puts his keys in his backpack. Later someone moves the keys to a desk while Mark is outside.
Question: Where will Mark look for the keys first?
A. Desk
B. Pocket
C. Drawer
D. Backpack",D,D,Yes
llama,meta-llama-3-8b-instruct,11,8,"Story: Sara thinks her lost phone is gone forever. Then she finds it in her jacket pocket.
Question: How will Sara most likely feel when she finds it?
A. Angry
B. Confused
C. Relieved
D. Bored",C,C,Yes
llama,meta-llama-3-8b-instruct,11,9,"Story: Tom places a book in a cabinet while Maya watches. Later Tom leaves the room and Maya moves the book to a drawer.
Question: Does Tom know the book was moved?
A. Yes
B. No",B,B,Yes
llama,meta-llama-3-8b-instruct,11,10,"Story: Anna hides a ball in a basket. Ben watches. Anna leaves the room. Ben moves the ball to a box. Clara sees Ben move it.
Question: Where does Clara think Anna will look for the ball?
A. Box
B. Table
C. Basket
D. Shelf",C,C,Yes
llama,meta-llama-3-8b-instruct,11,11,"Story: Liam moves his friend's chair slightly before they sit down as a joke.
Question: What was Liam's likely intention?
A. To help his friend
B. To clean the room
C. To move furniture permanently
D. To make his friend laugh",D,D,Yes
llama,meta-llama-3-8b-instruct,11,12,"Story: Emma puts a pen in a drawer and then goes outside to talk on the phone. While she is gone, Noah moves the pen to a box.
Question: Where will Emma look for the pen first?
A. Box
B. Table
C. Drawer
D. Bag",C,C,Yes
llama,meta-llama-3-8b-instruct,11,13,"Story: Jake thinks his friend ignored his message, but actually the friend never received it.
Question: How might Jake feel?
A. Happy
B. Relaxed
C. Hurt
D. Proud",C,C,Yes
llama,meta-llama-3-8b-instruct,11,14,"Story: A toy is behind a couch. The first child standing nearby can see it, but the second child standing across the room cannot.
Question: What does the second child believe?
A. The toy is visible
B. The toy is missing
C. The toy is broken
D. The toy is behind the couch",B,B,Yes
llama,meta-llama-3-8b-instruct,11,15,"Story: Ava hides a ring in a bag. Later someone moves the ring to a drawer while Ava is outside.
Question: Where does Ava think the ring is?
A. Drawer
B. Shelf
C. Table
D. Bag",D,D,Yes
llama,meta-llama-3-8b-instruct,11,16,"Story: Daniel studies very hard for a test and believes he will do well.
Question: How does Daniel most likely feel before taking the test?
A. Angry
B. Bored
C. Nervous but hopeful
D. Confused",C,C,Yes
llama,meta-llama-3-8b-instruct,11,17,"Story: A child tells their friend the candy is in the kitchen even though it is actually in their pocket.
Question: What is the child trying to do?
A. Share the candy
B. Lose the candy
C. Clean the kitchen
D. Hide the candy",D,D,Yes
llama,meta-llama-3-8b-instruct,11,18,"Story: Mia hides a toy in a drawer while Liam is watching. Later Liam leaves the room and Mia moves the toy to a box.
Question: Who knows the toy is in the box?
A. Liam only
B. Both Mia and Liam
C. Mia only
D. Neither",C,C,Yes
llama,meta-llama-3-8b-instruct,11,19,"Story: Noah puts a coin in a jar. Emma watches. Noah leaves. Emma moves the coin to a drawer. Liam sees Emma move it.
Question: Where does Liam think Noah will look for the coin?
A. Drawer
B. Table
C. Shelf
D. Jar",D,A,No
llama,meta-llama-3-8b-instruct,11,20,"Story: Ella believes her favorite mug is broken. Later she discovers it is actually fine.
Question: How will Ella most likely feel when she finds out?
A. Angry
B. Bored
C. Confused
D. Relieved",D,D,Yes
llama,meta-llama-3-8b-instruct,12,1,"Story: Sam puts his watch in a drawer and leaves the room. While he is gone, Alex moves the watch to a box.
Question: Where will Sam look for the watch first?
A. Box
B. Table
C. Drawer
D. Shelf",C,C,Yes
llama,meta-llama-3-8b-instruct,12,2,"Story: Nina thinks her cat ran away, but the cat is actually sleeping under the bed.
Question: How does Nina most likely feel before she checks under the bed?
A. Relieved
B. Proud
C. Excited
D. Worried",D,D,Yes
llama,meta-llama-3-8b-instruct,12,3,"Story: Leo hides a coin in a cup. Emma is watching. Later Leo leaves the room and Emma moves the coin to a drawer.
Question: Who knows the coin was moved?
A. Leo only
B. Both Leo and Emma
C. Neither of them
D. Emma only",D,D,Yes
llama,meta-llama-3-8b-instruct,12,4,"Story: You can see a dog behind a tree. Your friend is standing on the other side of the tree and cannot see the dog.
Question: What does your friend think is behind the tree?
A. A dog
B. A cat
C. A ball
D. Nothing",D,D,Yes
llama,meta-llama-3-8b-instruct,12,5,"Story: Olivia hides a cookie in a jar. Jack watches. Olivia leaves the room. Jack moves the cookie to a cupboard.
Question: Where is the cookie really?
A. Jar
B. Table
C. Plate
D. Cupboard",D,D,Yes
llama,meta-llama-3-8b-instruct,12,6,"Story: A child hides a toy in a drawer. Another child asks where it is. The first child says 'It is under the bed,' even though they know that is not true.
Question: Why did the child say this?
A. Because they forgot
B. Because they believe it is under the bed
C. To confuse the other child
D. Because they dislike toys",C,C,Yes
llama,meta-llama-3-8b-instruct,12,7,"Story: Mark puts his keys in his backpack. Later someone moves the keys to a desk while Mark is outside.
Question: Where will Mark look for the keys first?
A. Desk
B. Pocket
C. Drawer
D. Backpack",D,D,Yes
llama,meta-llama-3-8b-instruct,12,8,"Story: Sara thinks her lost phone is gone forever. Then she finds it in her jacket pocket.
Question: How will Sara most likely feel when she finds it?
A. Angry
B. Confused
C. Relieved
D. Bored",C,C,Yes
llama,meta-llama-3-8b-instruct,12,9,"Story: Tom places a book in a cabinet while Maya watches. Later Tom leaves the room and Maya moves the book to a drawer.
Question: Does Tom know the book was moved?
A. Yes
B. No",B,B,Yes
llama,meta-llama-3-8b-instruct,12,10,"Story: Anna hides a ball in a basket. Ben watches. Anna leaves the room. Ben moves the ball to a box. Clara sees Ben move it.
Question: Where does Clara think Anna will look for the ball?
A. Box
B. Table
C. Basket
D. Shelf",C,A,No
llama,meta-llama-3-8b-instruct,12,11,"Story: Liam moves his friend's chair slightly before they sit down as a joke.
Question: What was Liam's likely intention?
A. To help his friend
B. To clean the room
C. To move furniture permanently
D. To make his friend laugh",D,D,Yes
llama,meta-llama-3-8b-instruct,12,12,"Story: Emma puts a pen in a drawer and then goes outside to talk on the phone. While she is gone, Noah moves the pen to a box.
Question: Where will Emma look for the pen first?
A. Box
B. Table
C. Drawer
D. Bag",C,C,Yes
llama,meta-llama-3-8b-instruct,12,13,"Story: Jake thinks his friend ignored his message, but actually the friend never received it.
Question: How might Jake feel?
A. Happy
B. Relaxed
C. Hurt
D. Proud",C,C,Yes
llama,meta-llama-3-8b-instruct,12,14,"Story: A toy is behind a couch. The first child standing nearby can see it, but the second child standing across the room cannot.
Question: What does the second child believe?
A. The toy is visible
B. The toy is missing
C. The toy is broken
D. The toy is behind the couch",B,B,Yes
llama,meta-llama-3-8b-instruct,12,15,"Story: Ava hides a ring in a bag. Later someone moves the ring to a drawer while Ava is outside.
Question: Where does Ava think the ring is?
A. Drawer
B. Shelf
C. Table
D. Bag",D,D,Yes
llama,meta-llama-3-8b-instruct,12,16,"Story: Daniel studies very hard for a test and believes he will do well.
Question: How does Daniel most likely feel before taking the test?
A. Angry
B. Bored
C. Nervous but hopeful
D. Confused",C,C,Yes
llama,meta-llama-3-8b-instruct,12,17,"Story: A child tells their friend the candy is in the kitchen even though it is actually in their pocket.
Question: What is the child trying to do?
A. Share the candy
B. Lose the candy
C. Clean the kitchen
D. Hide the candy",D,D,Yes
llama,meta-llama-3-8b-instruct,12,18,"Story: Mia hides a toy in a drawer while Liam is watching. Later Liam leaves the room and Mia moves the toy to a box.
Question: Who knows the toy is in the box?
A. Liam only
B. Both Mia and Liam
C. Mia only
D. Neither",C,C,Yes
llama,meta-llama-3-8b-instruct,12,19,"Story: Noah puts a coin in a jar. Emma watches. Noah leaves. Emma moves the coin to a drawer. Liam sees Emma move it.
Question: Where does Liam think Noah will look for the coin?
A. Drawer
B. Table
C. Shelf
D. Jar",D,A,No
llama,meta-llama-3-8b-instruct,12,20,"Story: Ella believes her favorite mug is broken. Later she discovers it is actually fine.
Question: How will Ella most likely feel when she finds out?
A. Angry
B. Bored
C. Confused
D. Relieved",D,D,Yes
llama,meta-llama-3-8b-instruct,13,1,"Story: Sam puts his watch in a drawer and leaves the room. While he is gone, Alex moves the watch to a box.
Question: Where will Sam look for the watch first?
A. Box
B. Table
C. Drawer
D. Shelf",C,C,Yes
llama,meta-llama-3-8b-instruct,13,2,"Story: Nina thinks her cat ran away, but the cat is actually sleeping under the bed.
Question: How does Nina most likely feel before she checks under the bed?
A. Relieved
B. Proud
C. Excited
D. Worried",D,D,Yes
llama,meta-llama-3-8b-instruct,13,3,"Story: Leo hides a coin in a cup. Emma is watching. Later Leo leaves the room and Emma moves the coin to a drawer.
Question: Who knows the coin was moved?
A. Leo only
B. Both Leo and Emma
C. Neither of them
D. Emma only",D,D,Yes
llama,meta-llama-3-8b-instruct,13,4,"Story: You can see a dog behind a tree. Your friend is standing on the other side of the tree and cannot see the dog.
Question: What does your friend think is behind the tree?
A. A dog
B. A cat
C. A ball
D. Nothing",D,D,Yes
llama,meta-llama-3-8b-instruct,13,5,"Story: Olivia hides a cookie in a jar. Jack watches. Olivia leaves the room. Jack moves the cookie to a cupboard.
Question: Where is the cookie really?
A. Jar
B. Table
C. Plate
D. Cupboard",D,D,Yes
llama,meta-llama-3-8b-instruct,13,6,"Story: A child hides a toy in a drawer. Another child asks where it is. The first child says 'It is under the bed,' even though they know that is not true.
Question: Why did the child say this?
A. Because they forgot
B. Because they believe it is under the bed
C. To confuse the other child
D. Because they dislike toys",C,C,Yes
llama,meta-llama-3-8b-instruct,13,7,"Story: Mark puts his keys in his backpack. Later someone moves the keys to a desk while Mark is outside.
Question: Where will Mark look for the keys first?
A. Desk
B. Pocket
C. Drawer
D. Backpack",D,D,Yes
llama,meta-llama-3-8b-instruct,13,8,"Story: Sara thinks her lost phone is gone forever. Then she finds it in her jacket pocket.
Question: How will Sara most likely feel when she finds it?
A. Angry
B. Confused
C. Relieved
D. Bored",C,C,Yes
llama,meta-llama-3-8b-instruct,13,9,"Story: Tom places a book in a cabinet while Maya watches. Later Tom leaves the room and Maya moves the book to a drawer.
Question: Does Tom know the book was moved?
A. Yes
B. No",B,B,Yes
llama,meta-llama-3-8b-instruct,13,10,"Story: Anna hides a ball in a basket. Ben watches. Anna leaves the room. Ben moves the ball to a box. Clara sees Ben move it.
Question: Where does Clara think Anna will look for the ball?
A. Box
B. Table
C. Basket
D. Shelf",C,C,Yes
llama,meta-llama-3-8b-instruct,13,11,"Story: Liam moves his friend's chair slightly before they sit down as a joke.
Question: What was Liam's likely intention?
A. To help his friend
B. To clean the room
C. To move furniture permanently
D. To make his friend laugh",D,D,Yes
llama,meta-llama-3-8b-instruct,13,12,"Story: Emma puts a pen in a drawer and then goes outside to talk on the phone. While she is gone, Noah moves the pen to a box.
Question: Where will Emma look for the pen first?
A. Box
B. Table
C. Drawer
D. Bag",C,C,Yes
llama,meta-llama-3-8b-instruct,13,13,"Story: Jake thinks his friend ignored his message, but actually the friend never received it.
Question: How might Jake feel?
A. Happy
B. Relaxed
C. Hurt
D. Proud",C,C,Yes
llama,meta-llama-3-8b-instruct,13,14,"Story: A toy is behind a couch. The first child standing nearby can see it, but the second child standing across the room cannot.
Question: What does the second child believe?
A. The toy is visible
B. The toy is missing
C. The toy is broken
D. The toy is behind the couch",B,B,Yes
llama,meta-llama-3-8b-instruct,13,15,"Story: Ava hides a ring in a bag. Later someone moves the ring to a drawer while Ava is outside.
Question: Where does Ava think the ring is?
A. Drawer
B. Shelf
C. Table
D. Bag",D,D,Yes
llama,meta-llama-3-8b-instruct,13,16,"Story: Daniel studies very hard for a test and believes he will do well.
Question: How does Daniel most likely feel before taking the test?
A. Angry
B. Bored
C. Nervous but hopeful
D. Confused",C,C,Yes
llama,meta-llama-3-8b-instruct,13,17,"Story: A child tells their friend the candy is in the kitchen even though it is actually in their pocket.
Question: What is the child trying to do?
A. Share the candy
B. Lose the candy
C. Clean the kitchen
D. Hide the candy",D,D,Yes
llama,meta-llama-3-8b-instruct,13,18,"Story: Mia hides a toy in a drawer while Liam is watching. Later Liam leaves the room and Mia moves the toy to a box.
Question: Who knows the toy is in the box?
A. Liam only
B. Both Mia and Liam
C. Mia only
D. Neither",C,C,Yes
llama,meta-llama-3-8b-instruct,13,19,"Story: Noah puts a coin in a jar. Emma watches. Noah leaves. Emma moves the coin to a drawer. Liam sees Emma move it.
Question: Where does Liam think Noah will look for the coin?
A. Drawer
B. Table
C. Shelf
D. Jar",D,A,No
llama,meta-llama-3-8b-instruct,13,20,"Story: Ella believes her favorite mug is broken. Later she discovers it is actually fine.
Question: How will Ella most likely feel when she finds out?
A. Angry
B. Bored
C. Confused
D. Relieved",D,D,Yes
llama,meta-llama-3-8b-instruct,14,1,"Story: Sam puts his watch in a drawer and leaves the room. While he is gone, Alex moves the watch to a box.
Question: Where will Sam look for the watch first?
A. Box
B. Table
C. Drawer
D. Shelf",C,C,Yes
llama,meta-llama-3-8b-instruct,14,2,"Story: Nina thinks her cat ran away, but the cat is actually sleeping under the bed.
Question: How does Nina most likely feel before she checks under the bed?
A. Relieved
B. Proud
C. Excited
D. Worried",D,D,Yes
llama,meta-llama-3-8b-instruct,14,3,"Story: Leo hides a coin in a cup. Emma is watching. Later Leo leaves the room and Emma moves the coin to a drawer.
Question: Who knows the coin was moved?
A. Leo only
B. Both Leo and Emma
C. Neither of them
D. Emma only",D,D,Yes
llama,meta-llama-3-8b-instruct,14,4,"Story: You can see a dog behind a tree. Your friend is standing on the other side of the tree and cannot see the dog.
Question: What does your friend think is behind the tree?
A. A dog
B. A cat
C. A ball
D. Nothing",D,D,Yes
llama,meta-llama-3-8b-instruct,14,5,"Story: Olivia hides a cookie in a jar. Jack watches. Olivia leaves the room. Jack moves the cookie to a cupboard.
Question: Where is the cookie really?
A. Jar
B. Table
C. Plate
D. Cupboard",D,D,Yes
llama,meta-llama-3-8b-instruct,14,6,"Story: A child hides a toy in a drawer. Another child asks where it is. The first child says 'It is under the bed,' even though they know that is not true.
Question: Why did the child say this?
A. Because they forgot
B. Because they believe it is under the bed
C. To confuse the other child
D. Because they dislike toys",C,C,Yes
llama,meta-llama-3-8b-instruct,14,7,"Story: Mark puts his keys in his backpack. Later someone moves the keys to a desk while Mark is outside.
Question: Where will Mark look for the keys first?
A. Desk
B. Pocket
C. Drawer
D. Backpack",D,D,Yes
llama,meta-llama-3-8b-instruct,14,8,"Story: Sara thinks her lost phone is gone forever. Then she finds it in her jacket pocket.
Question: How will Sara most likely feel when she finds it?
A. Angry
B. Confused
C. Relieved
D. Bored",C,C,Yes
llama,meta-llama-3-8b-instruct,14,9,"Story: Tom places a book in a cabinet while Maya watches. Later Tom leaves the room and Maya moves the book to a drawer.
Question: Does Tom know the book was moved?
A. Yes
B. No",B,B,Yes
llama,meta-llama-3-8b-instruct,14,10,"Story: Anna hides a ball in a basket. Ben watches. Anna leaves the room. Ben moves the ball to a box. Clara sees Ben move it.
Question: Where does Clara think Anna will look for the ball?
A. Box
B. Table
C. Basket
D. Shelf",C,A,No
llama,meta-llama-3-8b-instruct,14,11,"Story: Liam moves his friend's chair slightly before they sit down as a joke.
Question: What was Liam's likely intention?
A. To help his friend
B. To clean the room
C. To move furniture permanently
D. To make his friend laugh",D,D,Yes
llama,meta-llama-3-8b-instruct,14,12,"Story: Emma puts a pen in a drawer and then goes outside to talk on the phone. While she is gone, Noah moves the pen to a box.
Question: Where will Emma look for the pen first?
A. Box
B. Table
C. Drawer
D. Bag",C,C,Yes
llama,meta-llama-3-8b-instruct,14,13,"Story: Jake thinks his friend ignored his message, but actually the friend never received it.
Question: How might Jake feel?
A. Happy
B. Relaxed
C. Hurt
D. Proud",C,C,Yes
llama,meta-llama-3-8b-instruct,14,14,"Story: A toy is behind a couch. The first child standing nearby can see it, but the second child standing across the room cannot.
Question: What does the second child believe?
A. The toy is visible
B. The toy is missing
C. The toy is broken
D. The toy is behind the couch",B,D,No
llama,meta-llama-3-8b-instruct,14,15,"Story: Ava hides a ring in a bag. Later someone moves the ring to a drawer while Ava is outside.
Question: Where does Ava think the ring is?
A. Drawer
B. Shelf
C. Table
D. Bag",D,D,Yes
llama,meta-llama-3-8b-instruct,14,16,"Story: Daniel studies very hard for a test and believes he will do well.
Question: How does Daniel most likely feel before taking the test?
A. Angry
B. Bored
C. Nervous but hopeful
D. Confused",C,C,Yes
llama,meta-llama-3-8b-instruct,14,17,"Story: A child tells their friend the candy is in the kitchen even though it is actually in their pocket.
Question: What is the child trying to do?
A. Share the candy
B. Lose the candy
C. Clean the kitchen
D. Hide the candy",D,D,Yes
llama,meta-llama-3-8b-instruct,14,18,"Story: Mia hides a toy in a drawer while Liam is watching. Later Liam leaves the room and Mia moves the toy to a box.
Question: Who knows the toy is in the box?
A. Liam only
B. Both Mia and Liam
C. Mia only
D. Neither",C,C,Yes
llama,meta-llama-3-8b-instruct,14,19,"Story: Noah puts a coin in a jar. Emma watches. Noah leaves. Emma moves the coin to a drawer. Liam sees Emma move it.
Question: Where does Liam think Noah will look for the coin?
A. Drawer
B. Table
C. Shelf
D. Jar",D,A,No
llama,meta-llama-3-8b-instruct,14,20,"Story: Ella believes her favorite mug is broken. Later she discovers it is actually fine.
Question: How will Ella most likely feel when she finds out?
A. Angry
B. Bored
C. Confused
D. Relieved",D,D,Yes
llama,meta-llama-3-8b-instruct,15,1,"Story: Sam puts his watch in a drawer and leaves the room. While he is gone, Alex moves the watch to a box.
Question: Where will Sam look for the watch first?
A. Box
B. Table
C. Drawer
D. Shelf",C,C,Yes
llama,meta-llama-3-8b-instruct,15,2,"Story: Nina thinks her cat ran away, but the cat is actually sleeping under the bed.
Question: How does Nina most likely feel before she checks under the bed?
A. Relieved
B. Proud
C. Excited
D. Worried",D,D,Yes
llama,meta-llama-3-8b-instruct,15,3,"Story: Leo hides a coin in a cup. Emma is watching. Later Leo leaves the room and Emma moves the coin to a drawer.
Question: Who knows the coin was moved?
A. Leo only
B. Both Leo and Emma
C. Neither of them
D. Emma only",D,D,Yes
llama,meta-llama-3-8b-instruct,15,4,"Story: You can see a dog behind a tree. Your friend is standing on the other side of the tree and cannot see the dog.
Question: What does your friend think is behind the tree?
A. A dog
B. A cat
C. A ball
D. Nothing",D,D,Yes
llama,meta-llama-3-8b-instruct,15,5,"Story: Olivia hides a cookie in a jar. Jack watches. Olivia leaves the room. Jack moves the cookie to a cupboard.
Question: Where is the cookie really?
A. Jar
B. Table
C. Plate
D. Cupboard",D,D,Yes
llama,meta-llama-3-8b-instruct,15,6,"Story: A child hides a toy in a drawer. Another child asks where it is. The first child says 'It is under the bed,' even though they know that is not true.
Question: Why did the child say this?
A. Because they forgot
B. Because they believe it is under the bed
C. To confuse the other child
D. Because they dislike toys",C,C,Yes
llama,meta-llama-3-8b-instruct,15,7,"Story: Mark puts his keys in his backpack. Later someone moves the keys to a desk while Mark is outside.
Question: Where will Mark look for the keys first?
A. Desk
B. Pocket
C. Drawer
D. Backpack",D,D,Yes
llama,meta-llama-3-8b-instruct,15,8,"Story: Sara thinks her lost phone is gone forever. Then she finds it in her jacket pocket.
Question: How will Sara most likely feel when she finds it?
A. Angry
B. Confused
C. Relieved
D. Bored",C,C,Yes
llama,meta-llama-3-8b-instruct,15,9,"Story: Tom places a book in a cabinet while Maya watches. Later Tom leaves the room and Maya moves the book to a drawer.
Question: Does Tom know the book was moved?
A. Yes
B. No",B,B,Yes
llama,meta-llama-3-8b-instruct,15,10,"Story: Anna hides a ball in a basket. Ben watches. Anna leaves the room. Ben moves the ball to a box. Clara sees Ben move it.
Question: Where does Clara think Anna will look for the ball?
A. Box
B. Table
C. Basket
D. Shelf",C,A,No
llama,meta-llama-3-8b-instruct,15,11,"Story: Liam moves his friend's chair slightly before they sit down as a joke.
Question: What was Liam's likely intention?
A. To help his friend
B. To clean the room
C. To move furniture permanently
D. To make his friend laugh",D,D,Yes
llama,meta-llama-3-8b-instruct,15,12,"Story: Emma puts a pen in a drawer and then goes outside to talk on the phone. While she is gone, Noah moves the pen to a box.
Question: Where will Emma look for the pen first?
A. Box
B. Table
C. Drawer
D. Bag",C,C,Yes
llama,meta-llama-3-8b-instruct,15,13,"Story: Jake thinks his friend ignored his message, but actually the friend never received it.
Question: How might Jake feel?
A. Happy
B. Relaxed
C. Hurt
D. Proud",C,C,Yes
llama,meta-llama-3-8b-instruct,15,14,"Story: A toy is behind a couch. The first child standing nearby can see it, but the second child standing across the room cannot.
Question: What does the second child believe?
A. The toy is visible
B. The toy is missing
C. The toy is broken
D. The toy is behind the couch",B,D,No
llama,meta-llama-3-8b-instruct,15,15,"Story: Ava hides a ring in a bag. Later someone moves the ring to a drawer while Ava is outside.
Question: Where does Ava think the ring is?
A. Drawer
B. Shelf
C. Table
D. Bag",D,D,Yes
llama,meta-llama-3-8b-instruct,15,16,"Story: Daniel studies very hard for a test and believes he will do well.
Question: How does Daniel most likely feel before taking the test?
A. Angry
B. Bored
C. Nervous but hopeful
D. Confused",C,C,Yes
llama,meta-llama-3-8b-instruct,15,17,"Story: A child tells their friend the candy is in the kitchen even though it is actually in their pocket.
Question: What is the child trying to do?
A. Share the candy
B. Lose the candy
C. Clean the kitchen
D. Hide the candy",D,D,Yes
llama,meta-llama-3-8b-instruct,15,18,"Story: Mia hides a toy in a drawer while Liam is watching. Later Liam leaves the room and Mia moves the toy to a box.
Question: Who knows the toy is in the box?
A. Liam only
B. Both Mia and Liam
C. Mia only
D. Neither",C,C,Yes
llama,meta-llama-3-8b-instruct,15,19,"Story: Noah puts a coin in a jar. Emma watches. Noah leaves. Emma moves the coin to a drawer. Liam sees Emma move it.
Question: Where does Liam think Noah will look for the coin?
A. Drawer
B. Table
C. Shelf
D. Jar",D,A,No
llama,meta-llama-3-8b-instruct,15,20,"Story: Ella believes her favorite mug is broken. Later she discovers it is actually fine.
Question: How will Ella most likely feel when she finds out?
A. Angry
B. Bored
C. Confused
D. Relieved",D,D,Yes
llama,meta-llama-3-8b-instruct,16,1,"Story: Sam puts his watch in a drawer and leaves the room. While he is gone, Alex moves the watch to a box.
Question: Where will Sam look for the watch first?
A. Box
B. Table
C. Drawer
D. Shelf",C,C,Yes
llama,meta-llama-3-8b-instruct,16,2,"Story: Nina thinks her cat ran away, but the cat is actually sleeping under the bed.
Question: How does Nina most likely feel before she checks under the bed?
A. Relieved
B. Proud
C. Excited
D. Worried",D,D,Yes
llama,meta-llama-3-8b-instruct,16,3,"Story: Leo hides a coin in a cup. Emma is watching. Later Leo leaves the room and Emma moves the coin to a drawer.
Question: Who knows the coin was moved?
A. Leo only
B. Both Leo and Emma
C. Neither of them
D. Emma only",D,D,Yes
llama,meta-llama-3-8b-instruct,16,4,"Story: You can see a dog behind a tree. Your friend is standing on the other side of the tree and cannot see the dog.
Question: What does your friend think is behind the tree?
A. A dog
B. A cat
C. A ball
D. Nothing",D,D,Yes
llama,meta-llama-3-8b-instruct,16,5,"Story: Olivia hides a cookie in a jar. Jack watches. Olivia leaves the room. Jack moves the cookie to a cupboard.
Question: Where is the cookie really?
A. Jar
B. Table
C. Plate
D. Cupboard",D,D,Yes
llama,meta-llama-3-8b-instruct,16,6,"Story: A child hides a toy in a drawer. Another child asks where it is. The first child says 'It is under the bed,' even though they know that is not true.
Question: Why did the child say this?
A. Because they forgot
B. Because they believe it is under the bed
C. To confuse the other child
D. Because they dislike toys",C,C,Yes
llama,meta-llama-3-8b-instruct,16,7,"Story: Mark puts his keys in his backpack. Later someone moves the keys to a desk while Mark is outside.
Question: Where will Mark look for the keys first?
A. Desk
B. Pocket
C. Drawer
D. Backpack",D,D,Yes
llama,meta-llama-3-8b-instruct,16,8,"Story: Sara thinks her lost phone is gone forever. Then she finds it in her jacket pocket.
Question: How will Sara most likely feel when she finds it?
A. Angry
B. Confused
C. Relieved
D. Bored",C,C,Yes
llama,meta-llama-3-8b-instruct,16,9,"Story: Tom places a book in a cabinet while Maya watches. Later Tom leaves the room and Maya moves the book to a drawer.
Question: Does Tom know the book was moved?
A. Yes
B. No",B,B,Yes
llama,meta-llama-3-8b-instruct,16,10,"Story: Anna hides a ball in a basket. Ben watches. Anna leaves the room. Ben moves the ball to a box. Clara sees Ben move it.
Question: Where does Clara think Anna will look for the ball?
A. Box
B. Table
C. Basket
D. Shelf",C,A,No
llama,meta-llama-3-8b-instruct,16,11,"Story: Liam moves his friend's chair slightly before they sit down as a joke.
Question: What was Liam's likely intention?
A. To help his friend
B. To clean the room
C. To move furniture permanently
D. To make his friend laugh",D,D,Yes
llama,meta-llama-3-8b-instruct,16,12,"Story: Emma puts a pen in a drawer and then goes outside to talk on the phone. While she is gone, Noah moves the pen to a box.
Question: Where will Emma look for the pen first?
A. Box
B. Table
C. Drawer
D. Bag",C,C,Yes
llama,meta-llama-3-8b-instruct,16,13,"Story: Jake thinks his friend ignored his message, but actually the friend never received it.
Question: How might Jake feel?
A. Happy
B. Relaxed
C. Hurt
D. Proud",C,C,Yes
llama,meta-llama-3-8b-instruct,16,14,"Story: A toy is behind a couch. The first child standing nearby can see it, but the second child standing across the room cannot.
Question: What does the second child believe?
A. The toy is visible
B. The toy is missing
C. The toy is broken
D. The toy is behind the couch",B,B,Yes
llama,meta-llama-3-8b-instruct,16,15,"Story: Ava hides a ring in a bag. Later someone moves the ring to a drawer while Ava is outside.
Question: Where does Ava think the ring is?
A. Drawer
B. Shelf
C. Table
D. Bag",D,D,Yes
llama,meta-llama-3-8b-instruct,16,16,"Story: Daniel studies very hard for a test and believes he will do well.
Question: How does Daniel most likely feel before taking the test?
A. Angry
B. Bored
C. Nervous but hopeful
D. Confused",C,C,Yes
llama,meta-llama-3-8b-instruct,16,17,"Story: A child tells their friend the candy is in the kitchen even though it is actually in their pocket.
Question: What is the child trying to do?
A. Share the candy
B. Lose the candy
C. Clean the kitchen
D. Hide the candy",D,D,Yes
llama,meta-llama-3-8b-instruct,16,18,"Story: Mia hides a toy in a drawer while Liam is watching. Later Liam leaves the room and Mia moves the toy to a box.
Question: Who knows the toy is in the box?
A. Liam only
B. Both Mia and Liam
C. Mia only
D. Neither",C,C,Yes
llama,meta-llama-3-8b-instruct,16,19,"Story: Noah puts a coin in a jar. Emma watches. Noah leaves. Emma moves the coin to a drawer. Liam sees Emma move it.
Question: Where does Liam think Noah will look for the coin?
A. Drawer
B. Table
C. Shelf
D. Jar",D,A,No
llama,meta-llama-3-8b-instruct,16,20,"Story: Ella believes her favorite mug is broken. Later she discovers it is actually fine.
Question: How will Ella most likely feel when she finds out?
A. Angry
B. Bored
C. Confused
D. Relieved",D,D,Yes
llama,meta-llama-3-8b-instruct,17,1,"Story: Sam puts his watch in a drawer and leaves the room. While he is gone, Alex moves the watch to a box.
Question: Where will Sam look for the watch first?
A. Box
B. Table
C. Drawer
D. Shelf",C,C,Yes
llama,meta-llama-3-8b-instruct,17,2,"Story: Nina thinks her cat ran away, but the cat is actually sleeping under the bed.
Question: How does Nina most likely feel before she checks under the bed?
A. Relieved
B. Proud
C. Excited
D. Worried",D,D,Yes
llama,meta-llama-3-8b-instruct,17,3,"Story: Leo hides a coin in a cup. Emma is watching. Later Leo leaves the room and Emma moves the coin to a drawer.
Question: Who knows the coin was moved?
A. Leo only
B. Both Leo and Emma
C. Neither of them
D. Emma only",D,D,Yes
llama,meta-llama-3-8b-instruct,17,4,"Story: You can see a dog behind a tree. Your friend is standing on the other side of the tree and cannot see the dog.
Question: What does your friend think is behind the tree?
A. A dog
B. A cat
C. A ball
D. Nothing",D,D,Yes
llama,meta-llama-3-8b-instruct,17,5,"Story: Olivia hides a cookie in a jar. Jack watches. Olivia leaves the room. Jack moves the cookie to a cupboard.
Question: Where is the cookie really?
A. Jar
B. Table
C. Plate
D. Cupboard",D,D,Yes
llama,meta-llama-3-8b-instruct,17,6,"Story: A child hides a toy in a drawer. Another child asks where it is. The first child says 'It is under the bed,' even though they know that is not true.
Question: Why did the child say this?
A. Because they forgot
B. Because they believe it is under the bed
C. To confuse the other child
D. Because they dislike toys",C,C,Yes
llama,meta-llama-3-8b-instruct,17,7,"Story: Mark puts his keys in his backpack. Later someone moves the keys to a desk while Mark is outside.
Question: Where will Mark look for the keys first?
A. Desk
B. Pocket
C. Drawer
D. Backpack",D,D,Yes
llama,meta-llama-3-8b-instruct,17,8,"Story: Sara thinks her lost phone is gone forever. Then she finds it in her jacket pocket.
Question: How will Sara most likely feel when she finds it?
A. Angry
B. Confused
C. Relieved
D. Bored",C,C,Yes
llama,meta-llama-3-8b-instruct,17,9,"Story: Tom places a book in a cabinet while Maya watches. Later Tom leaves the room and Maya moves the book to a drawer.
Question: Does Tom know the book was moved?
A. Yes
B. No",B,B,Yes
llama,meta-llama-3-8b-instruct,17,10,"Story: Anna hides a ball in a basket. Ben watches. Anna leaves the room. Ben moves the ball to a box. Clara sees Ben move it.
Question: Where does Clara think Anna will look for the ball?
A. Box
B. Table
C. Basket
D. Shelf",C,A,No
llama,meta-llama-3-8b-instruct,17,11,"Story: Liam moves his friend's chair slightly before they sit down as a joke.
Question: What was Liam's likely intention?
A. To help his friend
B. To clean the room
C. To move furniture permanently
D. To make his friend laugh",D,D,Yes
llama,meta-llama-3-8b-instruct,17,12,"Story: Emma puts a pen in a drawer and then goes outside to talk on the phone. While she is gone, Noah moves the pen to a box.
Question: Where will Emma look for the pen first?
A. Box
B. Table
C. Drawer
D. Bag",C,C,Yes
llama,meta-llama-3-8b-instruct,17,13,"Story: Jake thinks his friend ignored his message, but actually the friend never received it.
Question: How might Jake feel?
A. Happy
B. Relaxed
C. Hurt
D. Proud",C,C,Yes
llama,meta-llama-3-8b-instruct,17,14,"Story: A toy is behind a couch. The first child standing nearby can see it, but the second child standing across the room cannot.
Question: What does the second child believe?
A. The toy is visible
B. The toy is missing
C. The toy is broken
D. The toy is behind the couch",B,B,Yes
llama,meta-llama-3-8b-instruct,17,15,"Story: Ava hides a ring in a bag. Later someone moves the ring to a drawer while Ava is outside.
Question: Where does Ava think the ring is?
A. Drawer
B. Shelf
C. Table
D. Bag",D,D,Yes
llama,meta-llama-3-8b-instruct,17,16,"Story: Daniel studies very hard for a test and believes he will do well.
Question: How does Daniel most likely feel before taking the test?
A. Angry
B. Bored
C. Nervous but hopeful
D. Confused",C,C,Yes
llama,meta-llama-3-8b-instruct,17,17,"Story: A child tells their friend the candy is in the kitchen even though it is actually in their pocket.
Question: What is the child trying to do?
A. Share the candy
B. Lose the candy
C. Clean the kitchen
D. Hide the candy",D,D,Yes
llama,meta-llama-3-8b-instruct,17,18,"Story: Mia hides a toy in a drawer while Liam is watching. Later Liam leaves the room and Mia moves the toy to a box.
Question: Who knows the toy is in the box?
A. Liam only
B. Both Mia and Liam
C. Mia only
D. Neither",C,C,Yes
llama,meta-llama-3-8b-instruct,17,19,"Story: Noah puts a coin in a jar. Emma watches. Noah leaves. Emma moves the coin to a drawer. Liam sees Emma move it.
Question: Where does Liam think Noah will look for the coin?
A. Drawer
B. Table
C. Shelf
D. Jar",D,A,No
llama,meta-llama-3-8b-instruct,17,20,"Story: Ella believes her favorite mug is broken. Later she discovers it is actually fine.
Question: How will Ella most likely feel when she finds out?
A. Angry
B. Bored
C. Confused
D. Relieved",D,D,Yes
llama,meta-llama-3-8b-instruct,18,1,"Story: Sam puts his watch in a drawer and leaves the room. While he is gone, Alex moves the watch to a box.
Question: Where will Sam look for the watch first?
A. Box
B. Table
C. Drawer
D. Shelf",C,C,Yes
llama,meta-llama-3-8b-instruct,18,2,"Story: Nina thinks her cat ran away, but the cat is actually sleeping under the bed.
Question: How does Nina most likely feel before she checks under the bed?
A. Relieved
B. Proud
C. Excited
D. Worried",D,D,Yes
llama,meta-llama-3-8b-instruct,18,3,"Story: Leo hides a coin in a cup. Emma is watching. Later Leo leaves the room and Emma moves the coin to a drawer.
Question: Who knows the coin was moved?
A. Leo only
B. Both Leo and Emma
C. Neither of them
D. Emma only",D,D,Yes
llama,meta-llama-3-8b-instruct,18,4,"Story: You can see a dog behind a tree. Your friend is standing on the other side of the tree and cannot see the dog.
Question: What does your friend think is behind the tree?
A. A dog
B. A cat
C. A ball
D. Nothing",D,D,Yes
llama,meta-llama-3-8b-instruct,18,5,"Story: Olivia hides a cookie in a jar. Jack watches. Olivia leaves the room. Jack moves the cookie to a cupboard.
Question: Where is the cookie really?
A. Jar
B. Table
C. Plate
D. Cupboard",D,D,Yes
llama,meta-llama-3-8b-instruct,18,6,"Story: A child hides a toy in a drawer. Another child asks where it is. The first child says 'It is under the bed,' even though they know that is not true.
Question: Why did the child say this?
A. Because they forgot
B. Because they believe it is under the bed
C. To confuse the other child
D. Because they dislike toys",C,C,Yes
llama,meta-llama-3-8b-instruct,18,7,"Story: Mark puts his keys in his backpack. Later someone moves the keys to a desk while Mark is outside.
Question: Where will Mark look for the keys first?
A. Desk
B. Pocket
C. Drawer
D. Backpack",D,D,Yes
llama,meta-llama-3-8b-instruct,18,8,"Story: Sara thinks her lost phone is gone forever. Then she finds it in her jacket pocket.
Question: How will Sara most likely feel when she finds it?
A. Angry
B. Confused
C. Relieved
D. Bored",C,C,Yes
llama,meta-llama-3-8b-instruct,18,9,"Story: Tom places a book in a cabinet while Maya watches. Later Tom leaves the room and Maya moves the book to a drawer.
Question: Does Tom know the book was moved?
A. Yes
B. No",B,B,Yes
llama,meta-llama-3-8b-instruct,18,10,"Story: Anna hides a ball in a basket. Ben watches. Anna leaves the room. Ben moves the ball to a box. Clara sees Ben move it.
Question: Where does Clara think Anna will look for the ball?
A. Box
B. Table
C. Basket
D. Shelf",C,A,No
llama,meta-llama-3-8b-instruct,18,11,"Story: Liam moves his friend's chair slightly before they sit down as a joke.
Question: What was Liam's likely intention?
A. To help his friend
B. To clean the room
C. To move furniture permanently
D. To make his friend laugh",D,D,Yes
llama,meta-llama-3-8b-instruct,18,12,"Story: Emma puts a pen in a drawer and then goes outside to talk on the phone. While she is gone, Noah moves the pen to a box.
Question: Where will Emma look for the pen first?
A. Box
B. Table
C. Drawer
D. Bag",C,C,Yes
llama,meta-llama-3-8b-instruct,18,13,"Story: Jake thinks his friend ignored his message, but actually the friend never received it.
Question: How might Jake feel?
A. Happy
B. Relaxed
C. Hurt
D. Proud",C,C,Yes
llama,meta-llama-3-8b-instruct,18,14,"Story: A toy is behind a couch. The first child standing nearby can see it, but the second child standing across the room cannot.
Question: What does the second child believe?
A. The toy is visible
B. The toy is missing
C. The toy is broken
D. The toy is behind the couch",B,B,Yes
llama,meta-llama-3-8b-instruct,18,15,"Story: Ava hides a ring in a bag. Later someone moves the ring to a drawer while Ava is outside.
Question: Where does Ava think the ring is?
A. Drawer
B. Shelf
C. Table
D. Bag",D,D,Yes
llama,meta-llama-3-8b-instruct,18,16,"Story: Daniel studies very hard for a test and believes he will do well.
Question: How does Daniel most likely feel before taking the test?
A. Angry
B. Bored
C. Nervous but hopeful
D. Confused",C,C,Yes
llama,meta-llama-3-8b-instruct,18,17,"Story: A child tells their friend the candy is in the kitchen even though it is actually in their pocket.
Question: What is the child trying to do?
A. Share the candy
B. Lose the candy
C. Clean the kitchen
D. Hide the candy",D,D,Yes
llama,meta-llama-3-8b-instruct,18,18,"Story: Mia hides a toy in a drawer while Liam is watching. Later Liam leaves the room and Mia moves the toy to a box.
Question: Who knows the toy is in the box?
A. Liam only
B. Both Mia and Liam
C. Mia only
D. Neither",C,C,Yes
llama,meta-llama-3-8b-instruct,18,19,"Story: Noah puts a coin in a jar. Emma watches. Noah leaves. Emma moves the coin to a drawer. Liam sees Emma move it.
Question: Where does Liam think Noah will look for the coin?
A. Drawer
B. Table
C. Shelf
D. Jar",D,A,No
llama,meta-llama-3-8b-instruct,18,20,"Story: Ella believes her favorite mug is broken. Later she discovers it is actually fine.
Question: How will Ella most likely feel when she finds out?
A. Angry
B. Bored
C. Confused
D. Relieved",D,D,Yes
llama,meta-llama-3-8b-instruct,19,1,"Story: Sam puts his watch in a drawer and leaves the room. While he is gone, Alex moves the watch to a box.
Question: Where will Sam look for the watch first?
A. Box
B. Table
C. Drawer
D. Shelf",C,C,Yes
llama,meta-llama-3-8b-instruct,19,2,"Story: Nina thinks her cat ran away, but the cat is actually sleeping under the bed.
Question: How does Nina most likely feel before she checks under the bed?
A. Relieved
B. Proud
C. Excited
D. Worried",D,D,Yes
llama,meta-llama-3-8b-instruct,19,3,"Story: Leo hides a coin in a cup. Emma is watching. Later Leo leaves the room and Emma moves the coin to a drawer.
Question: Who knows the coin was moved?
A. Leo only
B. Both Leo and Emma
C. Neither of them
D. Emma only",D,D,Yes
llama,meta-llama-3-8b-instruct,19,4,"Story: You can see a dog behind a tree. Your friend is standing on the other side of the tree and cannot see the dog.
Question: What does your friend think is behind the tree?
A. A dog
B. A cat
C. A ball
D. Nothing",D,D,Yes
llama,meta-llama-3-8b-instruct,19,5,"Story: Olivia hides a cookie in a jar. Jack watches. Olivia leaves the room. Jack moves the cookie to a cupboard.
Question: Where is the cookie really?
A. Jar
B. Table
C. Plate
D. Cupboard",D,D,Yes
llama,meta-llama-3-8b-instruct,19,6,"Story: A child hides a toy in a drawer. Another child asks where it is. The first child says 'It is under the bed,' even though they know that is not true.
Question: Why did the child say this?
A. Because they forgot
B. Because they believe it is under the bed
C. To confuse the other child
D. Because they dislike toys",C,C,Yes
llama,meta-llama-3-8b-instruct,19,7,"Story: Mark puts his keys in his backpack. Later someone moves the keys to a desk while Mark is outside.
Question: Where will Mark look for the keys first?
A. Desk
B. Pocket
C. Drawer
D. Backpack",D,D,Yes
llama,meta-llama-3-8b-instruct,19,8,"Story: Sara thinks her lost phone is gone forever. Then she finds it in her jacket pocket.
Question: How will Sara most likely feel when she finds it?
A. Angry
B. Confused
C. Relieved
D. Bored",C,C,Yes
llama,meta-llama-3-8b-instruct,19,9,"Story: Tom places a book in a cabinet while Maya watches. Later Tom leaves the room and Maya moves the book to a drawer.
Question: Does Tom know the book was moved?
A. Yes
B. No",B,B,Yes
llama,meta-llama-3-8b-instruct,19,10,"Story: Anna hides a ball in a basket. Ben watches. Anna leaves the room. Ben moves the ball to a box. Clara sees Ben move it.
Question: Where does Clara think Anna will look for the ball?
A. Box
B. Table
C. Basket
D. Shelf",C,C,Yes
llama,meta-llama-3-8b-instruct,19,11,"Story: Liam moves his friend's chair slightly before they sit down as a joke.
Question: What was Liam's likely intention?
A. To help his friend
B. To clean the room
C. To move furniture permanently
D. To make his friend laugh",D,D,Yes
llama,meta-llama-3-8b-instruct,19,12,"Story: Emma puts a pen in a drawer and then goes outside to talk on the phone. While she is gone, Noah moves the pen to a box.
Question: Where will Emma look for the pen first?
A. Box
B. Table
C. Drawer
D. Bag",C,C,Yes
llama,meta-llama-3-8b-instruct,19,13,"Story: Jake thinks his friend ignored his message, but actually the friend never received it.
Question: How might Jake feel?
A. Happy
B. Relaxed
C. Hurt
D. Proud",C,C,Yes
llama,meta-llama-3-8b-instruct,19,14,"Story: A toy is behind a couch. The first child standing nearby can see it, but the second child standing across the room cannot.
Question: What does the second child believe?
A. The toy is visible
B. The toy is missing
C. The toy is broken
D. The toy is behind the couch",B,D,No
llama,meta-llama-3-8b-instruct,19,15,"Story: Ava hides a ring in a bag. Later someone moves the ring to a drawer while Ava is outside.
Question: Where does Ava think the ring is?
A. Drawer
B. Shelf
C. Table
D. Bag",D,D,Yes
llama,meta-llama-3-8b-instruct,19,16,"Story: Daniel studies very hard for a test and believes he will do well.
Question: How does Daniel most likely feel before taking the test?
A. Angry
B. Bored
C. Nervous but hopeful
D. Confused",C,C,Yes
llama,meta-llama-3-8b-instruct,19,17,"Story: A child tells their friend the candy is in the kitchen even though it is actually in their pocket.
Question: What is the child trying to do?
A. Share the candy
B. Lose the candy
C. Clean the kitchen
D. Hide the candy",D,D,Yes
llama,meta-llama-3-8b-instruct,19,18,"Story: Mia hides a toy in a drawer while Liam is watching. Later Liam leaves the room and Mia moves the toy to a box.
Question: Who knows the toy is in the box?
A. Liam only
B. Both Mia and Liam
C. Mia only
D. Neither",C,C,Yes
llama,meta-llama-3-8b-instruct,19,19,"Story: Noah puts a coin in a jar. Emma watches. Noah leaves. Emma moves the coin to a drawer. Liam sees Emma move it.
Question: Where does Liam think Noah will look for the coin?
A. Drawer
B. Table
C. Shelf
D. Jar",D,A,No
llama,meta-llama-3-8b-instruct,19,20,"Story: Ella believes her favorite mug is broken. Later she discovers it is actually fine.
Question: How will Ella most likely feel when she finds out?
A. Angry
B. Bored
C. Confused
D. Relieved",D,D,Yes
llama,meta-llama-3-8b-instruct,20,1,"Story: Sam puts his watch in a drawer and leaves the room. While he is gone, Alex moves the watch to a box.
Question: Where will Sam look for the watch first?
A. Box
B. Table
C. Drawer
D. Shelf",C,C,Yes
llama,meta-llama-3-8b-instruct,20,2,"Story: Nina thinks her cat ran away, but the cat is actually sleeping under the bed.
Question: How does Nina most likely feel before she checks under the bed?
A. Relieved
B. Proud
C. Excited
D. Worried",D,D,Yes
llama,meta-llama-3-8b-instruct,20,3,"Story: Leo hides a coin in a cup. Emma is watching. Later Leo leaves the room and Emma moves the coin to a drawer.
Question: Who knows the coin was moved?
A. Leo only
B. Both Leo and Emma
C. Neither of them
D. Emma only",D,D,Yes
llama,meta-llama-3-8b-instruct,20,4,"Story: You can see a dog behind a tree. Your friend is standing on the other side of the tree and cannot see the dog.
Question: What does your friend think is behind the tree?
A. A dog
B. A cat
C. A ball
D. Nothing",D,D,Yes
llama,meta-llama-3-8b-instruct,20,5,"Story: Olivia hides a cookie in a jar. Jack watches. Olivia leaves the room. Jack moves the cookie to a cupboard.
Question: Where is the cookie really?
A. Jar
B. Table
C. Plate
D. Cupboard",D,D,Yes
llama,meta-llama-3-8b-instruct,20,6,"Story: A child hides a toy in a drawer. Another child asks where it is. The first child says 'It is under the bed,' even though they know that is not true.
Question: Why did the child say this?
A. Because they forgot
B. Because they believe it is under the bed
C. To confuse the other child
D. Because they dislike toys",C,C,Yes
llama,meta-llama-3-8b-instruct,20,7,"Story: Mark puts his keys in his backpack. Later someone moves the keys to a desk while Mark is outside.
Question: Where will Mark look for the keys first?
A. Desk
B. Pocket
C. Drawer
D. Backpack",D,D,Yes
llama,meta-llama-3-8b-instruct,20,8,"Story: Sara thinks her lost phone is gone forever. Then she finds it in her jacket pocket.
Question: How will Sara most likely feel when she finds it?
A. Angry
B. Confused
C. Relieved
D. Bored",C,C,Yes
llama,meta-llama-3-8b-instruct,20,9,"Story: Tom places a book in a cabinet while Maya watches. Later Tom leaves the room and Maya moves the book to a drawer.
Question: Does Tom know the book was moved?
A. Yes
B. No",B,B,Yes
llama,meta-llama-3-8b-instruct,20,10,"Story: Anna hides a ball in a basket. Ben watches. Anna leaves the room. Ben moves the ball to a box. Clara sees Ben move it.
Question: Where does Clara think Anna will look for the ball?
A. Box
B. Table
C. Basket
D. Shelf",C,A,No
llama,meta-llama-3-8b-instruct,20,11,"Story: Liam moves his friend's chair slightly before they sit down as a joke.
Question: What was Liam's likely intention?
A. To help his friend
B. To clean the room
C. To move furniture permanently
D. To make his friend laugh",D,D,Yes
llama,meta-llama-3-8b-instruct,20,12,"Story: Emma puts a pen in a drawer and then goes outside to talk on the phone. While she is gone, Noah moves the pen to a box.
Question: Where will Emma look for the pen first?
A. Box
B. Table
C. Drawer
D. Bag",C,C,Yes
llama,meta-llama-3-8b-instruct,20,13,"Story: Jake thinks his friend ignored his message, but actually the friend never received it.
Question: How might Jake feel?
A. Happy
B. Relaxed
C. Hurt
D. Proud",C,C,Yes
llama,meta-llama-3-8b-instruct,20,14,"Story: A toy is behind a couch. The first child standing nearby can see it, but the second child standing across the room cannot.
Question: What does the second child believe?
A. The toy is visible
B. The toy is missing
C. The toy is broken
D. The toy is behind the couch",B,D,No
llama,meta-llama-3-8b-instruct,20,15,"Story: Ava hides a ring in a bag. Later someone moves the ring to a drawer while Ava is outside.
Question: Where does Ava think the ring is?
A. Drawer
B. Shelf
C. Table
D. Bag",D,D,Yes
llama,meta-llama-3-8b-instruct,20,16,"Story: Daniel studies very hard for a test and believes he will do well.
Question: How does Daniel most likely feel before taking the test?
A. Angry
B. Bored
C. Nervous but hopeful
D. Confused",C,C,Yes
llama,meta-llama-3-8b-instruct,20,17,"Story: A child tells their friend the candy is in the kitchen even though it is actually in their pocket.
Question: What is the child trying to do?
A. Share the candy
B. Lose the candy
C. Clean the kitchen
D. Hide the candy",D,D,Yes
llama,meta-llama-3-8b-instruct,20,18,"Story: Mia hides a toy in a drawer while Liam is watching. Later Liam leaves the room and Mia moves the toy to a box.
Question: Who knows the toy is in the box?
A. Liam only
B. Both Mia and Liam
C. Mia only
D. Neither",C,C,Yes
llama,meta-llama-3-8b-instruct,20,19,"Story: Noah puts a coin in a jar. Emma watches. Noah leaves. Emma moves the coin to a drawer. Liam sees Emma move it.
Question: Where does Liam think Noah will look for the coin?
A. Drawer
B. Table
C. Shelf
D. Jar",D,A,No
llama,meta-llama-3-8b-instruct,20,20,"Story: Ella believes her favorite mug is broken. Later she discovers it is actually fine.
Question: How will Ella most likely feel when she finds out?
A. Angry
B. Bored
C. Confused
D. Relieved",D,D,Yes
mistral,mistralai/ministral-3-3b,1,1,"Story: Sam puts his watch in a drawer and leaves the room. While he is gone, Alex moves the watch to a box.
Question: Where will Sam look for the watch first?
A. Box
B. Table
C. Drawer
D. Shelf",C,C,Yes
mistral,mistralai/ministral-3-3b,1,2,"Story: Nina thinks her cat ran away, but the cat is actually sleeping under the bed.
Question: How does Nina most likely feel before she checks under the bed?
A. Relieved
B. Proud
C. Excited
D. Worried",D,D,Yes
mistral,mistralai/ministral-3-3b,1,3,"Story: Leo hides a coin in a cup. Emma is watching. Later Leo leaves the room and Emma moves the coin to a drawer.
Question: Who knows the coin was moved?
A. Leo only
B. Both Leo and Emma
C. Neither of them
D. Emma only",D,B,No
mistral,mistralai/ministral-3-3b,1,4,"Story: You can see a dog behind a tree. Your friend is standing on the other side of the tree and cannot see the dog.
Question: What does your friend think is behind the tree?
A. A dog
B. A cat
C. A ball
D. Nothing",D,A,No
mistral,mistralai/ministral-3-3b,1,5,"Story: Olivia hides a cookie in a jar. Jack watches. Olivia leaves the room. Jack moves the cookie to a cupboard.
Question: Where is the cookie really?
A. Jar
B. Table
C. Plate
D. Cupboard",D,D,Yes
mistral,mistralai/ministral-3-3b,1,6,"Story: A child hides a toy in a drawer. Another child asks where it is. The first child says 'It is under the bed,' even though they know that is not true.
Question: Why did the child say this?
A. Because they forgot
B. Because they believe it is under the bed
C. To confuse the other child
D. Because they dislike toys",C,C,Yes
mistral,mistralai/ministral-3-3b,1,7,"Story: Mark puts his keys in his backpack. Later someone moves the keys to a desk while Mark is outside.
Question: Where will Mark look for the keys first?
A. Desk
B. Pocket
C. Drawer
D. Backpack",D,A,No
mistral,mistralai/ministral-3-3b,1,8,"Story: Sara thinks her lost phone is gone forever. Then she finds it in her jacket pocket.
Question: How will Sara most likely feel when she finds it?
A. Angry
B. Confused
C. Relieved
D. Bored",C,C,Yes
mistral,mistralai/ministral-3-3b,1,9,"Story: Tom places a book in a cabinet while Maya watches. Later Tom leaves the room and Maya moves the book to a drawer.
Question: Does Tom know the book was moved?
A. Yes
B. No",B,D,No
mistral,mistralai/ministral-3-3b,1,10,"Story: Anna hides a ball in a basket. Ben watches. Anna leaves the room. Ben moves the ball to a box. Clara sees Ben move it.
Question: Where does Clara think Anna will look for the ball?
A. Box
B. Table
C. Basket
D. Shelf",C,C,Yes
mistral,mistralai/ministral-3-3b,1,11,"Story: Liam moves his friend's chair slightly before they sit down as a joke.
Question: What was Liam's likely intention?
A. To help his friend
B. To clean the room
C. To move furniture permanently
D. To make his friend laugh",D,D,Yes
mistral,mistralai/ministral-3-3b,1,12,"Story: Emma puts a pen in a drawer and then goes outside to talk on the phone. While she is gone, Noah moves the pen to a box.
Question: Where will Emma look for the pen first?
A. Box
B. Table
C. Drawer
D. Bag",C,C,Yes
mistral,mistralai/ministral-3-3b,1,13,"Story: Jake thinks his friend ignored his message, but actually the friend never received it.
Question: How might Jake feel?
A. Happy
B. Relaxed
C. Hurt
D. Proud",C,C,Yes
mistral,mistralai/ministral-3-3b,1,14,"Story: A toy is behind a couch. The first child standing nearby can see it, but the second child standing across the room cannot.
Question: What does the second child believe?
A. The toy is visible
B. The toy is missing
C. The toy is broken
D. The toy is behind the couch",B,B,Yes
mistral,mistralai/ministral-3-3b,1,15,"Story: Ava hides a ring in a bag. Later someone moves the ring to a drawer while Ava is outside.
Question: Where does Ava think the ring is?
A. Drawer
B. Shelf
C. Table
D. Bag",D,A,No
mistral,mistralai/ministral-3-3b,1,16,"Story: Daniel studies very hard for a test and believes he will do well.
Question: How does Daniel most likely feel before taking the test?
A. Angry
B. Bored
C. Nervous but hopeful
D. Confused",C,C,Yes
mistral,mistralai/ministral-3-3b,1,17,"Story: A child tells their friend the candy is in the kitchen even though it is actually in their pocket.
Question: What is the child trying to do?
A. Share the candy
B. Lose the candy
C. Clean the kitchen
D. Hide the candy",D,A,No
mistral,mistralai/ministral-3-3b,1,18,"Story: Mia hides a toy in a drawer while Liam is watching. Later Liam leaves the room and Mia moves the toy to a box.
Question: Who knows the toy is in the box?
A. Liam only
B. Both Mia and Liam
C. Mia only
D. Neither",C,B,No
mistral,mistralai/ministral-3-3b,1,19,"Story: Noah puts a coin in a jar. Emma watches. Noah leaves. Emma moves the coin to a drawer. Liam sees Emma move it.
Question: Where does Liam think Noah will look for the coin?
A. Drawer
B. Table
C. Shelf
D. Jar",D,A,No
mistral,mistralai/ministral-3-3b,1,20,"Story: Ella believes her favorite mug is broken. Later she discovers it is actually fine.
Question: How will Ella most likely feel when she finds out?
A. Angry
B. Bored
C. Confused
D. Relieved",D,D,Yes
mistral,mistralai/ministral-3-3b,2,1,"Story: Sam puts his watch in a drawer and leaves the room. While he is gone, Alex moves the watch to a box.
Question: Where will Sam look for the watch first?
A. Box
B. Table
C. Drawer
D. Shelf",C,C,Yes
mistral,mistralai/ministral-3-3b,2,2,"Story: Nina thinks her cat ran away, but the cat is actually sleeping under the bed.
Question: How does Nina most likely feel before she checks under the bed?
A. Relieved
B. Proud
C. Excited
D. Worried",D,D,Yes
mistral,mistralai/ministral-3-3b,2,3,"Story: Leo hides a coin in a cup. Emma is watching. Later Leo leaves the room and Emma moves the coin to a drawer.
Question: Who knows the coin was moved?
A. Leo only
B. Both Leo and Emma
C. Neither of them
D. Emma only",D,B,No
mistral,mistralai/ministral-3-3b,2,4,"Story: You can see a dog behind a tree. Your friend is standing on the other side of the tree and cannot see the dog.
Question: What does your friend think is behind the tree?
A. A dog
B. A cat
C. A ball
D. Nothing",D,A,No
mistral,mistralai/ministral-3-3b,2,5,"Story: Olivia hides a cookie in a jar. Jack watches. Olivia leaves the room. Jack moves the cookie to a cupboard.
Question: Where is the cookie really?
A. Jar
B. Table
C. Plate
D. Cupboard",D,D,Yes
mistral,mistralai/ministral-3-3b,2,6,"Story: A child hides a toy in a drawer. Another child asks where it is. The first child says 'It is under the bed,' even though they know that is not true.
Question: Why did the child say this?
A. Because they forgot
B. Because they believe it is under the bed
C. To confuse the other child
D. Because they dislike toys",C,C,Yes
mistral,mistralai/ministral-3-3b,2,7,"Story: Mark puts his keys in his backpack. Later someone moves the keys to a desk while Mark is outside.
Question: Where will Mark look for the keys first?
A. Desk
B. Pocket
C. Drawer
D. Backpack",D,A,No
mistral,mistralai/ministral-3-3b,2,8,"Story: Sara thinks her lost phone is gone forever. Then she finds it in her jacket pocket.
Question: How will Sara most likely feel when she finds it?
A. Angry
B. Confused
C. Relieved
D. Bored",C,C,Yes
mistral,mistralai/ministral-3-3b,2,9,"Story: Tom places a book in a cabinet while Maya watches. Later Tom leaves the room and Maya moves the book to a drawer.
Question: Does Tom know the book was moved?
A. Yes
B. No",B,D,No
mistral,mistralai/ministral-3-3b,2,10,"Story: Anna hides a ball in a basket. Ben watches. Anna leaves the room. Ben moves the ball to a box. Clara sees Ben move it.
Question: Where does Clara think Anna will look for the ball?
A. Box
B. Table
C. Basket
D. Shelf",C,C,Yes
mistral,mistralai/ministral-3-3b,2,11,"Story: Liam moves his friend's chair slightly before they sit down as a joke.
Question: What was Liam's likely intention?
A. To help his friend
B. To clean the room
C. To move furniture permanently
D. To make his friend laugh",D,D,Yes
mistral,mistralai/ministral-3-3b,2,12,"Story: Emma puts a pen in a drawer and then goes outside to talk on the phone. While she is gone, Noah moves the pen to a box.
Question: Where will Emma look for the pen first?
A. Box
B. Table
C. Drawer
D. Bag",C,C,Yes
mistral,mistralai/ministral-3-3b,2,13,"Story: Jake thinks his friend ignored his message, but actually the friend never received it.
Question: How might Jake feel?
A. Happy
B. Relaxed
C. Hurt
D. Proud",C,C,Yes
mistral,mistralai/ministral-3-3b,2,14,"Story: A toy is behind a couch. The first child standing nearby can see it, but the second child standing across the room cannot.
Question: What does the second child believe?
A. The toy is visible
B. The toy is missing
C. The toy is broken
D. The toy is behind the couch",B,B,Yes
mistral,mistralai/ministral-3-3b,2,15,"Story: Ava hides a ring in a bag. Later someone moves the ring to a drawer while Ava is outside.
Question: Where does Ava think the ring is?
A. Drawer
B. Shelf
C. Table
D. Bag",D,A,No
mistral,mistralai/ministral-3-3b,2,16,"Story: Daniel studies very hard for a test and believes he will do well.
Question: How does Daniel most likely feel before taking the test?
A. Angry
B. Bored
C. Nervous but hopeful
D. Confused",C,C,Yes
mistral,mistralai/ministral-3-3b,2,17,"Story: A child tells their friend the candy is in the kitchen even though it is actually in their pocket.
Question: What is the child trying to do?
A. Share the candy
B. Lose the candy
C. Clean the kitchen
D. Hide the candy",D,A,No
mistral,mistralai/ministral-3-3b,2,18,"Story: Mia hides a toy in a drawer while Liam is watching. Later Liam leaves the room and Mia moves the toy to a box.
Question: Who knows the toy is in the box?
A. Liam only
B. Both Mia and Liam
C. Mia only
D. Neither",C,B,No
mistral,mistralai/ministral-3-3b,2,19,"Story: Noah puts a coin in a jar. Emma watches. Noah leaves. Emma moves the coin to a drawer. Liam sees Emma move it.
Question: Where does Liam think Noah will look for the coin?
A. Drawer
B. Table
C. Shelf
D. Jar",D,A,No
mistral,mistralai/ministral-3-3b,2,20,"Story: Ella believes her favorite mug is broken. Later she discovers it is actually fine.
Question: How will Ella most likely feel when she finds out?
A. Angry
B. Bored
C. Confused
D. Relieved",D,D,Yes
mistral,mistralai/ministral-3-3b,3,1,"Story: Sam puts his watch in a drawer and leaves the room. While he is gone, Alex moves the watch to a box.
Question: Where will Sam look for the watch first?
A. Box
B. Table
C. Drawer
D. Shelf",C,C,Yes
mistral,mistralai/ministral-3-3b,3,2,"Story: Nina thinks her cat ran away, but the cat is actually sleeping under the bed.
Question: How does Nina most likely feel before she checks under the bed?
A. Relieved
B. Proud
C. Excited
D. Worried",D,D,Yes
mistral,mistralai/ministral-3-3b,3,3,"Story: Leo hides a coin in a cup. Emma is watching. Later Leo leaves the room and Emma moves the coin to a drawer.
Question: Who knows the coin was moved?
A. Leo only
B. Both Leo and Emma
C. Neither of them
D. Emma only",D,B,No
mistral,mistralai/ministral-3-3b,3,4,"Story: You can see a dog behind a tree. Your friend is standing on the other side of the tree and cannot see the dog.
Question: What does your friend think is behind the tree?
A. A dog
B. A cat
C. A ball
D. Nothing",D,A,No
mistral,mistralai/ministral-3-3b,3,5,"Story: Olivia hides a cookie in a jar. Jack watches. Olivia leaves the room. Jack moves the cookie to a cupboard.
Question: Where is the cookie really?
A. Jar
B. Table
C. Plate
D. Cupboard",D,D,Yes
mistral,mistralai/ministral-3-3b,3,6,"Story: A child hides a toy in a drawer. Another child asks where it is. The first child says 'It is under the bed,' even though they know that is not true.
Question: Why did the child say this?
A. Because they forgot
B. Because they believe it is under the bed
C. To confuse the other child
D. Because they dislike toys",C,C,Yes
mistral,mistralai/ministral-3-3b,3,7,"Story: Mark puts his keys in his backpack. Later someone moves the keys to a desk while Mark is outside.
Question: Where will Mark look for the keys first?
A. Desk
B. Pocket
C. Drawer
D. Backpack",D,A,No
mistral,mistralai/ministral-3-3b,3,8,"Story: Sara thinks her lost phone is gone forever. Then she finds it in her jacket pocket.
Question: How will Sara most likely feel when she finds it?
A. Angry
B. Confused
C. Relieved
D. Bored",C,C,Yes
mistral,mistralai/ministral-3-3b,3,9,"Story: Tom places a book in a cabinet while Maya watches. Later Tom leaves the room and Maya moves the book to a drawer.
Question: Does Tom know the book was moved?
A. Yes
B. No",B,D,No
mistral,mistralai/ministral-3-3b,3,10,"Story: Anna hides a ball in a basket. Ben watches. Anna leaves the room. Ben moves the ball to a box. Clara sees Ben move it.
Question: Where does Clara think Anna will look for the ball?
A. Box
B. Table
C. Basket
D. Shelf",C,C,Yes
mistral,mistralai/ministral-3-3b,3,11,"Story: Liam moves his friend's chair slightly before they sit down as a joke.
Question: What was Liam's likely intention?
A. To help his friend
B. To clean the room
C. To move furniture permanently
D. To make his friend laugh",D,D,Yes
mistral,mistralai/ministral-3-3b,3,12,"Story: Emma puts a pen in a drawer and then goes outside to talk on the phone. While she is gone, Noah moves the pen to a box.
Question: Where will Emma look for the pen first?
A. Box
B. Table
C. Drawer
D. Bag",C,C,Yes
mistral,mistralai/ministral-3-3b,3,13,"Story: Jake thinks his friend ignored his message, but actually the friend never received it.
Question: How might Jake feel?
A. Happy
B. Relaxed
C. Hurt
D. Proud",C,C,Yes
mistral,mistralai/ministral-3-3b,3,14,"Story: A toy is behind a couch. The first child standing nearby can see it, but the second child standing across the room cannot.
Question: What does the second child believe?
A. The toy is visible
B. The toy is missing
C. The toy is broken
D. The toy is behind the couch",B,B,Yes
mistral,mistralai/ministral-3-3b,3,15,"Story: Ava hides a ring in a bag. Later someone moves the ring to a drawer while Ava is outside.
Question: Where does Ava think the ring is?
A. Drawer
B. Shelf
C. Table
D. Bag",D,A,No
mistral,mistralai/ministral-3-3b,3,16,"Story: Daniel studies very hard for a test and believes he will do well.
Question: How does Daniel most likely feel before taking the test?
A. Angry
B. Bored
C. Nervous but hopeful
D. Confused",C,C,Yes
mistral,mistralai/ministral-3-3b,3,17,"Story: A child tells their friend the candy is in the kitchen even though it is actually in their pocket.
Question: What is the child trying to do?
A. Share the candy
B. Lose the candy
C. Clean the kitchen
D. Hide the candy",D,A,No
mistral,mistralai/ministral-3-3b,3,18,"Story: Mia hides a toy in a drawer while Liam is watching. Later Liam leaves the room and Mia moves the toy to a box.
Question: Who knows the toy is in the box?
A. Liam only
B. Both Mia and Liam
C. Mia only
D. Neither",C,A,No
mistral,mistralai/ministral-3-3b,3,19,"Story: Noah puts a coin in a jar. Emma watches. Noah leaves. Emma moves the coin to a drawer. Liam sees Emma move it.
Question: Where does Liam think Noah will look for the coin?
A. Drawer
B. Table
C. Shelf
D. Jar",D,A,No
mistral,mistralai/ministral-3-3b,3,20,"Story: Ella believes her favorite mug is broken. Later she discovers it is actually fine.
Question: How will Ella most likely feel when she finds out?
A. Angry
B. Bored
C. Confused
D. Relieved",D,D,Yes
mistral,mistralai/ministral-3-3b,4,1,"Story: Sam puts his watch in a drawer and leaves the room. While he is gone, Alex moves the watch to a box.
Question: Where will Sam look for the watch first?
A. Box
B. Table
C. Drawer
D. Shelf",C,C,Yes
mistral,mistralai/ministral-3-3b,4,2,"Story: Nina thinks her cat ran away, but the cat is actually sleeping under the bed.
Question: How does Nina most likely feel before she checks under the bed?
A. Relieved
B. Proud
C. Excited
D. Worried",D,D,Yes
mistral,mistralai/ministral-3-3b,4,3,"Story: Leo hides a coin in a cup. Emma is watching. Later Leo leaves the room and Emma moves the coin to a drawer.
Question: Who knows the coin was moved?
A. Leo only
B. Both Leo and Emma
C. Neither of them
D. Emma only",D,B,No
mistral,mistralai/ministral-3-3b,4,4,"Story: You can see a dog behind a tree. Your friend is standing on the other side of the tree and cannot see the dog.
Question: What does your friend think is behind the tree?
A. A dog
B. A cat
C. A ball
D. Nothing",D,A,No
mistral,mistralai/ministral-3-3b,4,5,"Story: Olivia hides a cookie in a jar. Jack watches. Olivia leaves the room. Jack moves the cookie to a cupboard.
Question: Where is the cookie really?
A. Jar
B. Table
C. Plate
D. Cupboard",D,D,Yes
mistral,mistralai/ministral-3-3b,4,6,"Story: A child hides a toy in a drawer. Another child asks where it is. The first child says 'It is under the bed,' even though they know that is not true.
Question: Why did the child say this?
A. Because they forgot
B. Because they believe it is under the bed
C. To confuse the other child
D. Because they dislike toys",C,C,Yes
mistral,mistralai/ministral-3-3b,4,7,"Story: Mark puts his keys in his backpack. Later someone moves the keys to a desk while Mark is outside.
Question: Where will Mark look for the keys first?
A. Desk
B. Pocket
C. Drawer
D. Backpack",D,A,No
mistral,mistralai/ministral-3-3b,4,8,"Story: Sara thinks her lost phone is gone forever. Then she finds it in her jacket pocket.
Question: How will Sara most likely feel when she finds it?
A. Angry
B. Confused
C. Relieved
D. Bored",C,C,Yes
mistral,mistralai/ministral-3-3b,4,9,"Story: Tom places a book in a cabinet while Maya watches. Later Tom leaves the room and Maya moves the book to a drawer.
Question: Does Tom know the book was moved?
A. Yes
B. No",B,D,No
mistral,mistralai/ministral-3-3b,4,10,"Story: Anna hides a ball in a basket. Ben watches. Anna leaves the room. Ben moves the ball to a box. Clara sees Ben move it.
Question: Where does Clara think Anna will look for the ball?
A. Box
B. Table
C. Basket
D. Shelf",C,C,Yes
mistral,mistralai/ministral-3-3b,4,11,"Story: Liam moves his friend's chair slightly before they sit down as a joke.
Question: What was Liam's likely intention?
A. To help his friend
B. To clean the room
C. To move furniture permanently
D. To make his friend laugh",D,D,Yes
mistral,mistralai/ministral-3-3b,4,12,"Story: Emma puts a pen in a drawer and then goes outside to talk on the phone. While she is gone, Noah moves the pen to a box.
Question: Where will Emma look for the pen first?
A. Box
B. Table
C. Drawer
D. Bag",C,C,Yes
mistral,mistralai/ministral-3-3b,4,13,"Story: Jake thinks his friend ignored his message, but actually the friend never received it.
Question: How might Jake feel?
A. Happy
B. Relaxed
C. Hurt
D. Proud",C,C,Yes
mistral,mistralai/ministral-3-3b,4,14,"Story: A toy is behind a couch. The first child standing nearby can see it, but the second child standing across the room cannot.
Question: What does the second child believe?
A. The toy is visible
B. The toy is missing
C. The toy is broken
D. The toy is behind the couch",B,B,Yes
mistral,mistralai/ministral-3-3b,4,15,"Story: Ava hides a ring in a bag. Later someone moves the ring to a drawer while Ava is outside.
Question: Where does Ava think the ring is?
A. Drawer
B. Shelf
C. Table
D. Bag",D,A,No
mistral,mistralai/ministral-3-3b,4,16,"Story: Daniel studies very hard for a test and believes he will do well.
Question: How does Daniel most likely feel before taking the test?
A. Angry
B. Bored
C. Nervous but hopeful
D. Confused",C,C,Yes
mistral,mistralai/ministral-3-3b,4,17,"Story: A child tells their friend the candy is in the kitchen even though it is actually in their pocket.
Question: What is the child trying to do?
A. Share the candy
B. Lose the candy
C. Clean the kitchen
D. Hide the candy",D,A,No
mistral,mistralai/ministral-3-3b,4,18,"Story: Mia hides a toy in a drawer while Liam is watching. Later Liam leaves the room and Mia moves the toy to a box.
Question: Who knows the toy is in the box?
A. Liam only
B. Both Mia and Liam
C. Mia only
D. Neither",C,B,No
mistral,mistralai/ministral-3-3b,4,19,"Story: Noah puts a coin in a jar. Emma watches. Noah leaves. Emma moves the coin to a drawer. Liam sees Emma move it.
Question: Where does Liam think Noah will look for the coin?
A. Drawer
B. Table
C. Shelf
D. Jar",D,A,No
mistral,mistralai/ministral-3-3b,4,20,"Story: Ella believes her favorite mug is broken. Later she discovers it is actually fine.
Question: How will Ella most likely feel when she finds out?
A. Angry
B. Bored
C. Confused
D. Relieved",D,D,Yes
mistral,mistralai/ministral-3-3b,5,1,"Story: Sam puts his watch in a drawer and leaves the room. While he is gone, Alex moves the watch to a box.
Question: Where will Sam look for the watch first?
A. Box
B. Table
C. Drawer
D. Shelf",C,C,Yes
mistral,mistralai/ministral-3-3b,5,2,"Story: Nina thinks her cat ran away, but the cat is actually sleeping under the bed.
Question: How does Nina most likely feel before she checks under the bed?
A. Relieved
B. Proud
C. Excited
D. Worried",D,D,Yes
mistral,mistralai/ministral-3-3b,5,3,"Story: Leo hides a coin in a cup. Emma is watching. Later Leo leaves the room and Emma moves the coin to a drawer.
Question: Who knows the coin was moved?
A. Leo only
B. Both Leo and Emma
C. Neither of them
D. Emma only",D,B,No
mistral,mistralai/ministral-3-3b,5,4,"Story: You can see a dog behind a tree. Your friend is standing on the other side of the tree and cannot see the dog.
Question: What does your friend think is behind the tree?
A. A dog
B. A cat
C. A ball
D. Nothing",D,A,No
mistral,mistralai/ministral-3-3b,5,5,"Story: Olivia hides a cookie in a jar. Jack watches. Olivia leaves the room. Jack moves the cookie to a cupboard.
Question: Where is the cookie really?
A. Jar
B. Table
C. Plate
D. Cupboard",D,D,Yes
mistral,mistralai/ministral-3-3b,5,6,"Story: A child hides a toy in a drawer. Another child asks where it is. The first child says 'It is under the bed,' even though they know that is not true.
Question: Why did the child say this?
A. Because they forgot
B. Because they believe it is under the bed
C. To confuse the other child
D. Because they dislike toys",C,C,Yes
mistral,mistralai/ministral-3-3b,5,7,"Story: Mark puts his keys in his backpack. Later someone moves the keys to a desk while Mark is outside.
Question: Where will Mark look for the keys first?
A. Desk
B. Pocket
C. Drawer
D. Backpack",D,B,No
mistral,mistralai/ministral-3-3b,5,8,"Story: Sara thinks her lost phone is gone forever. Then she finds it in her jacket pocket.
Question: How will Sara most likely feel when she finds it?
A. Angry
B. Confused
C. Relieved
D. Bored",C,C,Yes
mistral,mistralai/ministral-3-3b,5,9,"Story: Tom places a book in a cabinet while Maya watches. Later Tom leaves the room and Maya moves the book to a drawer.
Question: Does Tom know the book was moved?
A. Yes
B. No",B,D,No
mistral,mistralai/ministral-3-3b,5,10,"Story: Anna hides a ball in a basket. Ben watches. Anna leaves the room. Ben moves the ball to a box. Clara sees Ben move it.
Question: Where does Clara think Anna will look for the ball?
A. Box
B. Table
C. Basket
D. Shelf",C,C,Yes
mistral,mistralai/ministral-3-3b,5,11,"Story: Liam moves his friend's chair slightly before they sit down as a joke.
Question: What was Liam's likely intention?
A. To help his friend
B. To clean the room
C. To move furniture permanently
D. To make his friend laugh",D,D,Yes
mistral,mistralai/ministral-3-3b,5,12,"Story: Emma puts a pen in a drawer and then goes outside to talk on the phone. While she is gone, Noah moves the pen to a box.
Question: Where will Emma look for the pen first?
A. Box
B. Table
C. Drawer
D. Bag",C,C,Yes
mistral,mistralai/ministral-3-3b,5,13,"Story: Jake thinks his friend ignored his message, but actually the friend never received it.
Question: How might Jake feel?
A. Happy
B. Relaxed
C. Hurt
D. Proud",C,C,Yes
mistral,mistralai/ministral-3-3b,5,14,"Story: A toy is behind a couch. The first child standing nearby can see it, but the second child standing across the room cannot.
Question: What does the second child believe?
A. The toy is visible
B. The toy is missing
C. The toy is broken
D. The toy is behind the couch",B,B,Yes
mistral,mistralai/ministral-3-3b,5,15,"Story: Ava hides a ring in a bag. Later someone moves the ring to a drawer while Ava is outside.
Question: Where does Ava think the ring is?
A. Drawer
B. Shelf
C. Table
D. Bag",D,A,No
mistral,mistralai/ministral-3-3b,5,16,"Story: Daniel studies very hard for a test and believes he will do well.
Question: How does Daniel most likely feel before taking the test?
A. Angry
B. Bored
C. Nervous but hopeful
D. Confused",C,C,Yes
mistral,mistralai/ministral-3-3b,5,17,"Story: A child tells their friend the candy is in the kitchen even though it is actually in their pocket.
Question: What is the child trying to do?
A. Share the candy
B. Lose the candy
C. Clean the kitchen
D. Hide the candy",D,A,No
mistral,mistralai/ministral-3-3b,5,18,"Story: Mia hides a toy in a drawer while Liam is watching. Later Liam leaves the room and Mia moves the toy to a box.
Question: Who knows the toy is in the box?
A. Liam only
B. Both Mia and Liam
C. Mia only
D. Neither",C,B,No
mistral,mistralai/ministral-3-3b,5,19,"Story: Noah puts a coin in a jar. Emma watches. Noah leaves. Emma moves the coin to a drawer. Liam sees Emma move it.
Question: Where does Liam think Noah will look for the coin?
A. Drawer
B. Table
C. Shelf
D. Jar",D,A,No
mistral,mistralai/ministral-3-3b,5,20,"Story: Ella believes her favorite mug is broken. Later she discovers it is actually fine.
Question: How will Ella most likely feel when she finds out?
A. Angry
B. Bored
C. Confused
D. Relieved",D,D,Yes
mistral,mistralai/ministral-3-3b,6,1,"Story: Sam puts his watch in a drawer and leaves the room. While he is gone, Alex moves the watch to a box.
Question: Where will Sam look for the watch first?
A. Box
B. Table
C. Drawer
D. Shelf",C,C,Yes
mistral,mistralai/ministral-3-3b,6,2,"Story: Nina thinks her cat ran away, but the cat is actually sleeping under the bed.
Question: How does Nina most likely feel before she checks under the bed?
A. Relieved
B. Proud
C. Excited
D. Worried",D,D,Yes
mistral,mistralai/ministral-3-3b,6,3,"Story: Leo hides a coin in a cup. Emma is watching. Later Leo leaves the room and Emma moves the coin to a drawer.
Question: Who knows the coin was moved?
A. Leo only
B. Both Leo and Emma
C. Neither of them
D. Emma only",D,B,No
mistral,mistralai/ministral-3-3b,6,4,"Story: You can see a dog behind a tree. Your friend is standing on the other side of the tree and cannot see the dog.
Question: What does your friend think is behind the tree?
A. A dog
B. A cat
C. A ball
D. Nothing",D,A,No
mistral,mistralai/ministral-3-3b,6,5,"Story: Olivia hides a cookie in a jar. Jack watches. Olivia leaves the room. Jack moves the cookie to a cupboard.
Question: Where is the cookie really?
A. Jar
B. Table
C. Plate
D. Cupboard",D,B,No
mistral,mistralai/ministral-3-3b,6,6,"Story: A child hides a toy in a drawer. Another child asks where it is. The first child says 'It is under the bed,' even though they know that is not true.
Question: Why did the child say this?
A. Because they forgot
B. Because they believe it is under the bed
C. To confuse the other child
D. Because they dislike toys",C,C,Yes
mistral,mistralai/ministral-3-3b,6,7,"Story: Mark puts his keys in his backpack. Later someone moves the keys to a desk while Mark is outside.
Question: Where will Mark look for the keys first?
A. Desk
B. Pocket
C. Drawer
D. Backpack",D,B,No
mistral,mistralai/ministral-3-3b,6,8,"Story: Sara thinks her lost phone is gone forever. Then she finds it in her jacket pocket.
Question: How will Sara most likely feel when she finds it?
A. Angry
B. Confused
C. Relieved
D. Bored",C,C,Yes
mistral,mistralai/ministral-3-3b,6,9,"Story: Tom places a book in a cabinet while Maya watches. Later Tom leaves the room and Maya moves the book to a drawer.
Question: Does Tom know the book was moved?
A. Yes
B. No",B,D,No
mistral,mistralai/ministral-3-3b,6,10,"Story: Anna hides a ball in a basket. Ben watches. Anna leaves the room. Ben moves the ball to a box. Clara sees Ben move it.
Question: Where does Clara think Anna will look for the ball?
A. Box
B. Table
C. Basket
D. Shelf",C,C,Yes
mistral,mistralai/ministral-3-3b,6,11,"Story: Liam moves his friend's chair slightly before they sit down as a joke.
Question: What was Liam's likely intention?
A. To help his friend
B. To clean the room
C. To move furniture permanently
D. To make his friend laugh",D,D,Yes
mistral,mistralai/ministral-3-3b,6,12,"Story: Emma puts a pen in a drawer and then goes outside to talk on the phone. While she is gone, Noah moves the pen to a box.
Question: Where will Emma look for the pen first?
A. Box
B. Table
C. Drawer
D. Bag",C,C,Yes
mistral,mistralai/ministral-3-3b,6,13,"Story: Jake thinks his friend ignored his message, but actually the friend never received it.
Question: How might Jake feel?
A. Happy
B. Relaxed
C. Hurt
D. Proud",C,C,Yes
mistral,mistralai/ministral-3-3b,6,14,"Story: A toy is behind a couch. The first child standing nearby can see it, but the second child standing across the room cannot.
Question: What does the second child believe?
A. The toy is visible
B. The toy is missing
C. The toy is broken
D. The toy is behind the couch",B,B,Yes
mistral,mistralai/ministral-3-3b,6,15,"Story: Ava hides a ring in a bag. Later someone moves the ring to a drawer while Ava is outside.
Question: Where does Ava think the ring is?
A. Drawer
B. Shelf
C. Table
D. Bag",D,A,No
mistral,mistralai/ministral-3-3b,6,16,"Story: Daniel studies very hard for a test and believes he will do well.
Question: How does Daniel most likely feel before taking the test?
A. Angry
B. Bored
C. Nervous but hopeful
D. Confused",C,C,Yes
mistral,mistralai/ministral-3-3b,6,17,"Story: A child tells their friend the candy is in the kitchen even though it is actually in their pocket.
Question: What is the child trying to do?
A. Share the candy
B. Lose the candy
C. Clean the kitchen
D. Hide the candy",D,A,No
mistral,mistralai/ministral-3-3b,6,18,"Story: Mia hides a toy in a drawer while Liam is watching. Later Liam leaves the room and Mia moves the toy to a box.
Question: Who knows the toy is in the box?
A. Liam only
B. Both Mia and Liam
C. Mia only
D. Neither",C,A,No
mistral,mistralai/ministral-3-3b,6,19,"Story: Noah puts a coin in a jar. Emma watches. Noah leaves. Emma moves the coin to a drawer. Liam sees Emma move it.
Question: Where does Liam think Noah will look for the coin?
A. Drawer
B. Table
C. Shelf
D. Jar",D,A,No
mistral,mistralai/ministral-3-3b,6,20,"Story: Ella believes her favorite mug is broken. Later she discovers it is actually fine.
Question: How will Ella most likely feel when she finds out?
A. Angry
B. Bored
C. Confused
D. Relieved",D,D,Yes
mistral,mistralai/ministral-3-3b,7,1,"Story: Sam puts his watch in a drawer and leaves the room. While he is gone, Alex moves the watch to a box.
Question: Where will Sam look for the watch first?
A. Box
B. Table
C. Drawer
D. Shelf",C,C,Yes
mistral,mistralai/ministral-3-3b,7,2,"Story: Nina thinks her cat ran away, but the cat is actually sleeping under the bed.
Question: How does Nina most likely feel before she checks under the bed?
A. Relieved
B. Proud
C. Excited
D. Worried",D,D,Yes
mistral,mistralai/ministral-3-3b,7,3,"Story: Leo hides a coin in a cup. Emma is watching. Later Leo leaves the room and Emma moves the coin to a drawer.
Question: Who knows the coin was moved?
A. Leo only
B. Both Leo and Emma
C. Neither of them
D. Emma only",D,B,No
mistral,mistralai/ministral-3-3b,7,4,"Story: You can see a dog behind a tree. Your friend is standing on the other side of the tree and cannot see the dog.
Question: What does your friend think is behind the tree?
A. A dog
B. A cat
C. A ball
D. Nothing",D,A,No
mistral,mistralai/ministral-3-3b,7,5,"Story: Olivia hides a cookie in a jar. Jack watches. Olivia leaves the room. Jack moves the cookie to a cupboard.
Question: Where is the cookie really?
A. Jar
B. Table
C. Plate
D. Cupboard",D,D,Yes
mistral,mistralai/ministral-3-3b,7,6,"Story: A child hides a toy in a drawer. Another child asks where it is. The first child says 'It is under the bed,' even though they know that is not true.
Question: Why did the child say this?
A. Because they forgot
B. Because they believe it is under the bed
C. To confuse the other child
D. Because they dislike toys",C,C,Yes
mistral,mistralai/ministral-3-3b,7,7,"Story: Mark puts his keys in his backpack. Later someone moves the keys to a desk while Mark is outside.
Question: Where will Mark look for the keys first?
A. Desk
B. Pocket
C. Drawer
D. Backpack",D,B,No
mistral,mistralai/ministral-3-3b,7,8,"Story: Sara thinks her lost phone is gone forever. Then she finds it in her jacket pocket.
Question: How will Sara most likely feel when she finds it?
A. Angry
B. Confused
C. Relieved
D. Bored",C,C,Yes
mistral,mistralai/ministral-3-3b,7,9,"Story: Tom places a book in a cabinet while Maya watches. Later Tom leaves the room and Maya moves the book to a drawer.
Question: Does Tom know the book was moved?
A. Yes
B. No",B,D,No
mistral,mistralai/ministral-3-3b,7,10,"Story: Anna hides a ball in a basket. Ben watches. Anna leaves the room. Ben moves the ball to a box. Clara sees Ben move it.
Question: Where does Clara think Anna will look for the ball?
A. Box
B. Table
C. Basket
D. Shelf",C,C,Yes
mistral,mistralai/ministral-3-3b,7,11,"Story: Liam moves his friend's chair slightly before they sit down as a joke.
Question: What was Liam's likely intention?
A. To help his friend
B. To clean the room
C. To move furniture permanently
D. To make his friend laugh",D,D,Yes
mistral,mistralai/ministral-3-3b,7,12,"Story: Emma puts a pen in a drawer and then goes outside to talk on the phone. While she is gone, Noah moves the pen to a box.
Question: Where will Emma look for the pen first?
A. Box
B. Table
C. Drawer
D. Bag",C,C,Yes
mistral,mistralai/ministral-3-3b,7,13,"Story: Jake thinks his friend ignored his message, but actually the friend never received it.
Question: How might Jake feel?
A. Happy
B. Relaxed
C. Hurt
D. Proud",C,C,Yes
mistral,mistralai/ministral-3-3b,7,14,"Story: A toy is behind a couch. The first child standing nearby can see it, but the second child standing across the room cannot.
Question: What does the second child believe?
A. The toy is visible
B. The toy is missing
C. The toy is broken
D. The toy is behind the couch",B,B,Yes
mistral,mistralai/ministral-3-3b,7,15,"Story: Ava hides a ring in a bag. Later someone moves the ring to a drawer while Ava is outside.
Question: Where does Ava think the ring is?
A. Drawer
B. Shelf
C. Table
D. Bag",D,A,No
mistral,mistralai/ministral-3-3b,7,16,"Story: Daniel studies very hard for a test and believes he will do well.
Question: How does Daniel most likely feel before taking the test?
A. Angry
B. Bored
C. Nervous but hopeful
D. Confused",C,C,Yes
mistral,mistralai/ministral-3-3b,7,17,"Story: A child tells their friend the candy is in the kitchen even though it is actually in their pocket.
Question: What is the child trying to do?
A. Share the candy
B. Lose the candy
C. Clean the kitchen
D. Hide the candy",D,A,No
mistral,mistralai/ministral-3-3b,7,18,"Story: Mia hides a toy in a drawer while Liam is watching. Later Liam leaves the room and Mia moves the toy to a box.
Question: Who knows the toy is in the box?
A. Liam only
B. Both Mia and Liam
C. Mia only
D. Neither",C,B,No
mistral,mistralai/ministral-3-3b,7,19,"Story: Noah puts a coin in a jar. Emma watches. Noah leaves. Emma moves the coin to a drawer. Liam sees Emma move it.
Question: Where does Liam think Noah will look for the coin?
A. Drawer
B. Table
C. Shelf
D. Jar",D,A,No
mistral,mistralai/ministral-3-3b,7,20,"Story: Ella believes her favorite mug is broken. Later she discovers it is actually fine.
Question: How will Ella most likely feel when she finds out?
A. Angry
B. Bored
C. Confused
D. Relieved",D,D,Yes
mistral,mistralai/ministral-3-3b,8,1,"Story: Sam puts his watch in a drawer and leaves the room. While he is gone, Alex moves the watch to a box.
Question: Where will Sam look for the watch first?
A. Box
B. Table
C. Drawer
D. Shelf",C,C,Yes
mistral,mistralai/ministral-3-3b,8,2,"Story: Nina thinks her cat ran away, but the cat is actually sleeping under the bed.
Question: How does Nina most likely feel before she checks under the bed?
A. Relieved
B. Proud
C. Excited
D. Worried",D,D,Yes
mistral,mistralai/ministral-3-3b,8,3,"Story: Leo hides a coin in a cup. Emma is watching. Later Leo leaves the room and Emma moves the coin to a drawer.
Question: Who knows the coin was moved?
A. Leo only
B. Both Leo and Emma
C. Neither of them
D. Emma only",D,B,No
mistral,mistralai/ministral-3-3b,8,4,"Story: You can see a dog behind a tree. Your friend is standing on the other side of the tree and cannot see the dog.
Question: What does your friend think is behind the tree?
A. A dog
B. A cat
C. A ball
D. Nothing",D,A,No
mistral,mistralai/ministral-3-3b,8,5,"Story: Olivia hides a cookie in a jar. Jack watches. Olivia leaves the room. Jack moves the cookie to a cupboard.
Question: Where is the cookie really?
A. Jar
B. Table
C. Plate
D. Cupboard",D,B,No
mistral,mistralai/ministral-3-3b,8,6,"Story: A child hides a toy in a drawer. Another child asks where it is. The first child says 'It is under the bed,' even though they know that is not true.
Question: Why did the child say this?
A. Because they forgot
B. Because they believe it is under the bed
C. To confuse the other child
D. Because they dislike toys",C,C,Yes
mistral,mistralai/ministral-3-3b,8,7,"Story: Mark puts his keys in his backpack. Later someone moves the keys to a desk while Mark is outside.
Question: Where will Mark look for the keys first?
A. Desk
B. Pocket
C. Drawer
D. Backpack",D,B,No
mistral,mistralai/ministral-3-3b,8,8,"Story: Sara thinks her lost phone is gone forever. Then she finds it in her jacket pocket.
Question: How will Sara most likely feel when she finds it?
A. Angry
B. Confused
C. Relieved
D. Bored",C,C,Yes
mistral,mistralai/ministral-3-3b,8,9,"Story: Tom places a book in a cabinet while Maya watches. Later Tom leaves the room and Maya moves the book to a drawer.
Question: Does Tom know the book was moved?
A. Yes
B. No",B,D,No
mistral,mistralai/ministral-3-3b,8,10,"Story: Anna hides a ball in a basket. Ben watches. Anna leaves the room. Ben moves the ball to a box. Clara sees Ben move it.
Question: Where does Clara think Anna will look for the ball?
A. Box
B. Table
C. Basket
D. Shelf",C,C,Yes
mistral,mistralai/ministral-3-3b,8,11,"Story: Liam moves his friend's chair slightly before they sit down as a joke.
Question: What was Liam's likely intention?
A. To help his friend
B. To clean the room
C. To move furniture permanently
D. To make his friend laugh",D,D,Yes
mistral,mistralai/ministral-3-3b,8,12,"Story: Emma puts a pen in a drawer and then goes outside to talk on the phone. While she is gone, Noah moves the pen to a box.
Question: Where will Emma look for the pen first?
A. Box
B. Table
C. Drawer
D. Bag",C,C,Yes
mistral,mistralai/ministral-3-3b,8,13,"Story: Jake thinks his friend ignored his message, but actually the friend never received it.
Question: How might Jake feel?
A. Happy
B. Relaxed
C. Hurt
D. Proud",C,C,Yes
mistral,mistralai/ministral-3-3b,8,14,"Story: A toy is behind a couch. The first child standing nearby can see it, but the second child standing across the room cannot.
Question: What does the second child believe?
A. The toy is visible
B. The toy is missing
C. The toy is broken
D. The toy is behind the couch",B,B,Yes
mistral,mistralai/ministral-3-3b,8,15,"Story: Ava hides a ring in a bag. Later someone moves the ring to a drawer while Ava is outside.
Question: Where does Ava think the ring is?
A. Drawer
B. Shelf
C. Table
D. Bag",D,A,No
mistral,mistralai/ministral-3-3b,8,16,"Story: Daniel studies very hard for a test and believes he will do well.
Question: How does Daniel most likely feel before taking the test?
A. Angry
B. Bored
C. Nervous but hopeful
D. Confused",C,C,Yes
mistral,mistralai/ministral-3-3b,8,17,"Story: A child tells their friend the candy is in the kitchen even though it is actually in their pocket.
Question: What is the child trying to do?
A. Share the candy
B. Lose the candy
C. Clean the kitchen
D. Hide the candy",D,A,No
mistral,mistralai/ministral-3-3b,8,18,"Story: Mia hides a toy in a drawer while Liam is watching. Later Liam leaves the room and Mia moves the toy to a box.
Question: Who knows the toy is in the box?
A. Liam only
B. Both Mia and Liam
C. Mia only
D. Neither",C,B,No
mistral,mistralai/ministral-3-3b,8,19,"Story: Noah puts a coin in a jar. Emma watches. Noah leaves. Emma moves the coin to a drawer. Liam sees Emma move it.
Question: Where does Liam think Noah will look for the coin?
A. Drawer
B. Table
C. Shelf
D. Jar",D,A,No
mistral,mistralai/ministral-3-3b,8,20,"Story: Ella believes her favorite mug is broken. Later she discovers it is actually fine.
Question: How will Ella most likely feel when she finds out?
A. Angry
B. Bored
C. Confused
D. Relieved",D,D,Yes
mistral,mistralai/ministral-3-3b,9,1,"Story: Sam puts his watch in a drawer and leaves the room. While he is gone, Alex moves the watch to a box.
Question: Where will Sam look for the watch first?
A. Box
B. Table
C. Drawer
D. Shelf",C,C,Yes
mistral,mistralai/ministral-3-3b,9,2,"Story: Nina thinks her cat ran away, but the cat is actually sleeping under the bed.
Question: How does Nina most likely feel before she checks under the bed?
A. Relieved
B. Proud
C. Excited
D. Worried",D,D,Yes
mistral,mistralai/ministral-3-3b,9,3,"Story: Leo hides a coin in a cup. Emma is watching. Later Leo leaves the room and Emma moves the coin to a drawer.
Question: Who knows the coin was moved?
A. Leo only
B. Both Leo and Emma
C. Neither of them
D. Emma only",D,B,No
mistral,mistralai/ministral-3-3b,9,4,"Story: You can see a dog behind a tree. Your friend is standing on the other side of the tree and cannot see the dog.
Question: What does your friend think is behind the tree?
A. A dog
B. A cat
C. A ball
D. Nothing",D,A,No
mistral,mistralai/ministral-3-3b,9,5,"Story: Olivia hides a cookie in a jar. Jack watches. Olivia leaves the room. Jack moves the cookie to a cupboard.
Question: Where is the cookie really?
A. Jar
B. Table
C. Plate
D. Cupboard",D,D,Yes
mistral,mistralai/ministral-3-3b,9,6,"Story: A child hides a toy in a drawer. Another child asks where it is. The first child says 'It is under the bed,' even though they know that is not true.
Question: Why did the child say this?
A. Because they forgot
B. Because they believe it is under the bed
C. To confuse the other child
D. Because they dislike toys",C,C,Yes
mistral,mistralai/ministral-3-3b,9,7,"Story: Mark puts his keys in his backpack. Later someone moves the keys to a desk while Mark is outside.
Question: Where will Mark look for the keys first?
A. Desk
B. Pocket
C. Drawer
D. Backpack",D,B,No
mistral,mistralai/ministral-3-3b,9,8,"Story: Sara thinks her lost phone is gone forever. Then she finds it in her jacket pocket.
Question: How will Sara most likely feel when she finds it?
A. Angry
B. Confused
C. Relieved
D. Bored",C,C,Yes
mistral,mistralai/ministral-3-3b,9,9,"Story: Tom places a book in a cabinet while Maya watches. Later Tom leaves the room and Maya moves the book to a drawer.
Question: Does Tom know the book was moved?
A. Yes
B. No",B,D,No
mistral,mistralai/ministral-3-3b,9,10,"Story: Anna hides a ball in a basket. Ben watches. Anna leaves the room. Ben moves the ball to a box. Clara sees Ben move it.
Question: Where does Clara think Anna will look for the ball?
A. Box
B. Table
C. Basket
D. Shelf",C,C,Yes
mistral,mistralai/ministral-3-3b,9,11,"Story: Liam moves his friend's chair slightly before they sit down as a joke.
Question: What was Liam's likely intention?
A. To help his friend
B. To clean the room
C. To move furniture permanently
D. To make his friend laugh",D,D,Yes
mistral,mistralai/ministral-3-3b,9,12,"Story: Emma puts a pen in a drawer and then goes outside to talk on the phone. While she is gone, Noah moves the pen to a box.
Question: Where will Emma look for the pen first?
A. Box
B. Table
C. Drawer
D. Bag",C,C,Yes
mistral,mistralai/ministral-3-3b,9,13,"Story: Jake thinks his friend ignored his message, but actually the friend never received it.
Question: How might Jake feel?
A. Happy
B. Relaxed
C. Hurt
D. Proud",C,C,Yes
mistral,mistralai/ministral-3-3b,9,14,"Story: A toy is behind a couch. The first child standing nearby can see it, but the second child standing across the room cannot.
Question: What does the second child believe?
A. The toy is visible
B. The toy is missing
C. The toy is broken
D. The toy is behind the couch",B,B,Yes
mistral,mistralai/ministral-3-3b,9,15,"Story: Ava hides a ring in a bag. Later someone moves the ring to a drawer while Ava is outside.
Question: Where does Ava think the ring is?
A. Drawer
B. Shelf
C. Table
D. Bag",D,A,No
mistral,mistralai/ministral-3-3b,9,16,"Story: Daniel studies very hard for a test and believes he will do well.
Question: How does Daniel most likely feel before taking the test?
A. Angry
B. Bored
C. Nervous but hopeful
D. Confused",C,C,Yes
mistral,mistralai/ministral-3-3b,9,17,"Story: A child tells their friend the candy is in the kitchen even though it is actually in their pocket.
Question: What is the child trying to do?
A. Share the candy
B. Lose the candy
C. Clean the kitchen
D. Hide the candy",D,A,No
mistral,mistralai/ministral-3-3b,9,18,"Story: Mia hides a toy in a drawer while Liam is watching. Later Liam leaves the room and Mia moves the toy to a box.
Question: Who knows the toy is in the box?
A. Liam only
B. Both Mia and Liam
C. Mia only
D. Neither",C,B,No
mistral,mistralai/ministral-3-3b,9,19,"Story: Noah puts a coin in a jar. Emma watches. Noah leaves. Emma moves the coin to a drawer. Liam sees Emma move it.
Question: Where does Liam think Noah will look for the coin?
A. Drawer
B. Table
C. Shelf
D. Jar",D,A,No
mistral,mistralai/ministral-3-3b,9,20,"Story: Ella believes her favorite mug is broken. Later she discovers it is actually fine.
Question: How will Ella most likely feel when she finds out?
A. Angry
B. Bored
C. Confused
D. Relieved",D,D,Yes
mistral,mistralai/ministral-3-3b,10,1,"Story: Sam puts his watch in a drawer and leaves the room. While he is gone, Alex moves the watch to a box.
Question: Where will Sam look for the watch first?
A. Box
B. Table
C. Drawer
D. Shelf",C,C,Yes
mistral,mistralai/ministral-3-3b,10,2,"Story: Nina thinks her cat ran away, but the cat is actually sleeping under the bed.
Question: How does Nina most likely feel before she checks under the bed?
A. Relieved
B. Proud
C. Excited
D. Worried",D,D,Yes
mistral,mistralai/ministral-3-3b,10,3,"Story: Leo hides a coin in a cup. Emma is watching. Later Leo leaves the room and Emma moves the coin to a drawer.
Question: Who knows the coin was moved?
A. Leo only
B. Both Leo and Emma
C. Neither of them
D. Emma only",D,B,No
mistral,mistralai/ministral-3-3b,10,4,"Story: You can see a dog behind a tree. Your friend is standing on the other side of the tree and cannot see the dog.
Question: What does your friend think is behind the tree?
A. A dog
B. A cat
C. A ball
D. Nothing",D,A,No
mistral,mistralai/ministral-3-3b,10,5,"Story: Olivia hides a cookie in a jar. Jack watches. Olivia leaves the room. Jack moves the cookie to a cupboard.
Question: Where is the cookie really?
A. Jar
B. Table
C. Plate
D. Cupboard",D,D,Yes
mistral,mistralai/ministral-3-3b,10,6,"Story: A child hides a toy in a drawer. Another child asks where it is. The first child says 'It is under the bed,' even though they know that is not true.
Question: Why did the child say this?
A. Because they forgot
B. Because they believe it is under the bed
C. To confuse the other child
D. Because they dislike toys",C,C,Yes
mistral,mistralai/ministral-3-3b,10,7,"Story: Mark puts his keys in his backpack. Later someone moves the keys to a desk while Mark is outside.
Question: Where will Mark look for the keys first?
A. Desk
B. Pocket
C. Drawer
D. Backpack",D,B,No
mistral,mistralai/ministral-3-3b,10,8,"Story: Sara thinks her lost phone is gone forever. Then she finds it in her jacket pocket.
Question: How will Sara most likely feel when she finds it?
A. Angry
B. Confused
C. Relieved
D. Bored",C,C,Yes
mistral,mistralai/ministral-3-3b,10,9,"Story: Tom places a book in a cabinet while Maya watches. Later Tom leaves the room and Maya moves the book to a drawer.
Question: Does Tom know the book was moved?
A. Yes
B. No",B,D,No
mistral,mistralai/ministral-3-3b,10,10,"Story: Anna hides a ball in a basket. Ben watches. Anna leaves the room. Ben moves the ball to a box. Clara sees Ben move it.
Question: Where does Clara think Anna will look for the ball?
A. Box
B. Table
C. Basket
D. Shelf",C,C,Yes
mistral,mistralai/ministral-3-3b,10,11,"Story: Liam moves his friend's chair slightly before they sit down as a joke.
Question: What was Liam's likely intention?
A. To help his friend
B. To clean the room
C. To move furniture permanently
D. To make his friend laugh",D,D,Yes
mistral,mistralai/ministral-3-3b,10,12,"Story: Emma puts a pen in a drawer and then goes outside to talk on the phone. While she is gone, Noah moves the pen to a box.
Question: Where will Emma look for the pen first?
A. Box
B. Table
C. Drawer
D. Bag",C,C,Yes
mistral,mistralai/ministral-3-3b,10,13,"Story: Jake thinks his friend ignored his message, but actually the friend never received it.
Question: How might Jake feel?
A. Happy
B. Relaxed
C. Hurt
D. Proud",C,C,Yes
mistral,mistralai/ministral-3-3b,10,14,"Story: A toy is behind a couch. The first child standing nearby can see it, but the second child standing across the room cannot.
Question: What does the second child believe?
A. The toy is visible
B. The toy is missing
C. The toy is broken
D. The toy is behind the couch",B,B,Yes
mistral,mistralai/ministral-3-3b,10,15,"Story: Ava hides a ring in a bag. Later someone moves the ring to a drawer while Ava is outside.
Question: Where does Ava think the ring is?
A. Drawer
B. Shelf
C. Table
D. Bag",D,A,No
mistral,mistralai/ministral-3-3b,10,16,"Story: Daniel studies very hard for a test and believes he will do well.
Question: How does Daniel most likely feel before taking the test?
A. Angry
B. Bored
C. Nervous but hopeful
D. Confused",C,C,Yes
mistral,mistralai/ministral-3-3b,10,17,"Story: A child tells their friend the candy is in the kitchen even though it is actually in their pocket.
Question: What is the child trying to do?
A. Share the candy
B. Lose the candy
C. Clean the kitchen
D. Hide the candy",D,A,No
mistral,mistralai/ministral-3-3b,10,18,"Story: Mia hides a toy in a drawer while Liam is watching. Later Liam leaves the room and Mia moves the toy to a box.
Question: Who knows the toy is in the box?
A. Liam only
B. Both Mia and Liam
C. Mia only
D. Neither",C,B,No
mistral,mistralai/ministral-3-3b,10,19,"Story: Noah puts a coin in a jar. Emma watches. Noah leaves. Emma moves the coin to a drawer. Liam sees Emma move it.
Question: Where does Liam think Noah will look for the coin?
A. Drawer
B. Table
C. Shelf
D. Jar",D,A,No
mistral,mistralai/ministral-3-3b,10,20,"Story: Ella believes her favorite mug is broken. Later she discovers it is actually fine.
Question: How will Ella most likely feel when she finds out?
A. Angry
B. Bored
C. Confused
D. Relieved",D,D,Yes
mistral,mistralai/ministral-3-3b,11,1,"Story: Sam puts his watch in a drawer and leaves the room. While he is gone, Alex moves the watch to a box.
Question: Where will Sam look for the watch first?
A. Box
B. Table
C. Drawer
D. Shelf",C,C,Yes
mistral,mistralai/ministral-3-3b,11,2,"Story: Nina thinks her cat ran away, but the cat is actually sleeping under the bed.
Question: How does Nina most likely feel before she checks under the bed?
A. Relieved
B. Proud
C. Excited
D. Worried",D,D,Yes
mistral,mistralai/ministral-3-3b,11,3,"Story: Leo hides a coin in a cup. Emma is watching. Later Leo leaves the room and Emma moves the coin to a drawer.
Question: Who knows the coin was moved?
A. Leo only
B. Both Leo and Emma
C. Neither of them
D. Emma only",D,B,No
mistral,mistralai/ministral-3-3b,11,4,"Story: You can see a dog behind a tree. Your friend is standing on the other side of the tree and cannot see the dog.
Question: What does your friend think is behind the tree?
A. A dog
B. A cat
C. A ball
D. Nothing",D,A,No
mistral,mistralai/ministral-3-3b,11,5,"Story: Olivia hides a cookie in a jar. Jack watches. Olivia leaves the room. Jack moves the cookie to a cupboard.
Question: Where is the cookie really?
A. Jar
B. Table
C. Plate
D. Cupboard",D,D,Yes
mistral,mistralai/ministral-3-3b,11,6,"Story: A child hides a toy in a drawer. Another child asks where it is. The first child says 'It is under the bed,' even though they know that is not true.
Question: Why did the child say this?
A. Because they forgot
B. Because they believe it is under the bed
C. To confuse the other child
D. Because they dislike toys",C,C,Yes
mistral,mistralai/ministral-3-3b,11,7,"Story: Mark puts his keys in his backpack. Later someone moves the keys to a desk while Mark is outside.
Question: Where will Mark look for the keys first?
A. Desk
B. Pocket
C. Drawer
D. Backpack",D,B,No
mistral,mistralai/ministral-3-3b,11,8,"Story: Sara thinks her lost phone is gone forever. Then she finds it in her jacket pocket.
Question: How will Sara most likely feel when she finds it?
A. Angry
B. Confused
C. Relieved
D. Bored",C,C,Yes
mistral,mistralai/ministral-3-3b,11,9,"Story: Tom places a book in a cabinet while Maya watches. Later Tom leaves the room and Maya moves the book to a drawer.
Question: Does Tom know the book was moved?
A. Yes
B. No",B,D,No
mistral,mistralai/ministral-3-3b,11,10,"Story: Anna hides a ball in a basket. Ben watches. Anna leaves the room. Ben moves the ball to a box. Clara sees Ben move it.
Question: Where does Clara think Anna will look for the ball?
A. Box
B. Table
C. Basket
D. Shelf",C,C,Yes
mistral,mistralai/ministral-3-3b,11,11,"Story: Liam moves his friend's chair slightly before they sit down as a joke.
Question: What was Liam's likely intention?
A. To help his friend
B. To clean the room
C. To move furniture permanently
D. To make his friend laugh",D,D,Yes
mistral,mistralai/ministral-3-3b,11,12,"Story: Emma puts a pen in a drawer and then goes outside to talk on the phone. While she is gone, Noah moves the pen to a box.
Question: Where will Emma look for the pen first?
A. Box
B. Table
C. Drawer
D. Bag",C,C,Yes
mistral,mistralai/ministral-3-3b,11,13,"Story: Jake thinks his friend ignored his message, but actually the friend never received it.
Question: How might Jake feel?
A. Happy
B. Relaxed
C. Hurt
D. Proud",C,C,Yes
mistral,mistralai/ministral-3-3b,11,14,"Story: A toy is behind a couch. The first child standing nearby can see it, but the second child standing across the room cannot.
Question: What does the second child believe?
A. The toy is visible
B. The toy is missing
C. The toy is broken
D. The toy is behind the couch",B,B,Yes
mistral,mistralai/ministral-3-3b,11,15,"Story: Ava hides a ring in a bag. Later someone moves the ring to a drawer while Ava is outside.
Question: Where does Ava think the ring is?
A. Drawer
B. Shelf
C. Table
D. Bag",D,A,No
mistral,mistralai/ministral-3-3b,11,16,"Story: Daniel studies very hard for a test and believes he will do well.
Question: How does Daniel most likely feel before taking the test?
A. Angry
B. Bored
C. Nervous but hopeful
D. Confused",C,C,Yes
mistral,mistralai/ministral-3-3b,11,17,"Story: A child tells their friend the candy is in the kitchen even though it is actually in their pocket.
Question: What is the child trying to do?
A. Share the candy
B. Lose the candy
C. Clean the kitchen
D. Hide the candy",D,A,No
mistral,mistralai/ministral-3-3b,11,18,"Story: Mia hides a toy in a drawer while Liam is watching. Later Liam leaves the room and Mia moves the toy to a box.
Question: Who knows the toy is in the box?
A. Liam only
B. Both Mia and Liam
C. Mia only
D. Neither",C,B,No
mistral,mistralai/ministral-3-3b,11,19,"Story: Noah puts a coin in a jar. Emma watches. Noah leaves. Emma moves the coin to a drawer. Liam sees Emma move it.
Question: Where does Liam think Noah will look for the coin?
A. Drawer
B. Table
C. Shelf
D. Jar",D,A,No
mistral,mistralai/ministral-3-3b,11,20,"Story: Ella believes her favorite mug is broken. Later she discovers it is actually fine.
Question: How will Ella most likely feel when she finds out?
A. Angry
B. Bored
C. Confused
D. Relieved",D,D,Yes
mistral,mistralai/ministral-3-3b,12,1,"Story: Sam puts his watch in a drawer and leaves the room. While he is gone, Alex moves the watch to a box.
Question: Where will Sam look for the watch first?
A. Box
B. Table
C. Drawer
D. Shelf",C,C,Yes
mistral,mistralai/ministral-3-3b,12,2,"Story: Nina thinks her cat ran away, but the cat is actually sleeping under the bed.
Question: How does Nina most likely feel before she checks under the bed?
A. Relieved
B. Proud
C. Excited
D. Worried",D,D,Yes
mistral,mistralai/ministral-3-3b,12,3,"Story: Leo hides a coin in a cup. Emma is watching. Later Leo leaves the room and Emma moves the coin to a drawer.
Question: Who knows the coin was moved?
A. Leo only
B. Both Leo and Emma
C. Neither of them
D. Emma only",D,B,No
mistral,mistralai/ministral-3-3b,12,4,"Story: You can see a dog behind a tree. Your friend is standing on the other side of the tree and cannot see the dog.
Question: What does your friend think is behind the tree?
A. A dog
B. A cat
C. A ball
D. Nothing",D,A,No
mistral,mistralai/ministral-3-3b,12,5,"Story: Olivia hides a cookie in a jar. Jack watches. Olivia leaves the room. Jack moves the cookie to a cupboard.
Question: Where is the cookie really?
A. Jar
B. Table
C. Plate
D. Cupboard",D,B,No
mistral,mistralai/ministral-3-3b,12,6,"Story: A child hides a toy in a drawer. Another child asks where it is. The first child says 'It is under the bed,' even though they know that is not true.
Question: Why did the child say this?
A. Because they forgot
B. Because they believe it is under the bed
C. To confuse the other child
D. Because they dislike toys",C,C,Yes
mistral,mistralai/ministral-3-3b,12,7,"Story: Mark puts his keys in his backpack. Later someone moves the keys to a desk while Mark is outside.
Question: Where will Mark look for the keys first?
A. Desk
B. Pocket
C. Drawer
D. Backpack",D,A,No
mistral,mistralai/ministral-3-3b,12,8,"Story: Sara thinks her lost phone is gone forever. Then she finds it in her jacket pocket.
Question: How will Sara most likely feel when she finds it?
A. Angry
B. Confused
C. Relieved
D. Bored",C,C,Yes
mistral,mistralai/ministral-3-3b,12,9,"Story: Tom places a book in a cabinet while Maya watches. Later Tom leaves the room and Maya moves the book to a drawer.
Question: Does Tom know the book was moved?
A. Yes
B. No",B,D,No
mistral,mistralai/ministral-3-3b,12,10,"Story: Anna hides a ball in a basket. Ben watches. Anna leaves the room. Ben moves the ball to a box. Clara sees Ben move it.
Question: Where does Clara think Anna will look for the ball?
A. Box
B. Table
C. Basket
D. Shelf",C,C,Yes
mistral,mistralai/ministral-3-3b,12,11,"Story: Liam moves his friend's chair slightly before they sit down as a joke.
Question: What was Liam's likely intention?
A. To help his friend
B. To clean the room
C. To move furniture permanently
D. To make his friend laugh",D,D,Yes
mistral,mistralai/ministral-3-3b,12,12,"Story: Emma puts a pen in a drawer and then goes outside to talk on the phone. While she is gone, Noah moves the pen to a box.
Question: Where will Emma look for the pen first?
A. Box
B. Table
C. Drawer
D. Bag",C,C,Yes
mistral,mistralai/ministral-3-3b,12,13,"Story: Jake thinks his friend ignored his message, but actually the friend never received it.
Question: How might Jake feel?
A. Happy
B. Relaxed
C. Hurt
D. Proud",C,C,Yes
mistral,mistralai/ministral-3-3b,12,14,"Story: A toy is behind a couch. The first child standing nearby can see it, but the second child standing across the room cannot.
Question: What does the second child believe?
A. The toy is visible
B. The toy is missing
C. The toy is broken
D. The toy is behind the couch",B,B,Yes
mistral,mistralai/ministral-3-3b,12,15,"Story: Ava hides a ring in a bag. Later someone moves the ring to a drawer while Ava is outside.
Question: Where does Ava think the ring is?
A. Drawer
B. Shelf
C. Table
D. Bag",D,A,No
mistral,mistralai/ministral-3-3b,12,16,"Story: Daniel studies very hard for a test and believes he will do well.
Question: How does Daniel most likely feel before taking the test?
A. Angry
B. Bored
C. Nervous but hopeful
D. Confused",C,C,Yes
mistral,mistralai/ministral-3-3b,12,17,"Story: A child tells their friend the candy is in the kitchen even though it is actually in their pocket.
Question: What is the child trying to do?
A. Share the candy
B. Lose the candy
C. Clean the kitchen
D. Hide the candy",D,A,No
mistral,mistralai/ministral-3-3b,12,18,"Story: Mia hides a toy in a drawer while Liam is watching. Later Liam leaves the room and Mia moves the toy to a box.
Question: Who knows the toy is in the box?
A. Liam only
B. Both Mia and Liam
C. Mia only
D. Neither",C,B,No
mistral,mistralai/ministral-3-3b,12,19,"Story: Noah puts a coin in a jar. Emma watches. Noah leaves. Emma moves the coin to a drawer. Liam sees Emma move it.
Question: Where does Liam think Noah will look for the coin?
A. Drawer
B. Table
C. Shelf
D. Jar",D,A,No
mistral,mistralai/ministral-3-3b,12,20,"Story: Ella believes her favorite mug is broken. Later she discovers it is actually fine.
Question: How will Ella most likely feel when she finds out?
A. Angry
B. Bored
C. Confused
D. Relieved",D,D,Yes
mistral,mistralai/ministral-3-3b,13,1,"Story: Sam puts his watch in a drawer and leaves the room. While he is gone, Alex moves the watch to a box.
Question: Where will Sam look for the watch first?
A. Box
B. Table
C. Drawer
D. Shelf",C,C,Yes
mistral,mistralai/ministral-3-3b,13,2,"Story: Nina thinks her cat ran away, but the cat is actually sleeping under the bed.
Question: How does Nina most likely feel before she checks under the bed?
A. Relieved
B. Proud
C. Excited
D. Worried",D,D,Yes
mistral,mistralai/ministral-3-3b,13,3,"Story: Leo hides a coin in a cup. Emma is watching. Later Leo leaves the room and Emma moves the coin to a drawer.
Question: Who knows the coin was moved?
A. Leo only
B. Both Leo and Emma
C. Neither of them
D. Emma only",D,B,No
mistral,mistralai/ministral-3-3b,13,4,"Story: You can see a dog behind a tree. Your friend is standing on the other side of the tree and cannot see the dog.
Question: What does your friend think is behind the tree?
A. A dog
B. A cat
C. A ball
D. Nothing",D,A,No
mistral,mistralai/ministral-3-3b,13,5,"Story: Olivia hides a cookie in a jar. Jack watches. Olivia leaves the room. Jack moves the cookie to a cupboard.
Question: Where is the cookie really?
A. Jar
B. Table
C. Plate
D. Cupboard",D,D,Yes
mistral,mistralai/ministral-3-3b,13,6,"Story: A child hides a toy in a drawer. Another child asks where it is. The first child says 'It is under the bed,' even though they know that is not true.
Question: Why did the child say this?
A. Because they forgot
B. Because they believe it is under the bed
C. To confuse the other child
D. Because they dislike toys",C,C,Yes
mistral,mistralai/ministral-3-3b,13,7,"Story: Mark puts his keys in his backpack. Later someone moves the keys to a desk while Mark is outside.
Question: Where will Mark look for the keys first?
A. Desk
B. Pocket
C. Drawer
D. Backpack",D,A,No
mistral,mistralai/ministral-3-3b,13,8,"Story: Sara thinks her lost phone is gone forever. Then she finds it in her jacket pocket.
Question: How will Sara most likely feel when she finds it?
A. Angry
B. Confused
C. Relieved
D. Bored",C,C,Yes
mistral,mistralai/ministral-3-3b,13,9,"Story: Tom places a book in a cabinet while Maya watches. Later Tom leaves the room and Maya moves the book to a drawer.
Question: Does Tom know the book was moved?
A. Yes
B. No",B,D,No
mistral,mistralai/ministral-3-3b,13,10,"Story: Anna hides a ball in a basket. Ben watches. Anna leaves the room. Ben moves the ball to a box. Clara sees Ben move it.
Question: Where does Clara think Anna will look for the ball?
A. Box
B. Table
C. Basket
D. Shelf",C,C,Yes
mistral,mistralai/ministral-3-3b,13,11,"Story: Liam moves his friend's chair slightly before they sit down as a joke.
Question: What was Liam's likely intention?
A. To help his friend
B. To clean the room
C. To move furniture permanently
D. To make his friend laugh",D,D,Yes
mistral,mistralai/ministral-3-3b,13,12,"Story: Emma puts a pen in a drawer and then goes outside to talk on the phone. While she is gone, Noah moves the pen to a box.
Question: Where will Emma look for the pen first?
A. Box
B. Table
C. Drawer
D. Bag",C,C,Yes
mistral,mistralai/ministral-3-3b,13,13,"Story: Jake thinks his friend ignored his message, but actually the friend never received it.
Question: How might Jake feel?
A. Happy
B. Relaxed
C. Hurt
D. Proud",C,C,Yes
mistral,mistralai/ministral-3-3b,13,14,"Story: A toy is behind a couch. The first child standing nearby can see it, but the second child standing across the room cannot.
Question: What does the second child believe?
A. The toy is visible
B. The toy is missing
C. The toy is broken
D. The toy is behind the couch",B,B,Yes
mistral,mistralai/ministral-3-3b,13,15,"Story: Ava hides a ring in a bag. Later someone moves the ring to a drawer while Ava is outside.
Question: Where does Ava think the ring is?
A. Drawer
B. Shelf
C. Table
D. Bag",D,A,No
mistral,mistralai/ministral-3-3b,13,16,"Story: Daniel studies very hard for a test and believes he will do well.
Question: How does Daniel most likely feel before taking the test?
A. Angry
B. Bored
C. Nervous but hopeful
D. Confused",C,C,Yes
mistral,mistralai/ministral-3-3b,13,17,"Story: A child tells their friend the candy is in the kitchen even though it is actually in their pocket.
Question: What is the child trying to do?
A. Share the candy
B. Lose the candy
C. Clean the kitchen
D. Hide the candy",D,A,No
mistral,mistralai/ministral-3-3b,13,18,"Story: Mia hides a toy in a drawer while Liam is watching. Later Liam leaves the room and Mia moves the toy to a box.
Question: Who knows the toy is in the box?
A. Liam only
B. Both Mia and Liam
C. Mia only
D. Neither",C,A,No
mistral,mistralai/ministral-3-3b,13,19,"Story: Noah puts a coin in a jar. Emma watches. Noah leaves. Emma moves the coin to a drawer. Liam sees Emma move it.
Question: Where does Liam think Noah will look for the coin?
A. Drawer
B. Table
C. Shelf
D. Jar",D,A,No
mistral,mistralai/ministral-3-3b,13,20,"Story: Ella believes her favorite mug is broken. Later she discovers it is actually fine.
Question: How will Ella most likely feel when she finds out?
A. Angry
B. Bored
C. Confused
D. Relieved",D,D,Yes
mistral,mistralai/ministral-3-3b,14,1,"Story: Sam puts his watch in a drawer and leaves the room. While he is gone, Alex moves the watch to a box.
Question: Where will Sam look for the watch first?
A. Box
B. Table
C. Drawer
D. Shelf",C,C,Yes
mistral,mistralai/ministral-3-3b,14,2,"Story: Nina thinks her cat ran away, but the cat is actually sleeping under the bed.
Question: How does Nina most likely feel before she checks under the bed?
A. Relieved
B. Proud
C. Excited
D. Worried",D,D,Yes
mistral,mistralai/ministral-3-3b,14,3,"Story: Leo hides a coin in a cup. Emma is watching. Later Leo leaves the room and Emma moves the coin to a drawer.
Question: Who knows the coin was moved?
A. Leo only
B. Both Leo and Emma
C. Neither of them
D. Emma only",D,B,No
mistral,mistralai/ministral-3-3b,14,4,"Story: You can see a dog behind a tree. Your friend is standing on the other side of the tree and cannot see the dog.
Question: What does your friend think is behind the tree?
A. A dog
B. A cat
C. A ball
D. Nothing",D,A,No
mistral,mistralai/ministral-3-3b,14,5,"Story: Olivia hides a cookie in a jar. Jack watches. Olivia leaves the room. Jack moves the cookie to a cupboard.
Question: Where is the cookie really?
A. Jar
B. Table
C. Plate
D. Cupboard",D,D,Yes
mistral,mistralai/ministral-3-3b,14,6,"Story: A child hides a toy in a drawer. Another child asks where it is. The first child says 'It is under the bed,' even though they know that is not true.
Question: Why did the child say this?
A. Because they forgot
B. Because they believe it is under the bed
C. To confuse the other child
D. Because they dislike toys",C,C,Yes
mistral,mistralai/ministral-3-3b,14,7,"Story: Mark puts his keys in his backpack. Later someone moves the keys to a desk while Mark is outside.
Question: Where will Mark look for the keys first?
A. Desk
B. Pocket
C. Drawer
D. Backpack",D,A,No
mistral,mistralai/ministral-3-3b,14,8,"Story: Sara thinks her lost phone is gone forever. Then she finds it in her jacket pocket.
Question: How will Sara most likely feel when she finds it?
A. Angry
B. Confused
C. Relieved
D. Bored",C,C,Yes
mistral,mistralai/ministral-3-3b,14,9,"Story: Tom places a book in a cabinet while Maya watches. Later Tom leaves the room and Maya moves the book to a drawer.
Question: Does Tom know the book was moved?
A. Yes
B. No",B,D,No
mistral,mistralai/ministral-3-3b,14,10,"Story: Anna hides a ball in a basket. Ben watches. Anna leaves the room. Ben moves the ball to a box. Clara sees Ben move it.
Question: Where does Clara think Anna will look for the ball?
A. Box
B. Table
C. Basket
D. Shelf",C,C,Yes
mistral,mistralai/ministral-3-3b,14,11,"Story: Liam moves his friend's chair slightly before they sit down as a joke.
Question: What was Liam's likely intention?
A. To help his friend
B. To clean the room
C. To move furniture permanently
D. To make his friend laugh",D,D,Yes
mistral,mistralai/ministral-3-3b,14,12,"Story: Emma puts a pen in a drawer and then goes outside to talk on the phone. While she is gone, Noah moves the pen to a box.
Question: Where will Emma look for the pen first?
A. Box
B. Table
C. Drawer
D. Bag",C,C,Yes
mistral,mistralai/ministral-3-3b,14,13,"Story: Jake thinks his friend ignored his message, but actually the friend never received it.
Question: How might Jake feel?
A. Happy
B. Relaxed
C. Hurt
D. Proud",C,C,Yes
mistral,mistralai/ministral-3-3b,14,14,"Story: A toy is behind a couch. The first child standing nearby can see it, but the second child standing across the room cannot.
Question: What does the second child believe?
A. The toy is visible
B. The toy is missing
C. The toy is broken
D. The toy is behind the couch",B,B,Yes
mistral,mistralai/ministral-3-3b,14,15,"Story: Ava hides a ring in a bag. Later someone moves the ring to a drawer while Ava is outside.
Question: Where does Ava think the ring is?
A. Drawer
B. Shelf
C. Table
D. Bag",D,A,No
mistral,mistralai/ministral-3-3b,14,16,"Story: Daniel studies very hard for a test and believes he will do well.
Question: How does Daniel most likely feel before taking the test?
A. Angry
B. Bored
C. Nervous but hopeful
D. Confused",C,C,Yes
mistral,mistralai/ministral-3-3b,14,17,"Story: A child tells their friend the candy is in the kitchen even though it is actually in their pocket.
Question: What is the child trying to do?
A. Share the candy
B. Lose the candy
C. Clean the kitchen
D. Hide the candy",D,A,No
mistral,mistralai/ministral-3-3b,14,18,"Story: Mia hides a toy in a drawer while Liam is watching. Later Liam leaves the room and Mia moves the toy to a box.
Question: Who knows the toy is in the box?
A. Liam only
B. Both Mia and Liam
C. Mia only
D. Neither",C,B,No
mistral,mistralai/ministral-3-3b,14,19,"Story: Noah puts a coin in a jar. Emma watches. Noah leaves. Emma moves the coin to a drawer. Liam sees Emma move it.
Question: Where does Liam think Noah will look for the coin?
A. Drawer
B. Table
C. Shelf
D. Jar",D,A,No
mistral,mistralai/ministral-3-3b,14,20,"Story: Ella believes her favorite mug is broken. Later she discovers it is actually fine.
Question: How will Ella most likely feel when she finds out?
A. Angry
B. Bored
C. Confused
D. Relieved",D,D,Yes
mistral,mistralai/ministral-3-3b,15,1,"Story: Sam puts his watch in a drawer and leaves the room. While he is gone, Alex moves the watch to a box.
Question: Where will Sam look for the watch first?
A. Box
B. Table
C. Drawer
D. Shelf",C,C,Yes
mistral,mistralai/ministral-3-3b,15,2,"Story: Nina thinks her cat ran away, but the cat is actually sleeping under the bed.
Question: How does Nina most likely feel before she checks under the bed?
A. Relieved
B. Proud
C. Excited
D. Worried",D,D,Yes
mistral,mistralai/ministral-3-3b,15,3,"Story: Leo hides a coin in a cup. Emma is watching. Later Leo leaves the room and Emma moves the coin to a drawer.
Question: Who knows the coin was moved?
A. Leo only
B. Both Leo and Emma
C. Neither of them
D. Emma only",D,B,No
mistral,mistralai/ministral-3-3b,15,4,"Story: You can see a dog behind a tree. Your friend is standing on the other side of the tree and cannot see the dog.
Question: What does your friend think is behind the tree?
A. A dog
B. A cat
C. A ball
D. Nothing",D,A,No
mistral,mistralai/ministral-3-3b,15,5,"Story: Olivia hides a cookie in a jar. Jack watches. Olivia leaves the room. Jack moves the cookie to a cupboard.
Question: Where is the cookie really?
A. Jar
B. Table
C. Plate
D. Cupboard",D,D,Yes
mistral,mistralai/ministral-3-3b,15,6,"Story: A child hides a toy in a drawer. Another child asks where it is. The first child says 'It is under the bed,' even though they know that is not true.
Question: Why did the child say this?
A. Because they forgot
B. Because they believe it is under the bed
C. To confuse the other child
D. Because they dislike toys",C,C,Yes
mistral,mistralai/ministral-3-3b,15,7,"Story: Mark puts his keys in his backpack. Later someone moves the keys to a desk while Mark is outside.
Question: Where will Mark look for the keys first?
A. Desk
B. Pocket
C. Drawer
D. Backpack",D,A,No
mistral,mistralai/ministral-3-3b,15,8,"Story: Sara thinks her lost phone is gone forever. Then she finds it in her jacket pocket.
Question: How will Sara most likely feel when she finds it?
A. Angry
B. Confused
C. Relieved
D. Bored",C,C,Yes
mistral,mistralai/ministral-3-3b,15,9,"Story: Tom places a book in a cabinet while Maya watches. Later Tom leaves the room and Maya moves the book to a drawer.
Question: Does Tom know the book was moved?
A. Yes
B. No",B,D,No
mistral,mistralai/ministral-3-3b,15,10,"Story: Anna hides a ball in a basket. Ben watches. Anna leaves the room. Ben moves the ball to a box. Clara sees Ben move it.
Question: Where does Clara think Anna will look for the ball?
A. Box
B. Table
C. Basket
D. Shelf",C,C,Yes
mistral,mistralai/ministral-3-3b,15,11,"Story: Liam moves his friend's chair slightly before they sit down as a joke.
Question: What was Liam's likely intention?
A. To help his friend
B. To clean the room
C. To move furniture permanently
D. To make his friend laugh",D,D,Yes
mistral,mistralai/ministral-3-3b,15,12,"Story: Emma puts a pen in a drawer and then goes outside to talk on the phone. While she is gone, Noah moves the pen to a box.
Question: Where will Emma look for the pen first?
A. Box
B. Table
C. Drawer
D. Bag",C,C,Yes
mistral,mistralai/ministral-3-3b,15,13,"Story: Jake thinks his friend ignored his message, but actually the friend never received it.
Question: How might Jake feel?
A. Happy
B. Relaxed
C. Hurt
D. Proud",C,C,Yes
mistral,mistralai/ministral-3-3b,15,14,"Story: A toy is behind a couch. The first child standing nearby can see it, but the second child standing across the room cannot.
Question: What does the second child believe?
A. The toy is visible
B. The toy is missing
C. The toy is broken
D. The toy is behind the couch",B,B,Yes
mistral,mistralai/ministral-3-3b,15,15,"Story: Ava hides a ring in a bag. Later someone moves the ring to a drawer while Ava is outside.
Question: Where does Ava think the ring is?
A. Drawer
B. Shelf
C. Table
D. Bag",D,A,No
mistral,mistralai/ministral-3-3b,15,16,"Story: Daniel studies very hard for a test and believes he will do well.
Question: How does Daniel most likely feel before taking the test?
A. Angry
B. Bored
C. Nervous but hopeful
D. Confused",C,C,Yes
mistral,mistralai/ministral-3-3b,15,17,"Story: A child tells their friend the candy is in the kitchen even though it is actually in their pocket.
Question: What is the child trying to do?
A. Share the candy
B. Lose the candy
C. Clean the kitchen
D. Hide the candy",D,A,No
mistral,mistralai/ministral-3-3b,15,18,"Story: Mia hides a toy in a drawer while Liam is watching. Later Liam leaves the room and Mia moves the toy to a box.
Question: Who knows the toy is in the box?
A. Liam only
B. Both Mia and Liam
C. Mia only
D. Neither",C,B,No
mistral,mistralai/ministral-3-3b,15,19,"Story: Noah puts a coin in a jar. Emma watches. Noah leaves. Emma moves the coin to a drawer. Liam sees Emma move it.
Question: Where does Liam think Noah will look for the coin?
A. Drawer
B. Table
C. Shelf
D. Jar",D,A,No
mistral,mistralai/ministral-3-3b,15,20,"Story: Ella believes her favorite mug is broken. Later she discovers it is actually fine.
Question: How will Ella most likely feel when she finds out?
A. Angry
B. Bored
C. Confused
D. Relieved",D,D,Yes
mistral,mistralai/ministral-3-3b,16,1,"Story: Sam puts his watch in a drawer and leaves the room. While he is gone, Alex moves the watch to a box.
Question: Where will Sam look for the watch first?
A. Box
B. Table
C. Drawer
D. Shelf",C,C,Yes
mistral,mistralai/ministral-3-3b,16,2,"Story: Nina thinks her cat ran away, but the cat is actually sleeping under the bed.
Question: How does Nina most likely feel before she checks under the bed?
A. Relieved
B. Proud
C. Excited
D. Worried",D,D,Yes
mistral,mistralai/ministral-3-3b,16,3,"Story: Leo hides a coin in a cup. Emma is watching. Later Leo leaves the room and Emma moves the coin to a drawer.
Question: Who knows the coin was moved?
A. Leo only
B. Both Leo and Emma
C. Neither of them
D. Emma only",D,B,No
mistral,mistralai/ministral-3-3b,16,4,"Story: You can see a dog behind a tree. Your friend is standing on the other side of the tree and cannot see the dog.
Question: What does your friend think is behind the tree?
A. A dog
B. A cat
C. A ball
D. Nothing",D,A,No
mistral,mistralai/ministral-3-3b,16,5,"Story: Olivia hides a cookie in a jar. Jack watches. Olivia leaves the room. Jack moves the cookie to a cupboard.
Question: Where is the cookie really?
A. Jar
B. Table
C. Plate
D. Cupboard",D,D,Yes
mistral,mistralai/ministral-3-3b,16,6,"Story: A child hides a toy in a drawer. Another child asks where it is. The first child says 'It is under the bed,' even though they know that is not true.
Question: Why did the child say this?
A. Because they forgot
B. Because they believe it is under the bed
C. To confuse the other child
D. Because they dislike toys",C,C,Yes
mistral,mistralai/ministral-3-3b,16,7,"Story: Mark puts his keys in his backpack. Later someone moves the keys to a desk while Mark is outside.
Question: Where will Mark look for the keys first?
A. Desk
B. Pocket
C. Drawer
D. Backpack",D,A,No
mistral,mistralai/ministral-3-3b,16,8,"Story: Sara thinks her lost phone is gone forever. Then she finds it in her jacket pocket.
Question: How will Sara most likely feel when she finds it?
A. Angry
B. Confused
C. Relieved
D. Bored",C,C,Yes
mistral,mistralai/ministral-3-3b,16,9,"Story: Tom places a book in a cabinet while Maya watches. Later Tom leaves the room and Maya moves the book to a drawer.
Question: Does Tom know the book was moved?
A. Yes
B. No",B,D,No
mistral,mistralai/ministral-3-3b,16,10,"Story: Anna hides a ball in a basket. Ben watches. Anna leaves the room. Ben moves the ball to a box. Clara sees Ben move it.
Question: Where does Clara think Anna will look for the ball?
A. Box
B. Table
C. Basket
D. Shelf",C,C,Yes
mistral,mistralai/ministral-3-3b,16,11,"Story: Liam moves his friend's chair slightly before they sit down as a joke.
Question: What was Liam's likely intention?
A. To help his friend
B. To clean the room
C. To move furniture permanently
D. To make his friend laugh",D,D,Yes
mistral,mistralai/ministral-3-3b,16,12,"Story: Emma puts a pen in a drawer and then goes outside to talk on the phone. While she is gone, Noah moves the pen to a box.
Question: Where will Emma look for the pen first?
A. Box
B. Table
C. Drawer
D. Bag",C,C,Yes
mistral,mistralai/ministral-3-3b,16,13,"Story: Jake thinks his friend ignored his message, but actually the friend never received it.
Question: How might Jake feel?
A. Happy
B. Relaxed
C. Hurt
D. Proud",C,C,Yes
mistral,mistralai/ministral-3-3b,16,14,"Story: A toy is behind a couch. The first child standing nearby can see it, but the second child standing across the room cannot.
Question: What does the second child believe?
A. The toy is visible
B. The toy is missing
C. The toy is broken
D. The toy is behind the couch",B,B,Yes
mistral,mistralai/ministral-3-3b,16,15,"Story: Ava hides a ring in a bag. Later someone moves the ring to a drawer while Ava is outside.
Question: Where does Ava think the ring is?
A. Drawer
B. Shelf
C. Table
D. Bag",D,A,No
mistral,mistralai/ministral-3-3b,16,16,"Story: Daniel studies very hard for a test and believes he will do well.
Question: How does Daniel most likely feel before taking the test?
A. Angry
B. Bored
C. Nervous but hopeful
D. Confused",C,C,Yes
mistral,mistralai/ministral-3-3b,16,17,"Story: A child tells their friend the candy is in the kitchen even though it is actually in their pocket.
Question: What is the child trying to do?
A. Share the candy
B. Lose the candy
C. Clean the kitchen
D. Hide the candy",D,A,No
mistral,mistralai/ministral-3-3b,16,18,"Story: Mia hides a toy in a drawer while Liam is watching. Later Liam leaves the room and Mia moves the toy to a box.
Question: Who knows the toy is in the box?
A. Liam only
B. Both Mia and Liam
C. Mia only
D. Neither",C,A,No
mistral,mistralai/ministral-3-3b,16,19,"Story: Noah puts a coin in a jar. Emma watches. Noah leaves. Emma moves the coin to a drawer. Liam sees Emma move it.
Question: Where does Liam think Noah will look for the coin?
A. Drawer
B. Table
C. Shelf
D. Jar",D,A,No
mistral,mistralai/ministral-3-3b,16,20,"Story: Ella believes her favorite mug is broken. Later she discovers it is actually fine.
Question: How will Ella most likely feel when she finds out?
A. Angry
B. Bored
C. Confused
D. Relieved",D,D,Yes
mistral,mistralai/ministral-3-3b,17,1,"Story: Sam puts his watch in a drawer and leaves the room. While he is gone, Alex moves the watch to a box.
Question: Where will Sam look for the watch first?
A. Box
B. Table
C. Drawer
D. Shelf",C,C,Yes
mistral,mistralai/ministral-3-3b,17,2,"Story: Nina thinks her cat ran away, but the cat is actually sleeping under the bed.
Question: How does Nina most likely feel before she checks under the bed?
A. Relieved
B. Proud
C. Excited
D. Worried",D,D,Yes
mistral,mistralai/ministral-3-3b,17,3,"Story: Leo hides a coin in a cup. Emma is watching. Later Leo leaves the room and Emma moves the coin to a drawer.
Question: Who knows the coin was moved?
A. Leo only
B. Both Leo and Emma
C. Neither of them
D. Emma only",D,B,No
mistral,mistralai/ministral-3-3b,17,4,"Story: You can see a dog behind a tree. Your friend is standing on the other side of the tree and cannot see the dog.
Question: What does your friend think is behind the tree?
A. A dog
B. A cat
C. A ball
D. Nothing",D,A,No
mistral,mistralai/ministral-3-3b,17,5,"Story: Olivia hides a cookie in a jar. Jack watches. Olivia leaves the room. Jack moves the cookie to a cupboard.
Question: Where is the cookie really?
A. Jar
B. Table
C. Plate
D. Cupboard",D,D,Yes
mistral,mistralai/ministral-3-3b,17,6,"Story: A child hides a toy in a drawer. Another child asks where it is. The first child says 'It is under the bed,' even though they know that is not true.
Question: Why did the child say this?
A. Because they forgot
B. Because they believe it is under the bed
C. To confuse the other child
D. Because they dislike toys",C,C,Yes
mistral,mistralai/ministral-3-3b,17,7,"Story: Mark puts his keys in his backpack. Later someone moves the keys to a desk while Mark is outside.
Question: Where will Mark look for the keys first?
A. Desk
B. Pocket
C. Drawer
D. Backpack",D,B,No
mistral,mistralai/ministral-3-3b,17,8,"Story: Sara thinks her lost phone is gone forever. Then she finds it in her jacket pocket.
Question: How will Sara most likely feel when she finds it?
A. Angry
B. Confused
C. Relieved
D. Bored",C,C,Yes
mistral,mistralai/ministral-3-3b,17,9,"Story: Tom places a book in a cabinet while Maya watches. Later Tom leaves the room and Maya moves the book to a drawer.
Question: Does Tom know the book was moved?
A. Yes
B. No",B,D,No
mistral,mistralai/ministral-3-3b,17,10,"Story: Anna hides a ball in a basket. Ben watches. Anna leaves the room. Ben moves the ball to a box. Clara sees Ben move it.
Question: Where does Clara think Anna will look for the ball?
A. Box
B. Table
C. Basket
D. Shelf",C,C,Yes
mistral,mistralai/ministral-3-3b,17,11,"Story: Liam moves his friend's chair slightly before they sit down as a joke.
Question: What was Liam's likely intention?
A. To help his friend
B. To clean the room
C. To move furniture permanently
D. To make his friend laugh",D,D,Yes
mistral,mistralai/ministral-3-3b,17,12,"Story: Emma puts a pen in a drawer and then goes outside to talk on the phone. While she is gone, Noah moves the pen to a box.
Question: Where will Emma look for the pen first?
A. Box
B. Table
C. Drawer
D. Bag",C,C,Yes
mistral,mistralai/ministral-3-3b,17,13,"Story: Jake thinks his friend ignored his message, but actually the friend never received it.
Question: How might Jake feel?
A. Happy
B. Relaxed
C. Hurt
D. Proud",C,C,Yes
mistral,mistralai/ministral-3-3b,17,14,"Story: A toy is behind a couch. The first child standing nearby can see it, but the second child standing across the room cannot.
Question: What does the second child believe?
A. The toy is visible
B. The toy is missing
C. The toy is broken
D. The toy is behind the couch",B,B,Yes
mistral,mistralai/ministral-3-3b,17,15,"Story: Ava hides a ring in a bag. Later someone moves the ring to a drawer while Ava is outside.
Question: Where does Ava think the ring is?
A. Drawer
B. Shelf
C. Table
D. Bag",D,A,No
mistral,mistralai/ministral-3-3b,17,16,"Story: Daniel studies very hard for a test and believes he will do well.
Question: How does Daniel most likely feel before taking the test?
A. Angry
B. Bored
C. Nervous but hopeful
D. Confused",C,C,Yes
mistral,mistralai/ministral-3-3b,17,17,"Story: A child tells their friend the candy is in the kitchen even though it is actually in their pocket.
Question: What is the child trying to do?
A. Share the candy
B. Lose the candy
C. Clean the kitchen
D. Hide the candy",D,A,No
mistral,mistralai/ministral-3-3b,17,18,"Story: Mia hides a toy in a drawer while Liam is watching. Later Liam leaves the room and Mia moves the toy to a box.
Question: Who knows the toy is in the box?
A. Liam only
B. Both Mia and Liam
C. Mia only
D. Neither",C,B,No
mistral,mistralai/ministral-3-3b,17,19,"Story: Noah puts a coin in a jar. Emma watches. Noah leaves. Emma moves the coin to a drawer. Liam sees Emma move it.
Question: Where does Liam think Noah will look for the coin?
A. Drawer
B. Table
C. Shelf
D. Jar",D,A,No
mistral,mistralai/ministral-3-3b,17,20,"Story: Ella believes her favorite mug is broken. Later she discovers it is actually fine.
Question: How will Ella most likely feel when she finds out?
A. Angry
B. Bored
C. Confused
D. Relieved",D,D,Yes
mistral,mistralai/ministral-3-3b,18,1,"Story: Sam puts his watch in a drawer and leaves the room. While he is gone, Alex moves the watch to a box.
Question: Where will Sam look for the watch first?
A. Box
B. Table
C. Drawer
D. Shelf",C,C,Yes
mistral,mistralai/ministral-3-3b,18,2,"Story: Nina thinks her cat ran away, but the cat is actually sleeping under the bed.
Question: How does Nina most likely feel before she checks under the bed?
A. Relieved
B. Proud
C. Excited
D. Worried",D,D,Yes
mistral,mistralai/ministral-3-3b,18,3,"Story: Leo hides a coin in a cup. Emma is watching. Later Leo leaves the room and Emma moves the coin to a drawer.
Question: Who knows the coin was moved?
A. Leo only
B. Both Leo and Emma
C. Neither of them
D. Emma only",D,B,No
mistral,mistralai/ministral-3-3b,18,4,"Story: You can see a dog behind a tree. Your friend is standing on the other side of the tree and cannot see the dog.
Question: What does your friend think is behind the tree?
A. A dog
B. A cat
C. A ball
D. Nothing",D,A,No
mistral,mistralai/ministral-3-3b,18,5,"Story: Olivia hides a cookie in a jar. Jack watches. Olivia leaves the room. Jack moves the cookie to a cupboard.
Question: Where is the cookie really?
A. Jar
B. Table
C. Plate
D. Cupboard",D,B,No
mistral,mistralai/ministral-3-3b,18,6,"Story: A child hides a toy in a drawer. Another child asks where it is. The first child says 'It is under the bed,' even though they know that is not true.
Question: Why did the child say this?
A. Because they forgot
B. Because they believe it is under the bed
C. To confuse the other child
D. Because they dislike toys",C,C,Yes
mistral,mistralai/ministral-3-3b,18,7,"Story: Mark puts his keys in his backpack. Later someone moves the keys to a desk while Mark is outside.
Question: Where will Mark look for the keys first?
A. Desk
B. Pocket
C. Drawer
D. Backpack",D,B,No
mistral,mistralai/ministral-3-3b,18,8,"Story: Sara thinks her lost phone is gone forever. Then she finds it in her jacket pocket.
Question: How will Sara most likely feel when she finds it?
A. Angry
B. Confused
C. Relieved
D. Bored",C,C,Yes
mistral,mistralai/ministral-3-3b,18,9,"Story: Tom places a book in a cabinet while Maya watches. Later Tom leaves the room and Maya moves the book to a drawer.
Question: Does Tom know the book was moved?
A. Yes
B. No",B,D,No
mistral,mistralai/ministral-3-3b,18,10,"Story: Anna hides a ball in a basket. Ben watches. Anna leaves the room. Ben moves the ball to a box. Clara sees Ben move it.
Question: Where does Clara think Anna will look for the ball?
A. Box
B. Table
C. Basket
D. Shelf",C,C,Yes
mistral,mistralai/ministral-3-3b,18,11,"Story: Liam moves his friend's chair slightly before they sit down as a joke.
Question: What was Liam's likely intention?
A. To help his friend
B. To clean the room
C. To move furniture permanently
D. To make his friend laugh",D,D,Yes
mistral,mistralai/ministral-3-3b,18,12,"Story: Emma puts a pen in a drawer and then goes outside to talk on the phone. While she is gone, Noah moves the pen to a box.
Question: Where will Emma look for the pen first?
A. Box
B. Table
C. Drawer
D. Bag",C,C,Yes
mistral,mistralai/ministral-3-3b,18,13,"Story: Jake thinks his friend ignored his message, but actually the friend never received it.
Question: How might Jake feel?
A. Happy
B. Relaxed
C. Hurt
D. Proud",C,C,Yes
mistral,mistralai/ministral-3-3b,18,14,"Story: A toy is behind a couch. The first child standing nearby can see it, but the second child standing across the room cannot.
Question: What does the second child believe?
A. The toy is visible
B. The toy is missing
C. The toy is broken
D. The toy is behind the couch",B,B,Yes
mistral,mistralai/ministral-3-3b,18,15,"Story: Ava hides a ring in a bag. Later someone moves the ring to a drawer while Ava is outside.
Question: Where does Ava think the ring is?
A. Drawer
B. Shelf
C. Table
D. Bag",D,A,No
mistral,mistralai/ministral-3-3b,18,16,"Story: Daniel studies very hard for a test and believes he will do well.
Question: How does Daniel most likely feel before taking the test?
A. Angry
B. Bored
C. Nervous but hopeful
D. Confused",C,C,Yes
mistral,mistralai/ministral-3-3b,18,17,"Story: A child tells their friend the candy is in the kitchen even though it is actually in their pocket.
Question: What is the child trying to do?
A. Share the candy
B. Lose the candy
C. Clean the kitchen
D. Hide the candy",D,A,No
mistral,mistralai/ministral-3-3b,18,18,"Story: Mia hides a toy in a drawer while Liam is watching. Later Liam leaves the room and Mia moves the toy to a box.
Question: Who knows the toy is in the box?
A. Liam only
B. Both Mia and Liam
C. Mia only
D. Neither",C,B,No
mistral,mistralai/ministral-3-3b,18,19,"Story: Noah puts a coin in a jar. Emma watches. Noah leaves. Emma moves the coin to a drawer. Liam sees Emma move it.
Question: Where does Liam think Noah will look for the coin?
A. Drawer
B. Table
C. Shelf
D. Jar",D,A,No
mistral,mistralai/ministral-3-3b,18,20,"Story: Ella believes her favorite mug is broken. Later she discovers it is actually fine.
Question: How will Ella most likely feel when she finds out?
A. Angry
B. Bored
C. Confused
D. Relieved",D,D,Yes
mistral,mistralai/ministral-3-3b,19,1,"Story: Sam puts his watch in a drawer and leaves the room. While he is gone, Alex moves the watch to a box.
Question: Where will Sam look for the watch first?
A. Box
B. Table
C. Drawer
D. Shelf",C,C,Yes
mistral,mistralai/ministral-3-3b,19,2,"Story: Nina thinks her cat ran away, but the cat is actually sleeping under the bed.
Question: How does Nina most likely feel before she checks under the bed?
A. Relieved
B. Proud
C. Excited
D. Worried",D,D,Yes
mistral,mistralai/ministral-3-3b,19,3,"Story: Leo hides a coin in a cup. Emma is watching. Later Leo leaves the room and Emma moves the coin to a drawer.
Question: Who knows the coin was moved?
A. Leo only
B. Both Leo and Emma
C. Neither of them
D. Emma only",D,B,No
mistral,mistralai/ministral-3-3b,19,4,"Story: You can see a dog behind a tree. Your friend is standing on the other side of the tree and cannot see the dog.
Question: What does your friend think is behind the tree?
A. A dog
B. A cat
C. A ball
D. Nothing",D,A,No
mistral,mistralai/ministral-3-3b,19,5,"Story: Olivia hides a cookie in a jar. Jack watches. Olivia leaves the room. Jack moves the cookie to a cupboard.
Question: Where is the cookie really?
A. Jar
B. Table
C. Plate
D. Cupboard",D,D,Yes
mistral,mistralai/ministral-3-3b,19,6,"Story: A child hides a toy in a drawer. Another child asks where it is. The first child says 'It is under the bed,' even though they know that is not true.
Question: Why did the child say this?
A. Because they forgot
B. Because they believe it is under the bed
C. To confuse the other child
D. Because they dislike toys",C,C,Yes
mistral,mistralai/ministral-3-3b,19,7,"Story: Mark puts his keys in his backpack. Later someone moves the keys to a desk while Mark is outside.
Question: Where will Mark look for the keys first?
A. Desk
B. Pocket
C. Drawer
D. Backpack",D,A,No
mistral,mistralai/ministral-3-3b,19,8,"Story: Sara thinks her lost phone is gone forever. Then she finds it in her jacket pocket.
Question: How will Sara most likely feel when she finds it?
A. Angry
B. Confused
C. Relieved
D. Bored",C,C,Yes
mistral,mistralai/ministral-3-3b,19,9,"Story: Tom places a book in a cabinet while Maya watches. Later Tom leaves the room and Maya moves the book to a drawer.
Question: Does Tom know the book was moved?
A. Yes
B. No",B,D,No
mistral,mistralai/ministral-3-3b,19,10,"Story: Anna hides a ball in a basket. Ben watches. Anna leaves the room. Ben moves the ball to a box. Clara sees Ben move it.
Question: Where does Clara think Anna will look for the ball?
A. Box
B. Table
C. Basket
D. Shelf",C,C,Yes
mistral,mistralai/ministral-3-3b,19,11,"Story: Liam moves his friend's chair slightly before they sit down as a joke.
Question: What was Liam's likely intention?
A. To help his friend
B. To clean the room
C. To move furniture permanently
D. To make his friend laugh",D,D,Yes
mistral,mistralai/ministral-3-3b,19,12,"Story: Emma puts a pen in a drawer and then goes outside to talk on the phone. While she is gone, Noah moves the pen to a box.
Question: Where will Emma look for the pen first?
A. Box
B. Table
C. Drawer
D. Bag",C,C,Yes
mistral,mistralai/ministral-3-3b,19,13,"Story: Jake thinks his friend ignored his message, but actually the friend never received it.
Question: How might Jake feel?
A. Happy
B. Relaxed
C. Hurt
D. Proud",C,C,Yes
mistral,mistralai/ministral-3-3b,19,14,"Story: A toy is behind a couch. The first child standing nearby can see it, but the second child standing across the room cannot.
Question: What does the second child believe?
A. The toy is visible
B. The toy is missing
C. The toy is broken
D. The toy is behind the couch",B,B,Yes
mistral,mistralai/ministral-3-3b,19,15,"Story: Ava hides a ring in a bag. Later someone moves the ring to a drawer while Ava is outside.
Question: Where does Ava think the ring is?
A. Drawer
B. Shelf
C. Table
D. Bag",D,A,No
mistral,mistralai/ministral-3-3b,19,16,"Story: Daniel studies very hard for a test and believes he will do well.
Question: How does Daniel most likely feel before taking the test?
A. Angry
B. Bored
C. Nervous but hopeful
D. Confused",C,C,Yes
mistral,mistralai/ministral-3-3b,19,17,"Story: A child tells their friend the candy is in the kitchen even though it is actually in their pocket.
Question: What is the child trying to do?
A. Share the candy
B. Lose the candy
C. Clean the kitchen
D. Hide the candy",D,A,No
mistral,mistralai/ministral-3-3b,19,18,"Story: Mia hides a toy in a drawer while Liam is watching. Later Liam leaves the room and Mia moves the toy to a box.
Question: Who knows the toy is in the box?
A. Liam only
B. Both Mia and Liam
C. Mia only
D. Neither",C,B,No
mistral,mistralai/ministral-3-3b,19,19,"Story: Noah puts a coin in a jar. Emma watches. Noah leaves. Emma moves the coin to a drawer. Liam sees Emma move it.
Question: Where does Liam think Noah will look for the coin?
A. Drawer
B. Table
C. Shelf
D. Jar",D,A,No
mistral,mistralai/ministral-3-3b,19,20,"Story: Ella believes her favorite mug is broken. Later she discovers it is actually fine.
Question: How will Ella most likely feel when she finds out?
A. Angry
B. Bored
C. Confused
D. Relieved",D,D,Yes
mistral,mistralai/ministral-3-3b,20,1,"Story: Sam puts his watch in a drawer and leaves the room. While he is gone, Alex moves the watch to a box.
Question: Where will Sam look for the watch first?
A. Box
B. Table
C. Drawer
D. Shelf",C,C,Yes
mistral,mistralai/ministral-3-3b,20,2,"Story: Nina thinks her cat ran away, but the cat is actually sleeping under the bed.
Question: How does Nina most likely feel before she checks under the bed?
A. Relieved
B. Proud
C. Excited
D. Worried",D,D,Yes
mistral,mistralai/ministral-3-3b,20,3,"Story: Leo hides a coin in a cup. Emma is watching. Later Leo leaves the room and Emma moves the coin to a drawer.
Question: Who knows the coin was moved?
A. Leo only
B. Both Leo and Emma
C. Neither of them
D. Emma only",D,B,No
mistral,mistralai/ministral-3-3b,20,4,"Story: You can see a dog behind a tree. Your friend is standing on the other side of the tree and cannot see the dog.
Question: What does your friend think is behind the tree?
A. A dog
B. A cat
C. A ball
D. Nothing",D,A,No
mistral,mistralai/ministral-3-3b,20,5,"Story: Olivia hides a cookie in a jar. Jack watches. Olivia leaves the room. Jack moves the cookie to a cupboard.
Question: Where is the cookie really?
A. Jar
B. Table
C. Plate
D. Cupboard",D,D,Yes
mistral,mistralai/ministral-3-3b,20,6,"Story: A child hides a toy in a drawer. Another child asks where it is. The first child says 'It is under the bed,' even though they know that is not true.
Question: Why did the child say this?
A. Because they forgot
B. Because they believe it is under the bed
C. To confuse the other child
D. Because they dislike toys",C,C,Yes
mistral,mistralai/ministral-3-3b,20,7,"Story: Mark puts his keys in his backpack. Later someone moves the keys to a desk while Mark is outside.
Question: Where will Mark look for the keys first?
A. Desk
B. Pocket
C. Drawer
D. Backpack",D,B,No
mistral,mistralai/ministral-3-3b,20,8,"Story: Sara thinks her lost phone is gone forever. Then she finds it in her jacket pocket.
Question: How will Sara most likely feel when she finds it?
A. Angry
B. Confused
C. Relieved
D. Bored",C,C,Yes
mistral,mistralai/ministral-3-3b,20,9,"Story: Tom places a book in a cabinet while Maya watches. Later Tom leaves the room and Maya moves the book to a drawer.
Question: Does Tom know the book was moved?
A. Yes
B. No",B,D,No
mistral,mistralai/ministral-3-3b,20,10,"Story: Anna hides a ball in a basket. Ben watches. Anna leaves the room. Ben moves the ball to a box. Clara sees Ben move it.
Question: Where does Clara think Anna will look for the ball?
A. Box
B. Table
C. Basket
D. Shelf",C,C,Yes
mistral,mistralai/ministral-3-3b,20,11,"Story: Liam moves his friend's chair slightly before they sit down as a joke.
Question: What was Liam's likely intention?
A. To help his friend
B. To clean the room
C. To move furniture permanently
D. To make his friend laugh",D,D,Yes
mistral,mistralai/ministral-3-3b,20,12,"Story: Emma puts a pen in a drawer and then goes outside to talk on the phone. While she is gone, Noah moves the pen to a box.
Question: Where will Emma look for the pen first?
A. Box
B. Table
C. Drawer
D. Bag",C,C,Yes
mistral,mistralai/ministral-3-3b,20,13,"Story: Jake thinks his friend ignored his message, but actually the friend never received it.
Question: How might Jake feel?
A. Happy
B. Relaxed
C. Hurt
D. Proud",C,C,Yes
mistral,mistralai/ministral-3-3b,20,14,"Story: A toy is behind a couch. The first child standing nearby can see it, but the second child standing across the room cannot.
Question: What does the second child believe?
A. The toy is visible
B. The toy is missing
C. The toy is broken
D. The toy is behind the couch",B,B,Yes
mistral,mistralai/ministral-3-3b,20,15,"Story: Ava hides a ring in a bag. Later someone moves the ring to a drawer while Ava is outside.
Question: Where does Ava think the ring is?
A. Drawer
B. Shelf
C. Table
D. Bag",D,A,No
mistral,mistralai/ministral-3-3b,20,16,"Story: Daniel studies very hard for a test and believes he will do well.
Question: How does Daniel most likely feel before taking the test?
A. Angry
B. Bored
C. Nervous but hopeful
D. Confused",C,C,Yes
mistral,mistralai/ministral-3-3b,20,17,"Story: A child tells their friend the candy is in the kitchen even though it is actually in their pocket.
Question: What is the child trying to do?
A. Share the candy
B. Lose the candy
C. Clean the kitchen
D. Hide the candy",D,A,No
mistral,mistralai/ministral-3-3b,20,18,"Story: Mia hides a toy in a drawer while Liam is watching. Later Liam leaves the room and Mia moves the toy to a box.
Question: Who knows the toy is in the box?
A. Liam only
B. Both Mia and Liam
C. Mia only
D. Neither",C,A,No
mistral,mistralai/ministral-3-3b,20,19,"Story: Noah puts a coin in a jar. Emma watches. Noah leaves. Emma moves the coin to a drawer. Liam sees Emma move it.
Question: Where does Liam think Noah will look for the coin?
A. Drawer
B. Table
C. Shelf
D. Jar",D,A,No
mistral,mistralai/ministral-3-3b,20,20,"Story: Ella believes her favorite mug is broken. Later she discovers it is actually fine.
Question: How will Ella most likely feel when she finds out?
A. Angry
B. Bored
C. Confused
D. Relieved",D,D,Yes
mistral,mistralai/mistral-7b-instruct-v0.3,1,1,"Story: Sam puts his watch in a drawer and leaves the room. While he is gone, Alex moves the watch to a box.
Question: Where will Sam look for the watch first?
A. Box
B. Table
C. Drawer
D. Shelf",C,C,Yes
mistral,mistralai/mistral-7b-instruct-v0.3,1,2,"Story: Nina thinks her cat ran away, but the cat is actually sleeping under the bed.
Question: How does Nina most likely feel before she checks under the bed?
A. Relieved
B. Proud
C. Excited
D. Worried",D,D,Yes
mistral,mistralai/mistral-7b-instruct-v0.3,1,3,"Story: Leo hides a coin in a cup. Emma is watching. Later Leo leaves the room and Emma moves the coin to a drawer.
Question: Who knows the coin was moved?
A. Leo only
B. Both Leo and Emma
C. Neither of them
D. Emma only",D,B,No
mistral,mistralai/mistral-7b-instruct-v0.3,1,4,"Story: You can see a dog behind a tree. Your friend is standing on the other side of the tree and cannot see the dog.
Question: What does your friend think is behind the tree?
A. A dog
B. A cat
C. A ball
D. Nothing",D,D,Yes
mistral,mistralai/mistral-7b-instruct-v0.3,1,5,"Story: Olivia hides a cookie in a jar. Jack watches. Olivia leaves the room. Jack moves the cookie to a cupboard.
Question: Where is the cookie really?
A. Jar
B. Table
C. Plate
D. Cupboard",D,D,Yes
mistral,mistralai/mistral-7b-instruct-v0.3,1,6,"Story: A child hides a toy in a drawer. Another child asks where it is. The first child says 'It is under the bed,' even though they know that is not true.
Question: Why did the child say this?
A. Because they forgot
B. Because they believe it is under the bed
C. To confuse the other child
D. Because they dislike toys",C,C,Yes
mistral,mistralai/mistral-7b-instruct-v0.3,1,7,"Story: Mark puts his keys in his backpack. Later someone moves the keys to a desk while Mark is outside.
Question: Where will Mark look for the keys first?
A. Desk
B. Pocket
C. Drawer
D. Backpack",D,D,Yes
mistral,mistralai/mistral-7b-instruct-v0.3,1,8,"Story: Sara thinks her lost phone is gone forever. Then she finds it in her jacket pocket.
Question: How will Sara most likely feel when she finds it?
A. Angry
B. Confused
C. Relieved
D. Bored",C,C,Yes
mistral,mistralai/mistral-7b-instruct-v0.3,1,9,"Story: Tom places a book in a cabinet while Maya watches. Later Tom leaves the room and Maya moves the book to a drawer.
Question: Does Tom know the book was moved?
A. Yes
B. No",B,B,Yes
mistral,mistralai/mistral-7b-instruct-v0.3,1,10,"Story: Anna hides a ball in a basket. Ben watches. Anna leaves the room. Ben moves the ball to a box. Clara sees Ben move it.
Question: Where does Clara think Anna will look for the ball?
A. Box
B. Table
C. Basket
D. Shelf",C,C,Yes
mistral,mistralai/mistral-7b-instruct-v0.3,1,11,"Story: Liam moves his friend's chair slightly before they sit down as a joke.
Question: What was Liam's likely intention?
A. To help his friend
B. To clean the room
C. To move furniture permanently
D. To make his friend laugh",D,D,Yes
mistral,mistralai/mistral-7b-instruct-v0.3,1,12,"Story: Emma puts a pen in a drawer and then goes outside to talk on the phone. While she is gone, Noah moves the pen to a box.
Question: Where will Emma look for the pen first?
A. Box
B. Table
C. Drawer
D. Bag",C,C,Yes
mistral,mistralai/mistral-7b-instruct-v0.3,1,13,"Story: Jake thinks his friend ignored his message, but actually the friend never received it.
Question: How might Jake feel?
A. Happy
B. Relaxed
C. Hurt
D. Proud",C,C,Yes
mistral,mistralai/mistral-7b-instruct-v0.3,1,14,"Story: A toy is behind a couch. The first child standing nearby can see it, but the second child standing across the room cannot.
Question: What does the second child believe?
A. The toy is visible
B. The toy is missing
C. The toy is broken
D. The toy is behind the couch",B,B,Yes
mistral,mistralai/mistral-7b-instruct-v0.3,1,15,"Story: Ava hides a ring in a bag. Later someone moves the ring to a drawer while Ava is outside.
Question: Where does Ava think the ring is?
A. Drawer
B. Shelf
C. Table
D. Bag",D,D,Yes
mistral,mistralai/mistral-7b-instruct-v0.3,1,16,"Story: Daniel studies very hard for a test and believes he will do well.
Question: How does Daniel most likely feel before taking the test?
A. Angry
B. Bored
C. Nervous but hopeful
D. Confused",C,C,Yes
mistral,mistralai/mistral-7b-instruct-v0.3,1,17,"Story: A child tells their friend the candy is in the kitchen even though it is actually in their pocket.
Question: What is the child trying to do?
A. Share the candy
B. Lose the candy
C. Clean the kitchen
D. Hide the candy",D,D,Yes
mistral,mistralai/mistral-7b-instruct-v0.3,1,18,"Story: Mia hides a toy in a drawer while Liam is watching. Later Liam leaves the room and Mia moves the toy to a box.
Question: Who knows the toy is in the box?
A. Liam only
B. Both Mia and Liam
C. Mia only
D. Neither",C,C,Yes
mistral,mistralai/mistral-7b-instruct-v0.3,1,19,"Story: Noah puts a coin in a jar. Emma watches. Noah leaves. Emma moves the coin to a drawer. Liam sees Emma move it.
Question: Where does Liam think Noah will look for the coin?
A. Drawer
B. Table
C. Shelf
D. Jar",D,A,No
mistral,mistralai/mistral-7b-instruct-v0.3,1,20,"Story: Ella believes her favorite mug is broken. Later she discovers it is actually fine.
Question: How will Ella most likely feel when she finds out?
A. Angry
B. Bored
C. Confused
D. Relieved",D,D,Yes
mistral,mistralai/mistral-7b-instruct-v0.3,2,1,"Story: Sam puts his watch in a drawer and leaves the room. While he is gone, Alex moves the watch to a box.
Question: Where will Sam look for the watch first?
A. Box
B. Table
C. Drawer
D. Shelf",C,C,Yes
mistral,mistralai/mistral-7b-instruct-v0.3,2,2,"Story: Nina thinks her cat ran away, but the cat is actually sleeping under the bed.
Question: How does Nina most likely feel before she checks under the bed?
A. Relieved
B. Proud
C. Excited
D. Worried",D,D,Yes
mistral,mistralai/mistral-7b-instruct-v0.3,2,3,"Story: Leo hides a coin in a cup. Emma is watching. Later Leo leaves the room and Emma moves the coin to a drawer.
Question: Who knows the coin was moved?
A. Leo only
B. Both Leo and Emma
C. Neither of them
D. Emma only",D,B,No
mistral,mistralai/mistral-7b-instruct-v0.3,2,4,"Story: You can see a dog behind a tree. Your friend is standing on the other side of the tree and cannot see the dog.
Question: What does your friend think is behind the tree?
A. A dog
B. A cat
C. A ball
D. Nothing",D,D,Yes
mistral,mistralai/mistral-7b-instruct-v0.3,2,5,"Story: Olivia hides a cookie in a jar. Jack watches. Olivia leaves the room. Jack moves the cookie to a cupboard.
Question: Where is the cookie really?
A. Jar
B. Table
C. Plate
D. Cupboard",D,D,Yes
mistral,mistralai/mistral-7b-instruct-v0.3,2,6,"Story: A child hides a toy in a drawer. Another child asks where it is. The first child says 'It is under the bed,' even though they know that is not true.
Question: Why did the child say this?
A. Because they forgot
B. Because they believe it is under the bed
C. To confuse the other child
D. Because they dislike toys",C,C,Yes
mistral,mistralai/mistral-7b-instruct-v0.3,2,7,"Story: Mark puts his keys in his backpack. Later someone moves the keys to a desk while Mark is outside.
Question: Where will Mark look for the keys first?
A. Desk
B. Pocket
C. Drawer
D. Backpack",D,D,Yes
mistral,mistralai/mistral-7b-instruct-v0.3,2,8,"Story: Sara thinks her lost phone is gone forever. Then she finds it in her jacket pocket.
Question: How will Sara most likely feel when she finds it?
A. Angry
B. Confused
C. Relieved
D. Bored",C,C,Yes
mistral,mistralai/mistral-7b-instruct-v0.3,2,9,"Story: Tom places a book in a cabinet while Maya watches. Later Tom leaves the room and Maya moves the book to a drawer.
Question: Does Tom know the book was moved?
A. Yes
B. No",B,B,Yes
mistral,mistralai/mistral-7b-instruct-v0.3,2,10,"Story: Anna hides a ball in a basket. Ben watches. Anna leaves the room. Ben moves the ball to a box. Clara sees Ben move it.
Question: Where does Clara think Anna will look for the ball?
A. Box
B. Table
C. Basket
D. Shelf",C,C,Yes
mistral,mistralai/mistral-7b-instruct-v0.3,2,11,"Story: Liam moves his friend's chair slightly before they sit down as a joke.
Question: What was Liam's likely intention?
A. To help his friend
B. To clean the room
C. To move furniture permanently
D. To make his friend laugh",D,D,Yes
mistral,mistralai/mistral-7b-instruct-v0.3,2,12,"Story: Emma puts a pen in a drawer and then goes outside to talk on the phone. While she is gone, Noah moves the pen to a box.
Question: Where will Emma look for the pen first?
A. Box
B. Table
C. Drawer
D. Bag",C,C,Yes
mistral,mistralai/mistral-7b-instruct-v0.3,2,13,"Story: Jake thinks his friend ignored his message, but actually the friend never received it.
Question: How might Jake feel?
A. Happy
B. Relaxed
C. Hurt
D. Proud",C,C,Yes
mistral,mistralai/mistral-7b-instruct-v0.3,2,14,"Story: A toy is behind a couch. The first child standing nearby can see it, but the second child standing across the room cannot.
Question: What does the second child believe?
A. The toy is visible
B. The toy is missing
C. The toy is broken
D. The toy is behind the couch",B,B,Yes
mistral,mistralai/mistral-7b-instruct-v0.3,2,15,"Story: Ava hides a ring in a bag. Later someone moves the ring to a drawer while Ava is outside.
Question: Where does Ava think the ring is?
A. Drawer
B. Shelf
C. Table
D. Bag",D,D,Yes
mistral,mistralai/mistral-7b-instruct-v0.3,2,16,"Story: Daniel studies very hard for a test and believes he will do well.
Question: How does Daniel most likely feel before taking the test?
A. Angry
B. Bored
C. Nervous but hopeful
D. Confused",C,C,Yes
mistral,mistralai/mistral-7b-instruct-v0.3,2,17,"Story: A child tells their friend the candy is in the kitchen even though it is actually in their pocket.
Question: What is the child trying to do?
A. Share the candy
B. Lose the candy
C. Clean the kitchen
D. Hide the candy",D,D,Yes
mistral,mistralai/mistral-7b-instruct-v0.3,2,18,"Story: Mia hides a toy in a drawer while Liam is watching. Later Liam leaves the room and Mia moves the toy to a box.
Question: Who knows the toy is in the box?
A. Liam only
B. Both Mia and Liam
C. Mia only
D. Neither",C,C,Yes
mistral,mistralai/mistral-7b-instruct-v0.3,2,19,"Story: Noah puts a coin in a jar. Emma watches. Noah leaves. Emma moves the coin to a drawer. Liam sees Emma move it.
Question: Where does Liam think Noah will look for the coin?
A. Drawer
B. Table
C. Shelf
D. Jar",D,A,No
mistral,mistralai/mistral-7b-instruct-v0.3,2,20,"Story: Ella believes her favorite mug is broken. Later she discovers it is actually fine.
Question: How will Ella most likely feel when she finds out?
A. Angry
B. Bored
C. Confused
D. Relieved",D,D,Yes
mistral,mistralai/mistral-7b-instruct-v0.3,3,1,"Story: Sam puts his watch in a drawer and leaves the room. While he is gone, Alex moves the watch to a box.
Question: Where will Sam look for the watch first?
A. Box
B. Table
C. Drawer
D. Shelf",C,C,Yes
mistral,mistralai/mistral-7b-instruct-v0.3,3,2,"Story: Nina thinks her cat ran away, but the cat is actually sleeping under the bed.
Question: How does Nina most likely feel before she checks under the bed?
A. Relieved
B. Proud
C. Excited
D. Worried",D,D,Yes
mistral,mistralai/mistral-7b-instruct-v0.3,3,3,"Story: Leo hides a coin in a cup. Emma is watching. Later Leo leaves the room and Emma moves the coin to a drawer.
Question: Who knows the coin was moved?
A. Leo only
B. Both Leo and Emma
C. Neither of them
D. Emma only",D,B,No
mistral,mistralai/mistral-7b-instruct-v0.3,3,4,"Story: You can see a dog behind a tree. Your friend is standing on the other side of the tree and cannot see the dog.
Question: What does your friend think is behind the tree?
A. A dog
B. A cat
C. A ball
D. Nothing",D,D,Yes
mistral,mistralai/mistral-7b-instruct-v0.3,3,5,"Story: Olivia hides a cookie in a jar. Jack watches. Olivia leaves the room. Jack moves the cookie to a cupboard.
Question: Where is the cookie really?
A. Jar
B. Table
C. Plate
D. Cupboard",D,D,Yes
mistral,mistralai/mistral-7b-instruct-v0.3,3,6,"Story: A child hides a toy in a drawer. Another child asks where it is. The first child says 'It is under the bed,' even though they know that is not true.
Question: Why did the child say this?
A. Because they forgot
B. Because they believe it is under the bed
C. To confuse the other child
D. Because they dislike toys",C,C,Yes
mistral,mistralai/mistral-7b-instruct-v0.3,3,7,"Story: Mark puts his keys in his backpack. Later someone moves the keys to a desk while Mark is outside.
Question: Where will Mark look for the keys first?
A. Desk
B. Pocket
C. Drawer
D. Backpack",D,D,Yes
mistral,mistralai/mistral-7b-instruct-v0.3,3,8,"Story: Sara thinks her lost phone is gone forever. Then she finds it in her jacket pocket.
Question: How will Sara most likely feel when she finds it?
A. Angry
B. Confused
C. Relieved
D. Bored",C,C,Yes
mistral,mistralai/mistral-7b-instruct-v0.3,3,9,"Story: Tom places a book in a cabinet while Maya watches. Later Tom leaves the room and Maya moves the book to a drawer.
Question: Does Tom know the book was moved?
A. Yes
B. No",B,B,Yes
mistral,mistralai/mistral-7b-instruct-v0.3,3,10,"Story: Anna hides a ball in a basket. Ben watches. Anna leaves the room. Ben moves the ball to a box. Clara sees Ben move it.
Question: Where does Clara think Anna will look for the ball?
A. Box
B. Table
C. Basket
D. Shelf",C,C,Yes
mistral,mistralai/mistral-7b-instruct-v0.3,3,11,"Story: Liam moves his friend's chair slightly before they sit down as a joke.
Question: What was Liam's likely intention?
A. To help his friend
B. To clean the room
C. To move furniture permanently
D. To make his friend laugh",D,D,Yes
mistral,mistralai/mistral-7b-instruct-v0.3,3,12,"Story: Emma puts a pen in a drawer and then goes outside to talk on the phone. While she is gone, Noah moves the pen to a box.
Question: Where will Emma look for the pen first?
A. Box
B. Table
C. Drawer
D. Bag",C,C,Yes
mistral,mistralai/mistral-7b-instruct-v0.3,3,13,"Story: Jake thinks his friend ignored his message, but actually the friend never received it.
Question: How might Jake feel?
A. Happy
B. Relaxed
C. Hurt
D. Proud",C,C,Yes
mistral,mistralai/mistral-7b-instruct-v0.3,3,14,"Story: A toy is behind a couch. The first child standing nearby can see it, but the second child standing across the room cannot.
Question: What does the second child believe?
A. The toy is visible
B. The toy is missing
C. The toy is broken
D. The toy is behind the couch",B,B,Yes
mistral,mistralai/mistral-7b-instruct-v0.3,3,15,"Story: Ava hides a ring in a bag. Later someone moves the ring to a drawer while Ava is outside.
Question: Where does Ava think the ring is?
A. Drawer
B. Shelf
C. Table
D. Bag",D,D,Yes
mistral,mistralai/mistral-7b-instruct-v0.3,3,16,"Story: Daniel studies very hard for a test and believes he will do well.
Question: How does Daniel most likely feel before taking the test?
A. Angry
B. Bored
C. Nervous but hopeful
D. Confused",C,C,Yes
mistral,mistralai/mistral-7b-instruct-v0.3,3,17,"Story: A child tells their friend the candy is in the kitchen even though it is actually in their pocket.
Question: What is the child trying to do?
A. Share the candy
B. Lose the candy
C. Clean the kitchen
D. Hide the candy",D,D,Yes
mistral,mistralai/mistral-7b-instruct-v0.3,3,18,"Story: Mia hides a toy in a drawer while Liam is watching. Later Liam leaves the room and Mia moves the toy to a box.
Question: Who knows the toy is in the box?
A. Liam only
B. Both Mia and Liam
C. Mia only
D. Neither",C,C,Yes
mistral,mistralai/mistral-7b-instruct-v0.3,3,19,"Story: Noah puts a coin in a jar. Emma watches. Noah leaves. Emma moves the coin to a drawer. Liam sees Emma move it.
Question: Where does Liam think Noah will look for the coin?
A. Drawer
B. Table
C. Shelf
D. Jar",D,A,No
mistral,mistralai/mistral-7b-instruct-v0.3,3,20,"Story: Ella believes her favorite mug is broken. Later she discovers it is actually fine.
Question: How will Ella most likely feel when she finds out?
A. Angry
B. Bored
C. Confused
D. Relieved",D,D,Yes
mistral,mistralai/mistral-7b-instruct-v0.3,4,1,"Story: Sam puts his watch in a drawer and leaves the room. While he is gone, Alex moves the watch to a box.
Question: Where will Sam look for the watch first?
A. Box
B. Table
C. Drawer
D. Shelf",C,C,Yes
mistral,mistralai/mistral-7b-instruct-v0.3,4,2,"Story: Nina thinks her cat ran away, but the cat is actually sleeping under the bed.
Question: How does Nina most likely feel before she checks under the bed?
A. Relieved
B. Proud
C. Excited
D. Worried",D,D,Yes
mistral,mistralai/mistral-7b-instruct-v0.3,4,3,"Story: Leo hides a coin in a cup. Emma is watching. Later Leo leaves the room and Emma moves the coin to a drawer.
Question: Who knows the coin was moved?
A. Leo only
B. Both Leo and Emma
C. Neither of them
D. Emma only",D,B,No
mistral,mistralai/mistral-7b-instruct-v0.3,4,4,"Story: You can see a dog behind a tree. Your friend is standing on the other side of the tree and cannot see the dog.
Question: What does your friend think is behind the tree?
A. A dog
B. A cat
C. A ball
D. Nothing",D,D,Yes
mistral,mistralai/mistral-7b-instruct-v0.3,4,5,"Story: Olivia hides a cookie in a jar. Jack watches. Olivia leaves the room. Jack moves the cookie to a cupboard.
Question: Where is the cookie really?
A. Jar
B. Table
C. Plate
D. Cupboard",D,D,Yes
mistral,mistralai/mistral-7b-instruct-v0.3,4,6,"Story: A child hides a toy in a drawer. Another child asks where it is. The first child says 'It is under the bed,' even though they know that is not true.
Question: Why did the child say this?
A. Because they forgot
B. Because they believe it is under the bed
C. To confuse the other child
D. Because they dislike toys",C,C,Yes
mistral,mistralai/mistral-7b-instruct-v0.3,4,7,"Story: Mark puts his keys in his backpack. Later someone moves the keys to a desk while Mark is outside.
Question: Where will Mark look for the keys first?
A. Desk
B. Pocket
C. Drawer
D. Backpack",D,D,Yes
mistral,mistralai/mistral-7b-instruct-v0.3,4,8,"Story: Sara thinks her lost phone is gone forever. Then she finds it in her jacket pocket.
Question: How will Sara most likely feel when she finds it?
A. Angry
B. Confused
C. Relieved
D. Bored",C,C,Yes
mistral,mistralai/mistral-7b-instruct-v0.3,4,9,"Story: Tom places a book in a cabinet while Maya watches. Later Tom leaves the room and Maya moves the book to a drawer.
Question: Does Tom know the book was moved?
A. Yes
B. No",B,B,Yes
mistral,mistralai/mistral-7b-instruct-v0.3,4,10,"Story: Anna hides a ball in a basket. Ben watches. Anna leaves the room. Ben moves the ball to a box. Clara sees Ben move it.
Question: Where does Clara think Anna will look for the ball?
A. Box
B. Table
C. Basket
D. Shelf",C,C,Yes
mistral,mistralai/mistral-7b-instruct-v0.3,4,11,"Story: Liam moves his friend's chair slightly before they sit down as a joke.
Question: What was Liam's likely intention?
A. To help his friend
B. To clean the room
C. To move furniture permanently
D. To make his friend laugh",D,D,Yes
mistral,mistralai/mistral-7b-instruct-v0.3,4,12,"Story: Emma puts a pen in a drawer and then goes outside to talk on the phone. While she is gone, Noah moves the pen to a box.
Question: Where will Emma look for the pen first?
A. Box
B. Table
C. Drawer
D. Bag",C,C,Yes
mistral,mistralai/mistral-7b-instruct-v0.3,4,13,"Story: Jake thinks his friend ignored his message, but actually the friend never received it.
Question: How might Jake feel?
A. Happy
B. Relaxed
C. Hurt
D. Proud",C,C,Yes
mistral,mistralai/mistral-7b-instruct-v0.3,4,14,"Story: A toy is behind a couch. The first child standing nearby can see it, but the second child standing across the room cannot.
Question: What does the second child believe?
A. The toy is visible
B. The toy is missing
C. The toy is broken
D. The toy is behind the couch",B,B,Yes
mistral,mistralai/mistral-7b-instruct-v0.3,4,15,"Story: Ava hides a ring in a bag. Later someone moves the ring to a drawer while Ava is outside.
Question: Where does Ava think the ring is?
A. Drawer
B. Shelf
C. Table
D. Bag",D,D,Yes
mistral,mistralai/mistral-7b-instruct-v0.3,4,16,"Story: Daniel studies very hard for a test and believes he will do well.
Question: How does Daniel most likely feel before taking the test?
A. Angry
B. Bored
C. Nervous but hopeful
D. Confused",C,C,Yes
mistral,mistralai/mistral-7b-instruct-v0.3,4,17,"Story: A child tells their friend the candy is in the kitchen even though it is actually in their pocket.
Question: What is the child trying to do?
A. Share the candy
B. Lose the candy
C. Clean the kitchen
D. Hide the candy",D,D,Yes
mistral,mistralai/mistral-7b-instruct-v0.3,4,18,"Story: Mia hides a toy in a drawer while Liam is watching. Later Liam leaves the room and Mia moves the toy to a box.
Question: Who knows the toy is in the box?
A. Liam only
B. Both Mia and Liam
C. Mia only
D. Neither",C,C,Yes
mistral,mistralai/mistral-7b-instruct-v0.3,4,19,"Story: Noah puts a coin in a jar. Emma watches. Noah leaves. Emma moves the coin to a drawer. Liam sees Emma move it.
Question: Where does Liam think Noah will look for the coin?
A. Drawer
B. Table
C. Shelf
D. Jar",D,A,No
mistral,mistralai/mistral-7b-instruct-v0.3,4,20,"Story: Ella believes her favorite mug is broken. Later she discovers it is actually fine.
Question: How will Ella most likely feel when she finds out?
A. Angry
B. Bored
C. Confused
D. Relieved",D,D,Yes
mistral,mistralai/mistral-7b-instruct-v0.3,5,1,"Story: Sam puts his watch in a drawer and leaves the room. While he is gone, Alex moves the watch to a box.
Question: Where will Sam look for the watch first?
A. Box
B. Table
C. Drawer
D. Shelf",C,C,Yes
mistral,mistralai/mistral-7b-instruct-v0.3,5,2,"Story: Nina thinks her cat ran away, but the cat is actually sleeping under the bed.
Question: How does Nina most likely feel before she checks under the bed?
A. Relieved
B. Proud
C. Excited
D. Worried",D,D,Yes
mistral,mistralai/mistral-7b-instruct-v0.3,5,3,"Story: Leo hides a coin in a cup. Emma is watching. Later Leo leaves the room and Emma moves the coin to a drawer.
Question: Who knows the coin was moved?
A. Leo only
B. Both Leo and Emma
C. Neither of them
D. Emma only",D,B,No
mistral,mistralai/mistral-7b-instruct-v0.3,5,4,"Story: You can see a dog behind a tree. Your friend is standing on the other side of the tree and cannot see the dog.
Question: What does your friend think is behind the tree?
A. A dog
B. A cat
C. A ball
D. Nothing",D,D,Yes
mistral,mistralai/mistral-7b-instruct-v0.3,5,5,"Story: Olivia hides a cookie in a jar. Jack watches. Olivia leaves the room. Jack moves the cookie to a cupboard.
Question: Where is the cookie really?
A. Jar
B. Table
C. Plate
D. Cupboard",D,D,Yes
mistral,mistralai/mistral-7b-instruct-v0.3,5,6,"Story: A child hides a toy in a drawer. Another child asks where it is. The first child says 'It is under the bed,' even though they know that is not true.
Question: Why did the child say this?
A. Because they forgot
B. Because they believe it is under the bed
C. To confuse the other child
D. Because they dislike toys",C,C,Yes
mistral,mistralai/mistral-7b-instruct-v0.3,5,7,"Story: Mark puts his keys in his backpack. Later someone moves the keys to a desk while Mark is outside.
Question: Where will Mark look for the keys first?
A. Desk
B. Pocket
C. Drawer
D. Backpack",D,D,Yes
mistral,mistralai/mistral-7b-instruct-v0.3,5,8,"Story: Sara thinks her lost phone is gone forever. Then she finds it in her jacket pocket.
Question: How will Sara most likely feel when she finds it?
A. Angry
B. Confused
C. Relieved
D. Bored",C,C,Yes
mistral,mistralai/mistral-7b-instruct-v0.3,5,9,"Story: Tom places a book in a cabinet while Maya watches. Later Tom leaves the room and Maya moves the book to a drawer.
Question: Does Tom know the book was moved?
A. Yes
B. No",B,B,Yes
mistral,mistralai/mistral-7b-instruct-v0.3,5,10,"Story: Anna hides a ball in a basket. Ben watches. Anna leaves the room. Ben moves the ball to a box. Clara sees Ben move it.
Question: Where does Clara think Anna will look for the ball?
A. Box
B. Table
C. Basket
D. Shelf",C,C,Yes
mistral,mistralai/mistral-7b-instruct-v0.3,5,11,"Story: Liam moves his friend's chair slightly before they sit down as a joke.
Question: What was Liam's likely intention?
A. To help his friend
B. To clean the room
C. To move furniture permanently
D. To make his friend laugh",D,D,Yes
mistral,mistralai/mistral-7b-instruct-v0.3,5,12,"Story: Emma puts a pen in a drawer and then goes outside to talk on the phone. While she is gone, Noah moves the pen to a box.
Question: Where will Emma look for the pen first?
A. Box
B. Table
C. Drawer
D. Bag",C,C,Yes
mistral,mistralai/mistral-7b-instruct-v0.3,5,13,"Story: Jake thinks his friend ignored his message, but actually the friend never received it.
Question: How might Jake feel?
A. Happy
B. Relaxed
C. Hurt
D. Proud",C,C,Yes
mistral,mistralai/mistral-7b-instruct-v0.3,5,14,"Story: A toy is behind a couch. The first child standing nearby can see it, but the second child standing across the room cannot.
Question: What does the second child believe?
A. The toy is visible
B. The toy is missing
C. The toy is broken
D. The toy is behind the couch",B,B,Yes
mistral,mistralai/mistral-7b-instruct-v0.3,5,15,"Story: Ava hides a ring in a bag. Later someone moves the ring to a drawer while Ava is outside.
Question: Where does Ava think the ring is?
A. Drawer
B. Shelf
C. Table
D. Bag",D,D,Yes
mistral,mistralai/mistral-7b-instruct-v0.3,5,16,"Story: Daniel studies very hard for a test and believes he will do well.
Question: How does Daniel most likely feel before taking the test?
A. Angry
B. Bored
C. Nervous but hopeful
D. Confused",C,C,Yes
mistral,mistralai/mistral-7b-instruct-v0.3,5,17,"Story: A child tells their friend the candy is in the kitchen even though it is actually in their pocket.
Question: What is the child trying to do?
A. Share the candy
B. Lose the candy
C. Clean the kitchen
D. Hide the candy",D,D,Yes
mistral,mistralai/mistral-7b-instruct-v0.3,5,18,"Story: Mia hides a toy in a drawer while Liam is watching. Later Liam leaves the room and Mia moves the toy to a box.
Question: Who knows the toy is in the box?
A. Liam only
B. Both Mia and Liam
C. Mia only
D. Neither",C,C,Yes
mistral,mistralai/mistral-7b-instruct-v0.3,5,19,"Story: Noah puts a coin in a jar. Emma watches. Noah leaves. Emma moves the coin to a drawer. Liam sees Emma move it.
Question: Where does Liam think Noah will look for the coin?
A. Drawer
B. Table
C. Shelf
D. Jar",D,A,No
mistral,mistralai/mistral-7b-instruct-v0.3,5,20,"Story: Ella believes her favorite mug is broken. Later she discovers it is actually fine.
Question: How will Ella most likely feel when she finds out?
A. Angry
B. Bored
C. Confused
D. Relieved",D,D,Yes
mistral,mistralai/mistral-7b-instruct-v0.3,6,1,"Story: Sam puts his watch in a drawer and leaves the room. While he is gone, Alex moves the watch to a box.
Question: Where will Sam look for the watch first?
A. Box
B. Table
C. Drawer
D. Shelf",C,C,Yes
mistral,mistralai/mistral-7b-instruct-v0.3,6,2,"Story: Nina thinks her cat ran away, but the cat is actually sleeping under the bed.
Question: How does Nina most likely feel before she checks under the bed?
A. Relieved
B. Proud
C. Excited
D. Worried",D,D,Yes
mistral,mistralai/mistral-7b-instruct-v0.3,6,3,"Story: Leo hides a coin in a cup. Emma is watching. Later Leo leaves the room and Emma moves the coin to a drawer.
Question: Who knows the coin was moved?
A. Leo only
B. Both Leo and Emma
C. Neither of them
D. Emma only",D,D,Yes
mistral,mistralai/mistral-7b-instruct-v0.3,6,4,"Story: You can see a dog behind a tree. Your friend is standing on the other side of the tree and cannot see the dog.
Question: What does your friend think is behind the tree?
A. A dog
B. A cat
C. A ball
D. Nothing",D,D,Yes
mistral,mistralai/mistral-7b-instruct-v0.3,6,5,"Story: Olivia hides a cookie in a jar. Jack watches. Olivia leaves the room. Jack moves the cookie to a cupboard.
Question: Where is the cookie really?
A. Jar
B. Table
C. Plate
D. Cupboard",D,D,Yes
mistral,mistralai/mistral-7b-instruct-v0.3,6,6,"Story: A child hides a toy in a drawer. Another child asks where it is. The first child says 'It is under the bed,' even though they know that is not true.
Question: Why did the child say this?
A. Because they forgot
B. Because they believe it is under the bed
C. To confuse the other child
D. Because they dislike toys",C,C,Yes
mistral,mistralai/mistral-7b-instruct-v0.3,6,7,"Story: Mark puts his keys in his backpack. Later someone moves the keys to a desk while Mark is outside.
Question: Where will Mark look for the keys first?
A. Desk
B. Pocket
C. Drawer
D. Backpack",D,D,Yes
mistral,mistralai/mistral-7b-instruct-v0.3,6,8,"Story: Sara thinks her lost phone is gone forever. Then she finds it in her jacket pocket.
Question: How will Sara most likely feel when she finds it?
A. Angry
B. Confused
C. Relieved
D. Bored",C,C,Yes
mistral,mistralai/mistral-7b-instruct-v0.3,6,9,"Story: Tom places a book in a cabinet while Maya watches. Later Tom leaves the room and Maya moves the book to a drawer.
Question: Does Tom know the book was moved?
A. Yes
B. No",B,B,Yes
mistral,mistralai/mistral-7b-instruct-v0.3,6,10,"Story: Anna hides a ball in a basket. Ben watches. Anna leaves the room. Ben moves the ball to a box. Clara sees Ben move it.
Question: Where does Clara think Anna will look for the ball?
A. Box
B. Table
C. Basket
D. Shelf",C,C,Yes
mistral,mistralai/mistral-7b-instruct-v0.3,6,11,"Story: Liam moves his friend's chair slightly before they sit down as a joke.
Question: What was Liam's likely intention?
A. To help his friend
B. To clean the room
C. To move furniture permanently
D. To make his friend laugh",D,D,Yes
mistral,mistralai/mistral-7b-instruct-v0.3,6,12,"Story: Emma puts a pen in a drawer and then goes outside to talk on the phone. While she is gone, Noah moves the pen to a box.
Question: Where will Emma look for the pen first?
A. Box
B. Table
C. Drawer
D. Bag",C,C,Yes
mistral,mistralai/mistral-7b-instruct-v0.3,6,13,"Story: Jake thinks his friend ignored his message, but actually the friend never received it.
Question: How might Jake feel?
A. Happy
B. Relaxed
C. Hurt
D. Proud",C,C,Yes
mistral,mistralai/mistral-7b-instruct-v0.3,6,14,"Story: A toy is behind a couch. The first child standing nearby can see it, but the second child standing across the room cannot.
Question: What does the second child believe?
A. The toy is visible
B. The toy is missing
C. The toy is broken
D. The toy is behind the couch",B,B,Yes
mistral,mistralai/mistral-7b-instruct-v0.3,6,15,"Story: Ava hides a ring in a bag. Later someone moves the ring to a drawer while Ava is outside.
Question: Where does Ava think the ring is?
A. Drawer
B. Shelf
C. Table
D. Bag",D,D,Yes
mistral,mistralai/mistral-7b-instruct-v0.3,6,16,"Story: Daniel studies very hard for a test and believes he will do well.
Question: How does Daniel most likely feel before taking the test?
A. Angry
B. Bored
C. Nervous but hopeful
D. Confused",C,C,Yes
mistral,mistralai/mistral-7b-instruct-v0.3,6,17,"Story: A child tells their friend the candy is in the kitchen even though it is actually in their pocket.
Question: What is the child trying to do?
A. Share the candy
B. Lose the candy
C. Clean the kitchen
D. Hide the candy",D,D,Yes
mistral,mistralai/mistral-7b-instruct-v0.3,6,18,"Story: Mia hides a toy in a drawer while Liam is watching. Later Liam leaves the room and Mia moves the toy to a box.
Question: Who knows the toy is in the box?
A. Liam only
B. Both Mia and Liam
C. Mia only
D. Neither",C,C,Yes
mistral,mistralai/mistral-7b-instruct-v0.3,6,19,"Story: Noah puts a coin in a jar. Emma watches. Noah leaves. Emma moves the coin to a drawer. Liam sees Emma move it.
Question: Where does Liam think Noah will look for the coin?
A. Drawer
B. Table
C. Shelf
D. Jar",D,A,No
mistral,mistralai/mistral-7b-instruct-v0.3,6,20,"Story: Ella believes her favorite mug is broken. Later she discovers it is actually fine.
Question: How will Ella most likely feel when she finds out?
A. Angry
B. Bored
C. Confused
D. Relieved",D,D,Yes
mistral,mistralai/mistral-7b-instruct-v0.3,7,1,"Story: Sam puts his watch in a drawer and leaves the room. While he is gone, Alex moves the watch to a box.
Question: Where will Sam look for the watch first?
A. Box
B. Table
C. Drawer
D. Shelf",C,C,Yes
mistral,mistralai/mistral-7b-instruct-v0.3,7,2,"Story: Nina thinks her cat ran away, but the cat is actually sleeping under the bed.
Question: How does Nina most likely feel before she checks under the bed?
A. Relieved
B. Proud
C. Excited
D. Worried",D,D,Yes
mistral,mistralai/mistral-7b-instruct-v0.3,7,3,"Story: Leo hides a coin in a cup. Emma is watching. Later Leo leaves the room and Emma moves the coin to a drawer.
Question: Who knows the coin was moved?
A. Leo only
B. Both Leo and Emma
C. Neither of them
D. Emma only",D,B,No
mistral,mistralai/mistral-7b-instruct-v0.3,7,4,"Story: You can see a dog behind a tree. Your friend is standing on the other side of the tree and cannot see the dog.
Question: What does your friend think is behind the tree?
A. A dog
B. A cat
C. A ball
D. Nothing",D,D,Yes
mistral,mistralai/mistral-7b-instruct-v0.3,7,5,"Story: Olivia hides a cookie in a jar. Jack watches. Olivia leaves the room. Jack moves the cookie to a cupboard.
Question: Where is the cookie really?
A. Jar
B. Table
C. Plate
D. Cupboard",D,D,Yes
mistral,mistralai/mistral-7b-instruct-v0.3,7,6,"Story: A child hides a toy in a drawer. Another child asks where it is. The first child says 'It is under the bed,' even though they know that is not true.
Question: Why did the child say this?
A. Because they forgot
B. Because they believe it is under the bed
C. To confuse the other child
D. Because they dislike toys",C,C,Yes
mistral,mistralai/mistral-7b-instruct-v0.3,7,7,"Story: Mark puts his keys in his backpack. Later someone moves the keys to a desk while Mark is outside.
Question: Where will Mark look for the keys first?
A. Desk
B. Pocket
C. Drawer
D. Backpack",D,D,Yes
mistral,mistralai/mistral-7b-instruct-v0.3,7,8,"Story: Sara thinks her lost phone is gone forever. Then she finds it in her jacket pocket.
Question: How will Sara most likely feel when she finds it?
A. Angry
B. Confused
C. Relieved
D. Bored",C,C,Yes
mistral,mistralai/mistral-7b-instruct-v0.3,7,9,"Story: Tom places a book in a cabinet while Maya watches. Later Tom leaves the room and Maya moves the book to a drawer.
Question: Does Tom know the book was moved?
A. Yes
B. No",B,B,Yes
mistral,mistralai/mistral-7b-instruct-v0.3,7,10,"Story: Anna hides a ball in a basket. Ben watches. Anna leaves the room. Ben moves the ball to a box. Clara sees Ben move it.
Question: Where does Clara think Anna will look for the ball?
A. Box
B. Table
C. Basket
D. Shelf",C,C,Yes
mistral,mistralai/mistral-7b-instruct-v0.3,7,11,"Story: Liam moves his friend's chair slightly before they sit down as a joke.
Question: What was Liam's likely intention?
A. To help his friend
B. To clean the room
C. To move furniture permanently
D. To make his friend laugh",D,D,Yes
mistral,mistralai/mistral-7b-instruct-v0.3,7,12,"Story: Emma puts a pen in a drawer and then goes outside to talk on the phone. While she is gone, Noah moves the pen to a box.
Question: Where will Emma look for the pen first?
A. Box
B. Table
C. Drawer
D. Bag",C,C,Yes
mistral,mistralai/mistral-7b-instruct-v0.3,7,13,"Story: Jake thinks his friend ignored his message, but actually the friend never received it.
Question: How might Jake feel?
A. Happy
B. Relaxed
C. Hurt
D. Proud",C,C,Yes
mistral,mistralai/mistral-7b-instruct-v0.3,7,14,"Story: A toy is behind a couch. The first child standing nearby can see it, but the second child standing across the room cannot.
Question: What does the second child believe?
A. The toy is visible
B. The toy is missing
C. The toy is broken
D. The toy is behind the couch",B,B,Yes
mistral,mistralai/mistral-7b-instruct-v0.3,7,15,"Story: Ava hides a ring in a bag. Later someone moves the ring to a drawer while Ava is outside.
Question: Where does Ava think the ring is?
A. Drawer
B. Shelf
C. Table
D. Bag",D,D,Yes
mistral,mistralai/mistral-7b-instruct-v0.3,7,16,"Story: Daniel studies very hard for a test and believes he will do well.
Question: How does Daniel most likely feel before taking the test?
A. Angry
B. Bored
C. Nervous but hopeful
D. Confused",C,C,Yes
mistral,mistralai/mistral-7b-instruct-v0.3,7,17,"Story: A child tells their friend the candy is in the kitchen even though it is actually in their pocket.
Question: What is the child trying to do?
A. Share the candy
B. Lose the candy
C. Clean the kitchen
D. Hide the candy",D,D,Yes
mistral,mistralai/mistral-7b-instruct-v0.3,7,18,"Story: Mia hides a toy in a drawer while Liam is watching. Later Liam leaves the room and Mia moves the toy to a box.
Question: Who knows the toy is in the box?
A. Liam only
B. Both Mia and Liam
C. Mia only
D. Neither",C,C,Yes
mistral,mistralai/mistral-7b-instruct-v0.3,7,19,"Story: Noah puts a coin in a jar. Emma watches. Noah leaves. Emma moves the coin to a drawer. Liam sees Emma move it.
Question: Where does Liam think Noah will look for the coin?
A. Drawer
B. Table
C. Shelf
D. Jar",D,A,No
mistral,mistralai/mistral-7b-instruct-v0.3,7,20,"Story: Ella believes her favorite mug is broken. Later she discovers it is actually fine.
Question: How will Ella most likely feel when she finds out?
A. Angry
B. Bored
C. Confused
D. Relieved",D,D,Yes
mistral,mistralai/mistral-7b-instruct-v0.3,8,1,"Story: Sam puts his watch in a drawer and leaves the room. While he is gone, Alex moves the watch to a box.
Question: Where will Sam look for the watch first?
A. Box
B. Table
C. Drawer
D. Shelf",C,C,Yes
mistral,mistralai/mistral-7b-instruct-v0.3,8,2,"Story: Nina thinks her cat ran away, but the cat is actually sleeping under the bed.
Question: How does Nina most likely feel before she checks under the bed?
A. Relieved
B. Proud
C. Excited
D. Worried",D,D,Yes
mistral,mistralai/mistral-7b-instruct-v0.3,8,3,"Story: Leo hides a coin in a cup. Emma is watching. Later Leo leaves the room and Emma moves the coin to a drawer.
Question: Who knows the coin was moved?
A. Leo only
B. Both Leo and Emma
C. Neither of them
D. Emma only",D,D,Yes
mistral,mistralai/mistral-7b-instruct-v0.3,8,4,"Story: You can see a dog behind a tree. Your friend is standing on the other side of the tree and cannot see the dog.
Question: What does your friend think is behind the tree?
A. A dog
B. A cat
C. A ball
D. Nothing",D,D,Yes
mistral,mistralai/mistral-7b-instruct-v0.3,8,5,"Story: Olivia hides a cookie in a jar. Jack watches. Olivia leaves the room. Jack moves the cookie to a cupboard.
Question: Where is the cookie really?
A. Jar
B. Table
C. Plate
D. Cupboard",D,D,Yes
mistral,mistralai/mistral-7b-instruct-v0.3,8,6,"Story: A child hides a toy in a drawer. Another child asks where it is. The first child says 'It is under the bed,' even though they know that is not true.
Question: Why did the child say this?
A. Because they forgot
B. Because they believe it is under the bed
C. To confuse the other child
D. Because they dislike toys",C,C,Yes
mistral,mistralai/mistral-7b-instruct-v0.3,8,7,"Story: Mark puts his keys in his backpack. Later someone moves the keys to a desk while Mark is outside.
Question: Where will Mark look for the keys first?
A. Desk
B. Pocket
C. Drawer
D. Backpack",D,D,Yes
mistral,mistralai/mistral-7b-instruct-v0.3,8,8,"Story: Sara thinks her lost phone is gone forever. Then she finds it in her jacket pocket.
Question: How will Sara most likely feel when she finds it?
A. Angry
B. Confused
C. Relieved
D. Bored",C,C,Yes
mistral,mistralai/mistral-7b-instruct-v0.3,8,9,"Story: Tom places a book in a cabinet while Maya watches. Later Tom leaves the room and Maya moves the book to a drawer.
Question: Does Tom know the book was moved?
A. Yes
B. No",B,B,Yes
mistral,mistralai/mistral-7b-instruct-v0.3,8,10,"Story: Anna hides a ball in a basket. Ben watches. Anna leaves the room. Ben moves the ball to a box. Clara sees Ben move it.
Question: Where does Clara think Anna will look for the ball?
A. Box
B. Table
C. Basket
D. Shelf",C,C,Yes
mistral,mistralai/mistral-7b-instruct-v0.3,8,11,"Story: Liam moves his friend's chair slightly before they sit down as a joke.
Question: What was Liam's likely intention?
A. To help his friend
B. To clean the room
C. To move furniture permanently
D. To make his friend laugh",D,D,Yes
mistral,mistralai/mistral-7b-instruct-v0.3,8,12,"Story: Emma puts a pen in a drawer and then goes outside to talk on the phone. While she is gone, Noah moves the pen to a box.
Question: Where will Emma look for the pen first?
A. Box
B. Table
C. Drawer
D. Bag",C,C,Yes
mistral,mistralai/mistral-7b-instruct-v0.3,8,13,"Story: Jake thinks his friend ignored his message, but actually the friend never received it.
Question: How might Jake feel?
A. Happy
B. Relaxed
C. Hurt
D. Proud",C,C,Yes
mistral,mistralai/mistral-7b-instruct-v0.3,8,14,"Story: A toy is behind a couch. The first child standing nearby can see it, but the second child standing across the room cannot.
Question: What does the second child believe?
A. The toy is visible
B. The toy is missing
C. The toy is broken
D. The toy is behind the couch",B,B,Yes
mistral,mistralai/mistral-7b-instruct-v0.3,8,15,"Story: Ava hides a ring in a bag. Later someone moves the ring to a drawer while Ava is outside.
Question: Where does Ava think the ring is?
A. Drawer
B. Shelf
C. Table
D. Bag",D,D,Yes
mistral,mistralai/mistral-7b-instruct-v0.3,8,16,"Story: Daniel studies very hard for a test and believes he will do well.
Question: How does Daniel most likely feel before taking the test?
A. Angry
B. Bored
C. Nervous but hopeful
D. Confused",C,C,Yes
mistral,mistralai/mistral-7b-instruct-v0.3,8,17,"Story: A child tells their friend the candy is in the kitchen even though it is actually in their pocket.
Question: What is the child trying to do?
A. Share the candy
B. Lose the candy
C. Clean the kitchen
D. Hide the candy",D,D,Yes
mistral,mistralai/mistral-7b-instruct-v0.3,8,18,"Story: Mia hides a toy in a drawer while Liam is watching. Later Liam leaves the room and Mia moves the toy to a box.
Question: Who knows the toy is in the box?
A. Liam only
B. Both Mia and Liam
C. Mia only
D. Neither",C,C,Yes
mistral,mistralai/mistral-7b-instruct-v0.3,8,19,"Story: Noah puts a coin in a jar. Emma watches. Noah leaves. Emma moves the coin to a drawer. Liam sees Emma move it.
Question: Where does Liam think Noah will look for the coin?
A. Drawer
B. Table
C. Shelf
D. Jar",D,A,No
mistral,mistralai/mistral-7b-instruct-v0.3,8,20,"Story: Ella believes her favorite mug is broken. Later she discovers it is actually fine.
Question: How will Ella most likely feel when she finds out?
A. Angry
B. Bored
C. Confused
D. Relieved",D,D,Yes
mistral,mistralai/mistral-7b-instruct-v0.3,9,1,"Story: Sam puts his watch in a drawer and leaves the room. While he is gone, Alex moves the watch to a box.
Question: Where will Sam look for the watch first?
A. Box
B. Table
C. Drawer
D. Shelf",C,C,Yes
mistral,mistralai/mistral-7b-instruct-v0.3,9,2,"Story: Nina thinks her cat ran away, but the cat is actually sleeping under the bed.
Question: How does Nina most likely feel before she checks under the bed?
A. Relieved
B. Proud
C. Excited
D. Worried",D,D,Yes
mistral,mistralai/mistral-7b-instruct-v0.3,9,3,"Story: Leo hides a coin in a cup. Emma is watching. Later Leo leaves the room and Emma moves the coin to a drawer.
Question: Who knows the coin was moved?
A. Leo only
B. Both Leo and Emma
C. Neither of them
D. Emma only",D,D,Yes
mistral,mistralai/mistral-7b-instruct-v0.3,9,4,"Story: You can see a dog behind a tree. Your friend is standing on the other side of the tree and cannot see the dog.
Question: What does your friend think is behind the tree?
A. A dog
B. A cat
C. A ball
D. Nothing",D,D,Yes
mistral,mistralai/mistral-7b-instruct-v0.3,9,5,"Story: Olivia hides a cookie in a jar. Jack watches. Olivia leaves the room. Jack moves the cookie to a cupboard.
Question: Where is the cookie really?
A. Jar
B. Table
C. Plate
D. Cupboard",D,D,Yes
mistral,mistralai/mistral-7b-instruct-v0.3,9,6,"Story: A child hides a toy in a drawer. Another child asks where it is. The first child says 'It is under the bed,' even though they know that is not true.
Question: Why did the child say this?
A. Because they forgot
B. Because they believe it is under the bed
C. To confuse the other child
D. Because they dislike toys",C,C,Yes
mistral,mistralai/mistral-7b-instruct-v0.3,9,7,"Story: Mark puts his keys in his backpack. Later someone moves the keys to a desk while Mark is outside.
Question: Where will Mark look for the keys first?
A. Desk
B. Pocket
C. Drawer
D. Backpack",D,D,Yes
mistral,mistralai/mistral-7b-instruct-v0.3,9,8,"Story: Sara thinks her lost phone is gone forever. Then she finds it in her jacket pocket.
Question: How will Sara most likely feel when she finds it?
A. Angry
B. Confused
C. Relieved
D. Bored",C,C,Yes
mistral,mistralai/mistral-7b-instruct-v0.3,9,9,"Story: Tom places a book in a cabinet while Maya watches. Later Tom leaves the room and Maya moves the book to a drawer.
Question: Does Tom know the book was moved?
A. Yes
B. No",B,B,Yes
mistral,mistralai/mistral-7b-instruct-v0.3,9,10,"Story: Anna hides a ball in a basket. Ben watches. Anna leaves the room. Ben moves the ball to a box. Clara sees Ben move it.
Question: Where does Clara think Anna will look for the ball?
A. Box
B. Table
C. Basket
D. Shelf",C,C,Yes
mistral,mistralai/mistral-7b-instruct-v0.3,9,11,"Story: Liam moves his friend's chair slightly before they sit down as a joke.
Question: What was Liam's likely intention?
A. To help his friend
B. To clean the room
C. To move furniture permanently
D. To make his friend laugh",D,D,Yes
mistral,mistralai/mistral-7b-instruct-v0.3,9,12,"Story: Emma puts a pen in a drawer and then goes outside to talk on the phone. While she is gone, Noah moves the pen to a box.
Question: Where will Emma look for the pen first?
A. Box
B. Table
C. Drawer
D. Bag",C,C,Yes
mistral,mistralai/mistral-7b-instruct-v0.3,9,13,"Story: Jake thinks his friend ignored his message, but actually the friend never received it.
Question: How might Jake feel?
A. Happy
B. Relaxed
C. Hurt
D. Proud",C,C,Yes
mistral,mistralai/mistral-7b-instruct-v0.3,9,14,"Story: A toy is behind a couch. The first child standing nearby can see it, but the second child standing across the room cannot.
Question: What does the second child believe?
A. The toy is visible
B. The toy is missing
C. The toy is broken
D. The toy is behind the couch",B,B,Yes
mistral,mistralai/mistral-7b-instruct-v0.3,9,15,"Story: Ava hides a ring in a bag. Later someone moves the ring to a drawer while Ava is outside.
Question: Where does Ava think the ring is?
A. Drawer
B. Shelf
C. Table
D. Bag",D,D,Yes
mistral,mistralai/mistral-7b-instruct-v0.3,9,16,"Story: Daniel studies very hard for a test and believes he will do well.
Question: How does Daniel most likely feel before taking the test?
A. Angry
B. Bored
C. Nervous but hopeful
D. Confused",C,C,Yes
mistral,mistralai/mistral-7b-instruct-v0.3,9,17,"Story: A child tells their friend the candy is in the kitchen even though it is actually in their pocket.
Question: What is the child trying to do?
A. Share the candy
B. Lose the candy
C. Clean the kitchen
D. Hide the candy",D,D,Yes
mistral,mistralai/mistral-7b-instruct-v0.3,9,18,"Story: Mia hides a toy in a drawer while Liam is watching. Later Liam leaves the room and Mia moves the toy to a box.
Question: Who knows the toy is in the box?
A. Liam only
B. Both Mia and Liam
C. Mia only
D. Neither",C,C,Yes
mistral,mistralai/mistral-7b-instruct-v0.3,9,19,"Story: Noah puts a coin in a jar. Emma watches. Noah leaves. Emma moves the coin to a drawer. Liam sees Emma move it.
Question: Where does Liam think Noah will look for the coin?
A. Drawer
B. Table
C. Shelf
D. Jar",D,A,No
mistral,mistralai/mistral-7b-instruct-v0.3,9,20,"Story: Ella believes her favorite mug is broken. Later she discovers it is actually fine.
Question: How will Ella most likely feel when she finds out?
A. Angry
B. Bored
C. Confused
D. Relieved",D,D,Yes
mistral,mistralai/mistral-7b-instruct-v0.3,10,1,"Story: Sam puts his watch in a drawer and leaves the room. While he is gone, Alex moves the watch to a box.
Question: Where will Sam look for the watch first?
A. Box
B. Table
C. Drawer
D. Shelf",C,C,Yes
mistral,mistralai/mistral-7b-instruct-v0.3,10,2,"Story: Nina thinks her cat ran away, but the cat is actually sleeping under the bed.
Question: How does Nina most likely feel before she checks under the bed?
A. Relieved
B. Proud
C. Excited
D. Worried",D,D,Yes
mistral,mistralai/mistral-7b-instruct-v0.3,10,3,"Story: Leo hides a coin in a cup. Emma is watching. Later Leo leaves the room and Emma moves the coin to a drawer.
Question: Who knows the coin was moved?
A. Leo only
B. Both Leo and Emma
C. Neither of them
D. Emma only",D,B,No
mistral,mistralai/mistral-7b-instruct-v0.3,10,4,"Story: You can see a dog behind a tree. Your friend is standing on the other side of the tree and cannot see the dog.
Question: What does your friend think is behind the tree?
A. A dog
B. A cat
C. A ball
D. Nothing",D,D,Yes
mistral,mistralai/mistral-7b-instruct-v0.3,10,5,"Story: Olivia hides a cookie in a jar. Jack watches. Olivia leaves the room. Jack moves the cookie to a cupboard.
Question: Where is the cookie really?
A. Jar
B. Table
C. Plate
D. Cupboard",D,D,Yes
mistral,mistralai/mistral-7b-instruct-v0.3,10,6,"Story: A child hides a toy in a drawer. Another child asks where it is. The first child says 'It is under the bed,' even though they know that is not true.
Question: Why did the child say this?
A. Because they forgot
B. Because they believe it is under the bed
C. To confuse the other child
D. Because they dislike toys",C,C,Yes
mistral,mistralai/mistral-7b-instruct-v0.3,10,7,"Story: Mark puts his keys in his backpack. Later someone moves the keys to a desk while Mark is outside.
Question: Where will Mark look for the keys first?
A. Desk
B. Pocket
C. Drawer
D. Backpack",D,D,Yes
mistral,mistralai/mistral-7b-instruct-v0.3,10,8,"Story: Sara thinks her lost phone is gone forever. Then she finds it in her jacket pocket.
Question: How will Sara most likely feel when she finds it?
A. Angry
B. Confused
C. Relieved
D. Bored",C,C,Yes
mistral,mistralai/mistral-7b-instruct-v0.3,10,9,"Story: Tom places a book in a cabinet while Maya watches. Later Tom leaves the room and Maya moves the book to a drawer.
Question: Does Tom know the book was moved?
A. Yes
B. No",B,B,Yes
mistral,mistralai/mistral-7b-instruct-v0.3,10,10,"Story: Anna hides a ball in a basket. Ben watches. Anna leaves the room. Ben moves the ball to a box. Clara sees Ben move it.
Question: Where does Clara think Anna will look for the ball?
A. Box
B. Table
C. Basket
D. Shelf",C,C,Yes
mistral,mistralai/mistral-7b-instruct-v0.3,10,11,"Story: Liam moves his friend's chair slightly before they sit down as a joke.
Question: What was Liam's likely intention?
A. To help his friend
B. To clean the room
C. To move furniture permanently
D. To make his friend laugh",D,D,Yes
mistral,mistralai/mistral-7b-instruct-v0.3,10,12,"Story: Emma puts a pen in a drawer and then goes outside to talk on the phone. While she is gone, Noah moves the pen to a box.
Question: Where will Emma look for the pen first?
A. Box
B. Table
C. Drawer
D. Bag",C,C,Yes
mistral,mistralai/mistral-7b-instruct-v0.3,10,13,"Story: Jake thinks his friend ignored his message, but actually the friend never received it.
Question: How might Jake feel?
A. Happy
B. Relaxed
C. Hurt
D. Proud",C,C,Yes
mistral,mistralai/mistral-7b-instruct-v0.3,10,14,"Story: A toy is behind a couch. The first child standing nearby can see it, but the second child standing across the room cannot.
Question: What does the second child believe?
A. The toy is visible
B. The toy is missing
C. The toy is broken
D. The toy is behind the couch",B,B,Yes
mistral,mistralai/mistral-7b-instruct-v0.3,10,15,"Story: Ava hides a ring in a bag. Later someone moves the ring to a drawer while Ava is outside.
Question: Where does Ava think the ring is?
A. Drawer
B. Shelf
C. Table
D. Bag",D,D,Yes
mistral,mistralai/mistral-7b-instruct-v0.3,10,16,"Story: Daniel studies very hard for a test and believes he will do well.
Question: How does Daniel most likely feel before taking the test?
A. Angry
B. Bored
C. Nervous but hopeful
D. Confused",C,C,Yes
mistral,mistralai/mistral-7b-instruct-v0.3,10,17,"Story: A child tells their friend the candy is in the kitchen even though it is actually in their pocket.
Question: What is the child trying to do?
A. Share the candy
B. Lose the candy
C. Clean the kitchen
D. Hide the candy",D,D,Yes
mistral,mistralai/mistral-7b-instruct-v0.3,10,18,"Story: Mia hides a toy in a drawer while Liam is watching. Later Liam leaves the room and Mia moves the toy to a box.
Question: Who knows the toy is in the box?
A. Liam only
B. Both Mia and Liam
C. Mia only
D. Neither",C,C,Yes
mistral,mistralai/mistral-7b-instruct-v0.3,10,19,"Story: Noah puts a coin in a jar. Emma watches. Noah leaves. Emma moves the coin to a drawer. Liam sees Emma move it.
Question: Where does Liam think Noah will look for the coin?
A. Drawer
B. Table
C. Shelf
D. Jar",D,A,No
mistral,mistralai/mistral-7b-instruct-v0.3,10,20,"Story: Ella believes her favorite mug is broken. Later she discovers it is actually fine.
Question: How will Ella most likely feel when she finds out?
A. Angry
B. Bored
C. Confused
D. Relieved",D,D,Yes
mistral,mistralai/mistral-7b-instruct-v0.3,11,1,"Story: Sam puts his watch in a drawer and leaves the room. While he is gone, Alex moves the watch to a box.
Question: Where will Sam look for the watch first?
A. Box
B. Table
C. Drawer
D. Shelf",C,C,Yes
mistral,mistralai/mistral-7b-instruct-v0.3,11,2,"Story: Nina thinks her cat ran away, but the cat is actually sleeping under the bed.
Question: How does Nina most likely feel before she checks under the bed?
A. Relieved
B. Proud
C. Excited
D. Worried",D,D,Yes
mistral,mistralai/mistral-7b-instruct-v0.3,11,3,"Story: Leo hides a coin in a cup. Emma is watching. Later Leo leaves the room and Emma moves the coin to a drawer.
Question: Who knows the coin was moved?
A. Leo only
B. Both Leo and Emma
C. Neither of them
D. Emma only",D,D,Yes
mistral,mistralai/mistral-7b-instruct-v0.3,11,4,"Story: You can see a dog behind a tree. Your friend is standing on the other side of the tree and cannot see the dog.
Question: What does your friend think is behind the tree?
A. A dog
B. A cat
C. A ball
D. Nothing",D,D,Yes
mistral,mistralai/mistral-7b-instruct-v0.3,11,5,"Story: Olivia hides a cookie in a jar. Jack watches. Olivia leaves the room. Jack moves the cookie to a cupboard.
Question: Where is the cookie really?
A. Jar
B. Table
C. Plate
D. Cupboard",D,D,Yes
mistral,mistralai/mistral-7b-instruct-v0.3,11,6,"Story: A child hides a toy in a drawer. Another child asks where it is. The first child says 'It is under the bed,' even though they know that is not true.
Question: Why did the child say this?
A. Because they forgot
B. Because they believe it is under the bed
C. To confuse the other child
D. Because they dislike toys",C,C,Yes
mistral,mistralai/mistral-7b-instruct-v0.3,11,7,"Story: Mark puts his keys in his backpack. Later someone moves the keys to a desk while Mark is outside.
Question: Where will Mark look for the keys first?
A. Desk
B. Pocket
C. Drawer
D. Backpack",D,D,Yes
mistral,mistralai/mistral-7b-instruct-v0.3,11,8,"Story: Sara thinks her lost phone is gone forever. Then she finds it in her jacket pocket.
Question: How will Sara most likely feel when she finds it?
A. Angry
B. Confused
C. Relieved
D. Bored",C,C,Yes
mistral,mistralai/mistral-7b-instruct-v0.3,11,9,"Story: Tom places a book in a cabinet while Maya watches. Later Tom leaves the room and Maya moves the book to a drawer.
Question: Does Tom know the book was moved?
A. Yes
B. No",B,B,Yes
mistral,mistralai/mistral-7b-instruct-v0.3,11,10,"Story: Anna hides a ball in a basket. Ben watches. Anna leaves the room. Ben moves the ball to a box. Clara sees Ben move it.
Question: Where does Clara think Anna will look for the ball?
A. Box
B. Table
C. Basket
D. Shelf",C,C,Yes
mistral,mistralai/mistral-7b-instruct-v0.3,11,11,"Story: Liam moves his friend's chair slightly before they sit down as a joke.
Question: What was Liam's likely intention?
A. To help his friend
B. To clean the room
C. To move furniture permanently
D. To make his friend laugh",D,D,Yes
mistral,mistralai/mistral-7b-instruct-v0.3,11,12,"Story: Emma puts a pen in a drawer and then goes outside to talk on the phone. While she is gone, Noah moves the pen to a box.
Question: Where will Emma look for the pen first?
A. Box
B. Table
C. Drawer
D. Bag",C,C,Yes
mistral,mistralai/mistral-7b-instruct-v0.3,11,13,"Story: Jake thinks his friend ignored his message, but actually the friend never received it.
Question: How might Jake feel?
A. Happy
B. Relaxed
C. Hurt
D. Proud",C,C,Yes
mistral,mistralai/mistral-7b-instruct-v0.3,11,14,"Story: A toy is behind a couch. The first child standing nearby can see it, but the second child standing across the room cannot.
Question: What does the second child believe?
A. The toy is visible
B. The toy is missing
C. The toy is broken
D. The toy is behind the couch",B,B,Yes
mistral,mistralai/mistral-7b-instruct-v0.3,11,15,"Story: Ava hides a ring in a bag. Later someone moves the ring to a drawer while Ava is outside.
Question: Where does Ava think the ring is?
A. Drawer
B. Shelf
C. Table
D. Bag",D,D,Yes
mistral,mistralai/mistral-7b-instruct-v0.3,11,16,"Story: Daniel studies very hard for a test and believes he will do well.
Question: How does Daniel most likely feel before taking the test?
A. Angry
B. Bored
C. Nervous but hopeful
D. Confused",C,C,Yes
mistral,mistralai/mistral-7b-instruct-v0.3,11,17,"Story: A child tells their friend the candy is in the kitchen even though it is actually in their pocket.
Question: What is the child trying to do?
A. Share the candy
B. Lose the candy
C. Clean the kitchen
D. Hide the candy",D,D,Yes
mistral,mistralai/mistral-7b-instruct-v0.3,11,18,"Story: Mia hides a toy in a drawer while Liam is watching. Later Liam leaves the room and Mia moves the toy to a box.
Question: Who knows the toy is in the box?
A. Liam only
B. Both Mia and Liam
C. Mia only
D. Neither",C,C,Yes
mistral,mistralai/mistral-7b-instruct-v0.3,11,19,"Story: Noah puts a coin in a jar. Emma watches. Noah leaves. Emma moves the coin to a drawer. Liam sees Emma move it.
Question: Where does Liam think Noah will look for the coin?
A. Drawer
B. Table
C. Shelf
D. Jar",D,A,No
mistral,mistralai/mistral-7b-instruct-v0.3,11,20,"Story: Ella believes her favorite mug is broken. Later she discovers it is actually fine.
Question: How will Ella most likely feel when she finds out?
A. Angry
B. Bored
C. Confused
D. Relieved",D,D,Yes
mistral,mistralai/mistral-7b-instruct-v0.3,12,1,"Story: Sam puts his watch in a drawer and leaves the room. While he is gone, Alex moves the watch to a box.
Question: Where will Sam look for the watch first?
A. Box
B. Table
C. Drawer
D. Shelf",C,C,Yes
mistral,mistralai/mistral-7b-instruct-v0.3,12,2,"Story: Nina thinks her cat ran away, but the cat is actually sleeping under the bed.
Question: How does Nina most likely feel before she checks under the bed?
A. Relieved
B. Proud
C. Excited
D. Worried",D,D,Yes
mistral,mistralai/mistral-7b-instruct-v0.3,12,3,"Story: Leo hides a coin in a cup. Emma is watching. Later Leo leaves the room and Emma moves the coin to a drawer.
Question: Who knows the coin was moved?
A. Leo only
B. Both Leo and Emma
C. Neither of them
D. Emma only",D,B,No
mistral,mistralai/mistral-7b-instruct-v0.3,12,4,"Story: You can see a dog behind a tree. Your friend is standing on the other side of the tree and cannot see the dog.
Question: What does your friend think is behind the tree?
A. A dog
B. A cat
C. A ball
D. Nothing",D,D,Yes
mistral,mistralai/mistral-7b-instruct-v0.3,12,5,"Story: Olivia hides a cookie in a jar. Jack watches. Olivia leaves the room. Jack moves the cookie to a cupboard.
Question: Where is the cookie really?
A. Jar
B. Table
C. Plate
D. Cupboard",D,D,Yes
mistral,mistralai/mistral-7b-instruct-v0.3,12,6,"Story: A child hides a toy in a drawer. Another child asks where it is. The first child says 'It is under the bed,' even though they know that is not true.
Question: Why did the child say this?
A. Because they forgot
B. Because they believe it is under the bed
C. To confuse the other child
D. Because they dislike toys",C,C,Yes
mistral,mistralai/mistral-7b-instruct-v0.3,12,7,"Story: Mark puts his keys in his backpack. Later someone moves the keys to a desk while Mark is outside.
Question: Where will Mark look for the keys first?
A. Desk
B. Pocket
C. Drawer
D. Backpack",D,D,Yes
mistral,mistralai/mistral-7b-instruct-v0.3,12,8,"Story: Sara thinks her lost phone is gone forever. Then she finds it in her jacket pocket.
Question: How will Sara most likely feel when she finds it?
A. Angry
B. Confused
C. Relieved
D. Bored",C,C,Yes
mistral,mistralai/mistral-7b-instruct-v0.3,12,9,"Story: Tom places a book in a cabinet while Maya watches. Later Tom leaves the room and Maya moves the book to a drawer.
Question: Does Tom know the book was moved?
A. Yes
B. No",B,B,Yes
mistral,mistralai/mistral-7b-instruct-v0.3,12,10,"Story: Anna hides a ball in a basket. Ben watches. Anna leaves the room. Ben moves the ball to a box. Clara sees Ben move it.
Question: Where does Clara think Anna will look for the ball?
A. Box
B. Table
C. Basket
D. Shelf",C,C,Yes
mistral,mistralai/mistral-7b-instruct-v0.3,12,11,"Story: Liam moves his friend's chair slightly before they sit down as a joke.
Question: What was Liam's likely intention?
A. To help his friend
B. To clean the room
C. To move furniture permanently
D. To make his friend laugh",D,D,Yes
mistral,mistralai/mistral-7b-instruct-v0.3,12,12,"Story: Emma puts a pen in a drawer and then goes outside to talk on the phone. While she is gone, Noah moves the pen to a box.
Question: Where will Emma look for the pen first?
A. Box
B. Table
C. Drawer
D. Bag",C,C,Yes
mistral,mistralai/mistral-7b-instruct-v0.3,12,13,"Story: Jake thinks his friend ignored his message, but actually the friend never received it.
Question: How might Jake feel?
A. Happy
B. Relaxed
C. Hurt
D. Proud",C,C,Yes
mistral,mistralai/mistral-7b-instruct-v0.3,12,14,"Story: A toy is behind a couch. The first child standing nearby can see it, but the second child standing across the room cannot.
Question: What does the second child believe?
A. The toy is visible
B. The toy is missing
C. The toy is broken
D. The toy is behind the couch",B,B,Yes
mistral,mistralai/mistral-7b-instruct-v0.3,12,15,"Story: Ava hides a ring in a bag. Later someone moves the ring to a drawer while Ava is outside.
Question: Where does Ava think the ring is?
A. Drawer
B. Shelf
C. Table
D. Bag",D,D,Yes
mistral,mistralai/mistral-7b-instruct-v0.3,12,16,"Story: Daniel studies very hard for a test and believes he will do well.
Question: How does Daniel most likely feel before taking the test?
A. Angry
B. Bored
C. Nervous but hopeful
D. Confused",C,C,Yes
mistral,mistralai/mistral-7b-instruct-v0.3,12,17,"Story: A child tells their friend the candy is in the kitchen even though it is actually in their pocket.
Question: What is the child trying to do?
A. Share the candy
B. Lose the candy
C. Clean the kitchen
D. Hide the candy",D,D,Yes
mistral,mistralai/mistral-7b-instruct-v0.3,12,18,"Story: Mia hides a toy in a drawer while Liam is watching. Later Liam leaves the room and Mia moves the toy to a box.
Question: Who knows the toy is in the box?
A. Liam only
B. Both Mia and Liam
C. Mia only
D. Neither",C,C,Yes
mistral,mistralai/mistral-7b-instruct-v0.3,12,19,"Story: Noah puts a coin in a jar. Emma watches. Noah leaves. Emma moves the coin to a drawer. Liam sees Emma move it.
Question: Where does Liam think Noah will look for the coin?
A. Drawer
B. Table
C. Shelf
D. Jar",D,A,No
mistral,mistralai/mistral-7b-instruct-v0.3,12,20,"Story: Ella believes her favorite mug is broken. Later she discovers it is actually fine.
Question: How will Ella most likely feel when she finds out?
A. Angry
B. Bored
C. Confused
D. Relieved",D,D,Yes
mistral,mistralai/mistral-7b-instruct-v0.3,13,1,"Story: Sam puts his watch in a drawer and leaves the room. While he is gone, Alex moves the watch to a box.
Question: Where will Sam look for the watch first?
A. Box
B. Table
C. Drawer
D. Shelf",C,C,Yes
mistral,mistralai/mistral-7b-instruct-v0.3,13,2,"Story: Nina thinks her cat ran away, but the cat is actually sleeping under the bed.
Question: How does Nina most likely feel before she checks under the bed?
A. Relieved
B. Proud
C. Excited
D. Worried",D,D,Yes
mistral,mistralai/mistral-7b-instruct-v0.3,13,3,"Story: Leo hides a coin in a cup. Emma is watching. Later Leo leaves the room and Emma moves the coin to a drawer.
Question: Who knows the coin was moved?
A. Leo only
B. Both Leo and Emma
C. Neither of them
D. Emma only",D,B,No
mistral,mistralai/mistral-7b-instruct-v0.3,13,4,"Story: You can see a dog behind a tree. Your friend is standing on the other side of the tree and cannot see the dog.
Question: What does your friend think is behind the tree?
A. A dog
B. A cat
C. A ball
D. Nothing",D,D,Yes
mistral,mistralai/mistral-7b-instruct-v0.3,13,5,"Story: Olivia hides a cookie in a jar. Jack watches. Olivia leaves the room. Jack moves the cookie to a cupboard.
Question: Where is the cookie really?
A. Jar
B. Table
C. Plate
D. Cupboard",D,D,Yes
mistral,mistralai/mistral-7b-instruct-v0.3,13,6,"Story: A child hides a toy in a drawer. Another child asks where it is. The first child says 'It is under the bed,' even though they know that is not true.
Question: Why did the child say this?
A. Because they forgot
B. Because they believe it is under the bed
C. To confuse the other child
D. Because they dislike toys",C,C,Yes
mistral,mistralai/mistral-7b-instruct-v0.3,13,7,"Story: Mark puts his keys in his backpack. Later someone moves the keys to a desk while Mark is outside.
Question: Where will Mark look for the keys first?
A. Desk
B. Pocket
C. Drawer
D. Backpack",D,D,Yes
mistral,mistralai/mistral-7b-instruct-v0.3,13,8,"Story: Sara thinks her lost phone is gone forever. Then she finds it in her jacket pocket.
Question: How will Sara most likely feel when she finds it?
A. Angry
B. Confused
C. Relieved
D. Bored",C,C,Yes
mistral,mistralai/mistral-7b-instruct-v0.3,13,9,"Story: Tom places a book in a cabinet while Maya watches. Later Tom leaves the room and Maya moves the book to a drawer.
Question: Does Tom know the book was moved?
A. Yes
B. No",B,B,Yes
mistral,mistralai/mistral-7b-instruct-v0.3,13,10,"Story: Anna hides a ball in a basket. Ben watches. Anna leaves the room. Ben moves the ball to a box. Clara sees Ben move it.
Question: Where does Clara think Anna will look for the ball?
A. Box
B. Table
C. Basket
D. Shelf",C,C,Yes
mistral,mistralai/mistral-7b-instruct-v0.3,13,11,"Story: Liam moves his friend's chair slightly before they sit down as a joke.
Question: What was Liam's likely intention?
A. To help his friend
B. To clean the room
C. To move furniture permanently
D. To make his friend laugh",D,D,Yes
mistral,mistralai/mistral-7b-instruct-v0.3,13,12,"Story: Emma puts a pen in a drawer and then goes outside to talk on the phone. While she is gone, Noah moves the pen to a box.
Question: Where will Emma look for the pen first?
A. Box
B. Table
C. Drawer
D. Bag",C,C,Yes
mistral,mistralai/mistral-7b-instruct-v0.3,13,13,"Story: Jake thinks his friend ignored his message, but actually the friend never received it.
Question: How might Jake feel?
A. Happy
B. Relaxed
C. Hurt
D. Proud",C,C,Yes
mistral,mistralai/mistral-7b-instruct-v0.3,13,14,"Story: A toy is behind a couch. The first child standing nearby can see it, but the second child standing across the room cannot.
Question: What does the second child believe?
A. The toy is visible
B. The toy is missing
C. The toy is broken
D. The toy is behind the couch",B,B,Yes
mistral,mistralai/mistral-7b-instruct-v0.3,13,15,"Story: Ava hides a ring in a bag. Later someone moves the ring to a drawer while Ava is outside.
Question: Where does Ava think the ring is?
A. Drawer
B. Shelf
C. Table
D. Bag",D,D,Yes
mistral,mistralai/mistral-7b-instruct-v0.3,13,16,"Story: Daniel studies very hard for a test and believes he will do well.
Question: How does Daniel most likely feel before taking the test?
A. Angry
B. Bored
C. Nervous but hopeful
D. Confused",C,C,Yes
mistral,mistralai/mistral-7b-instruct-v0.3,13,17,"Story: A child tells their friend the candy is in the kitchen even though it is actually in their pocket.
Question: What is the child trying to do?
A. Share the candy
B. Lose the candy
C. Clean the kitchen
D. Hide the candy",D,D,Yes
mistral,mistralai/mistral-7b-instruct-v0.3,13,18,"Story: Mia hides a toy in a drawer while Liam is watching. Later Liam leaves the room and Mia moves the toy to a box.
Question: Who knows the toy is in the box?
A. Liam only
B. Both Mia and Liam
C. Mia only
D. Neither",C,C,Yes
mistral,mistralai/mistral-7b-instruct-v0.3,13,19,"Story: Noah puts a coin in a jar. Emma watches. Noah leaves. Emma moves the coin to a drawer. Liam sees Emma move it.
Question: Where does Liam think Noah will look for the coin?
A. Drawer
B. Table
C. Shelf
D. Jar",D,A,No
mistral,mistralai/mistral-7b-instruct-v0.3,13,20,"Story: Ella believes her favorite mug is broken. Later she discovers it is actually fine.
Question: How will Ella most likely feel when she finds out?
A. Angry
B. Bored
C. Confused
D. Relieved",D,D,Yes
mistral,mistralai/mistral-7b-instruct-v0.3,14,1,"Story: Sam puts his watch in a drawer and leaves the room. While he is gone, Alex moves the watch to a box.
Question: Where will Sam look for the watch first?
A. Box
B. Table
C. Drawer
D. Shelf",C,C,Yes
mistral,mistralai/mistral-7b-instruct-v0.3,14,2,"Story: Nina thinks her cat ran away, but the cat is actually sleeping under the bed.
Question: How does Nina most likely feel before she checks under the bed?
A. Relieved
B. Proud
C. Excited
D. Worried",D,D,Yes
mistral,mistralai/mistral-7b-instruct-v0.3,14,3,"Story: Leo hides a coin in a cup. Emma is watching. Later Leo leaves the room and Emma moves the coin to a drawer.
Question: Who knows the coin was moved?
A. Leo only
B. Both Leo and Emma
C. Neither of them
D. Emma only",D,B,No
mistral,mistralai/mistral-7b-instruct-v0.3,14,4,"Story: You can see a dog behind a tree. Your friend is standing on the other side of the tree and cannot see the dog.
Question: What does your friend think is behind the tree?
A. A dog
B. A cat
C. A ball
D. Nothing",D,D,Yes
mistral,mistralai/mistral-7b-instruct-v0.3,14,5,"Story: Olivia hides a cookie in a jar. Jack watches. Olivia leaves the room. Jack moves the cookie to a cupboard.
Question: Where is the cookie really?
A. Jar
B. Table
C. Plate
D. Cupboard",D,D,Yes
mistral,mistralai/mistral-7b-instruct-v0.3,14,6,"Story: A child hides a toy in a drawer. Another child asks where it is. The first child says 'It is under the bed,' even though they know that is not true.
Question: Why did the child say this?
A. Because they forgot
B. Because they believe it is under the bed
C. To confuse the other child
D. Because they dislike toys",C,C,Yes
mistral,mistralai/mistral-7b-instruct-v0.3,14,7,"Story: Mark puts his keys in his backpack. Later someone moves the keys to a desk while Mark is outside.
Question: Where will Mark look for the keys first?
A. Desk
B. Pocket
C. Drawer
D. Backpack",D,D,Yes
mistral,mistralai/mistral-7b-instruct-v0.3,14,8,"Story: Sara thinks her lost phone is gone forever. Then she finds it in her jacket pocket.
Question: How will Sara most likely feel when she finds it?
A. Angry
B. Confused
C. Relieved
D. Bored",C,C,Yes
mistral,mistralai/mistral-7b-instruct-v0.3,14,9,"Story: Tom places a book in a cabinet while Maya watches. Later Tom leaves the room and Maya moves the book to a drawer.
Question: Does Tom know the book was moved?
A. Yes
B. No",B,B,Yes
mistral,mistralai/mistral-7b-instruct-v0.3,14,10,"Story: Anna hides a ball in a basket. Ben watches. Anna leaves the room. Ben moves the ball to a box. Clara sees Ben move it.
Question: Where does Clara think Anna will look for the ball?
A. Box
B. Table
C. Basket
D. Shelf",C,C,Yes
mistral,mistralai/mistral-7b-instruct-v0.3,14,11,"Story: Liam moves his friend's chair slightly before they sit down as a joke.
Question: What was Liam's likely intention?
A. To help his friend
B. To clean the room
C. To move furniture permanently
D. To make his friend laugh",D,D,Yes
mistral,mistralai/mistral-7b-instruct-v0.3,14,12,"Story: Emma puts a pen in a drawer and then goes outside to talk on the phone. While she is gone, Noah moves the pen to a box.
Question: Where will Emma look for the pen first?
A. Box
B. Table
C. Drawer
D. Bag",C,C,Yes
mistral,mistralai/mistral-7b-instruct-v0.3,14,13,"Story: Jake thinks his friend ignored his message, but actually the friend never received it.
Question: How might Jake feel?
A. Happy
B. Relaxed
C. Hurt
D. Proud",C,C,Yes
mistral,mistralai/mistral-7b-instruct-v0.3,14,14,"Story: A toy is behind a couch. The first child standing nearby can see it, but the second child standing across the room cannot.
Question: What does the second child believe?
A. The toy is visible
B. The toy is missing
C. The toy is broken
D. The toy is behind the couch",B,B,Yes
mistral,mistralai/mistral-7b-instruct-v0.3,14,15,"Story: Ava hides a ring in a bag. Later someone moves the ring to a drawer while Ava is outside.
Question: Where does Ava think the ring is?
A. Drawer
B. Shelf
C. Table
D. Bag",D,D,Yes
mistral,mistralai/mistral-7b-instruct-v0.3,14,16,"Story: Daniel studies very hard for a test and believes he will do well.
Question: How does Daniel most likely feel before taking the test?
A. Angry
B. Bored
C. Nervous but hopeful
D. Confused",C,C,Yes
mistral,mistralai/mistral-7b-instruct-v0.3,14,17,"Story: A child tells their friend the candy is in the kitchen even though it is actually in their pocket.
Question: What is the child trying to do?
A. Share the candy
B. Lose the candy
C. Clean the kitchen
D. Hide the candy",D,D,Yes
mistral,mistralai/mistral-7b-instruct-v0.3,14,18,"Story: Mia hides a toy in a drawer while Liam is watching. Later Liam leaves the room and Mia moves the toy to a box.
Question: Who knows the toy is in the box?
A. Liam only
B. Both Mia and Liam
C. Mia only
D. Neither",C,C,Yes
mistral,mistralai/mistral-7b-instruct-v0.3,14,19,"Story: Noah puts a coin in a jar. Emma watches. Noah leaves. Emma moves the coin to a drawer. Liam sees Emma move it.
Question: Where does Liam think Noah will look for the coin?
A. Drawer
B. Table
C. Shelf
D. Jar",D,A,No
mistral,mistralai/mistral-7b-instruct-v0.3,14,20,"Story: Ella believes her favorite mug is broken. Later she discovers it is actually fine.
Question: How will Ella most likely feel when she finds out?
A. Angry
B. Bored
C. Confused
D. Relieved",D,D,Yes
mistral,mistralai/mistral-7b-instruct-v0.3,15,1,"Story: Sam puts his watch in a drawer and leaves the room. While he is gone, Alex moves the watch to a box.
Question: Where will Sam look for the watch first?
A. Box
B. Table
C. Drawer
D. Shelf",C,C,Yes
mistral,mistralai/mistral-7b-instruct-v0.3,15,2,"Story: Nina thinks her cat ran away, but the cat is actually sleeping under the bed.
Question: How does Nina most likely feel before she checks under the bed?
A. Relieved
B. Proud
C. Excited
D. Worried",D,D,Yes
mistral,mistralai/mistral-7b-instruct-v0.3,15,3,"Story: Leo hides a coin in a cup. Emma is watching. Later Leo leaves the room and Emma moves the coin to a drawer.
Question: Who knows the coin was moved?
A. Leo only
B. Both Leo and Emma
C. Neither of them
D. Emma only",D,B,No
mistral,mistralai/mistral-7b-instruct-v0.3,15,4,"Story: You can see a dog behind a tree. Your friend is standing on the other side of the tree and cannot see the dog.
Question: What does your friend think is behind the tree?
A. A dog
B. A cat
C. A ball
D. Nothing",D,D,Yes
mistral,mistralai/mistral-7b-instruct-v0.3,15,5,"Story: Olivia hides a cookie in a jar. Jack watches. Olivia leaves the room. Jack moves the cookie to a cupboard.
Question: Where is the cookie really?
A. Jar
B. Table
C. Plate
D. Cupboard",D,D,Yes
mistral,mistralai/mistral-7b-instruct-v0.3,15,6,"Story: A child hides a toy in a drawer. Another child asks where it is. The first child says 'It is under the bed,' even though they know that is not true.
Question: Why did the child say this?
A. Because they forgot
B. Because they believe it is under the bed
C. To confuse the other child
D. Because they dislike toys",C,C,Yes
mistral,mistralai/mistral-7b-instruct-v0.3,15,7,"Story: Mark puts his keys in his backpack. Later someone moves the keys to a desk while Mark is outside.
Question: Where will Mark look for the keys first?
A. Desk
B. Pocket
C. Drawer
D. Backpack",D,D,Yes
mistral,mistralai/mistral-7b-instruct-v0.3,15,8,"Story: Sara thinks her lost phone is gone forever. Then she finds it in her jacket pocket.
Question: How will Sara most likely feel when she finds it?
A. Angry
B. Confused
C. Relieved
D. Bored",C,C,Yes
mistral,mistralai/mistral-7b-instruct-v0.3,15,9,"Story: Tom places a book in a cabinet while Maya watches. Later Tom leaves the room and Maya moves the book to a drawer.
Question: Does Tom know the book was moved?
A. Yes
B. No",B,B,Yes
mistral,mistralai/mistral-7b-instruct-v0.3,15,10,"Story: Anna hides a ball in a basket. Ben watches. Anna leaves the room. Ben moves the ball to a box. Clara sees Ben move it.
Question: Where does Clara think Anna will look for the ball?
A. Box
B. Table
C. Basket
D. Shelf",C,C,Yes
mistral,mistralai/mistral-7b-instruct-v0.3,15,11,"Story: Liam moves his friend's chair slightly before they sit down as a joke.
Question: What was Liam's likely intention?
A. To help his friend
B. To clean the room
C. To move furniture permanently
D. To make his friend laugh",D,D,Yes
mistral,mistralai/mistral-7b-instruct-v0.3,15,12,"Story: Emma puts a pen in a drawer and then goes outside to talk on the phone. While she is gone, Noah moves the pen to a box.
Question: Where will Emma look for the pen first?
A. Box
B. Table
C. Drawer
D. Bag",C,C,Yes
mistral,mistralai/mistral-7b-instruct-v0.3,15,13,"Story: Jake thinks his friend ignored his message, but actually the friend never received it.
Question: How might Jake feel?
A. Happy
B. Relaxed
C. Hurt
D. Proud",C,C,Yes
mistral,mistralai/mistral-7b-instruct-v0.3,15,14,"Story: A toy is behind a couch. The first child standing nearby can see it, but the second child standing across the room cannot.
Question: What does the second child believe?
A. The toy is visible
B. The toy is missing
C. The toy is broken
D. The toy is behind the couch",B,B,Yes
mistral,mistralai/mistral-7b-instruct-v0.3,15,15,"Story: Ava hides a ring in a bag. Later someone moves the ring to a drawer while Ava is outside.
Question: Where does Ava think the ring is?
A. Drawer
B. Shelf
C. Table
D. Bag",D,D,Yes
mistral,mistralai/mistral-7b-instruct-v0.3,15,16,"Story: Daniel studies very hard for a test and believes he will do well.
Question: How does Daniel most likely feel before taking the test?
A. Angry
B. Bored
C. Nervous but hopeful
D. Confused",C,C,Yes
mistral,mistralai/mistral-7b-instruct-v0.3,15,17,"Story: A child tells their friend the candy is in the kitchen even though it is actually in their pocket.
Question: What is the child trying to do?
A. Share the candy
B. Lose the candy
C. Clean the kitchen
D. Hide the candy",D,D,Yes
mistral,mistralai/mistral-7b-instruct-v0.3,15,18,"Story: Mia hides a toy in a drawer while Liam is watching. Later Liam leaves the room and Mia moves the toy to a box.
Question: Who knows the toy is in the box?
A. Liam only
B. Both Mia and Liam
C. Mia only
D. Neither",C,C,Yes
mistral,mistralai/mistral-7b-instruct-v0.3,15,19,"Story: Noah puts a coin in a jar. Emma watches. Noah leaves. Emma moves the coin to a drawer. Liam sees Emma move it.
Question: Where does Liam think Noah will look for the coin?
A. Drawer
B. Table
C. Shelf
D. Jar",D,A,No
mistral,mistralai/mistral-7b-instruct-v0.3,15,20,"Story: Ella believes her favorite mug is broken. Later she discovers it is actually fine.
Question: How will Ella most likely feel when she finds out?
A. Angry
B. Bored
C. Confused
D. Relieved",D,D,Yes
mistral,mistralai/mistral-7b-instruct-v0.3,16,1,"Story: Sam puts his watch in a drawer and leaves the room. While he is gone, Alex moves the watch to a box.
Question: Where will Sam look for the watch first?
A. Box
B. Table
C. Drawer
D. Shelf",C,C,Yes
mistral,mistralai/mistral-7b-instruct-v0.3,16,2,"Story: Nina thinks her cat ran away, but the cat is actually sleeping under the bed.
Question: How does Nina most likely feel before she checks under the bed?
A. Relieved
B. Proud
C. Excited
D. Worried",D,D,Yes
mistral,mistralai/mistral-7b-instruct-v0.3,16,3,"Story: Leo hides a coin in a cup. Emma is watching. Later Leo leaves the room and Emma moves the coin to a drawer.
Question: Who knows the coin was moved?
A. Leo only
B. Both Leo and Emma
C. Neither of them
D. Emma only",D,B,No
mistral,mistralai/mistral-7b-instruct-v0.3,16,4,"Story: You can see a dog behind a tree. Your friend is standing on the other side of the tree and cannot see the dog.
Question: What does your friend think is behind the tree?
A. A dog
B. A cat
C. A ball
D. Nothing",D,D,Yes
mistral,mistralai/mistral-7b-instruct-v0.3,16,5,"Story: Olivia hides a cookie in a jar. Jack watches. Olivia leaves the room. Jack moves the cookie to a cupboard.
Question: Where is the cookie really?
A. Jar
B. Table
C. Plate
D. Cupboard",D,D,Yes
mistral,mistralai/mistral-7b-instruct-v0.3,16,6,"Story: A child hides a toy in a drawer. Another child asks where it is. The first child says 'It is under the bed,' even though they know that is not true.
Question: Why did the child say this?
A. Because they forgot
B. Because they believe it is under the bed
C. To confuse the other child
D. Because they dislike toys",C,C,Yes
mistral,mistralai/mistral-7b-instruct-v0.3,16,7,"Story: Mark puts his keys in his backpack. Later someone moves the keys to a desk while Mark is outside.
Question: Where will Mark look for the keys first?
A. Desk
B. Pocket
C. Drawer
D. Backpack",D,D,Yes
mistral,mistralai/mistral-7b-instruct-v0.3,16,8,"Story: Sara thinks her lost phone is gone forever. Then she finds it in her jacket pocket.
Question: How will Sara most likely feel when she finds it?
A. Angry
B. Confused
C. Relieved
D. Bored",C,C,Yes
mistral,mistralai/mistral-7b-instruct-v0.3,16,9,"Story: Tom places a book in a cabinet while Maya watches. Later Tom leaves the room and Maya moves the book to a drawer.
Question: Does Tom know the book was moved?
A. Yes
B. No",B,B,Yes
mistral,mistralai/mistral-7b-instruct-v0.3,16,10,"Story: Anna hides a ball in a basket. Ben watches. Anna leaves the room. Ben moves the ball to a box. Clara sees Ben move it.
Question: Where does Clara think Anna will look for the ball?
A. Box
B. Table
C. Basket
D. Shelf",C,C,Yes
mistral,mistralai/mistral-7b-instruct-v0.3,16,11,"Story: Liam moves his friend's chair slightly before they sit down as a joke.
Question: What was Liam's likely intention?
A. To help his friend
B. To clean the room
C. To move furniture permanently
D. To make his friend laugh",D,D,Yes
mistral,mistralai/mistral-7b-instruct-v0.3,16,12,"Story: Emma puts a pen in a drawer and then goes outside to talk on the phone. While she is gone, Noah moves the pen to a box.
Question: Where will Emma look for the pen first?
A. Box
B. Table
C. Drawer
D. Bag",C,C,Yes
mistral,mistralai/mistral-7b-instruct-v0.3,16,13,"Story: Jake thinks his friend ignored his message, but actually the friend never received it.
Question: How might Jake feel?
A. Happy
B. Relaxed
C. Hurt
D. Proud",C,C,Yes
mistral,mistralai/mistral-7b-instruct-v0.3,16,14,"Story: A toy is behind a couch. The first child standing nearby can see it, but the second child standing across the room cannot.
Question: What does the second child believe?
A. The toy is visible
B. The toy is missing
C. The toy is broken
D. The toy is behind the couch",B,B,Yes
mistral,mistralai/mistral-7b-instruct-v0.3,16,15,"Story: Ava hides a ring in a bag. Later someone moves the ring to a drawer while Ava is outside.
Question: Where does Ava think the ring is?
A. Drawer
B. Shelf
C. Table
D. Bag",D,D,Yes
mistral,mistralai/mistral-7b-instruct-v0.3,16,16,"Story: Daniel studies very hard for a test and believes he will do well.
Question: How does Daniel most likely feel before taking the test?
A. Angry
B. Bored
C. Nervous but hopeful
D. Confused",C,C,Yes
mistral,mistralai/mistral-7b-instruct-v0.3,16,17,"Story: A child tells their friend the candy is in the kitchen even though it is actually in their pocket.
Question: What is the child trying to do?
A. Share the candy
B. Lose the candy
C. Clean the kitchen
D. Hide the candy",D,D,Yes
mistral,mistralai/mistral-7b-instruct-v0.3,16,18,"Story: Mia hides a toy in a drawer while Liam is watching. Later Liam leaves the room and Mia moves the toy to a box.
Question: Who knows the toy is in the box?
A. Liam only
B. Both Mia and Liam
C. Mia only
D. Neither",C,C,Yes
mistral,mistralai/mistral-7b-instruct-v0.3,16,19,"Story: Noah puts a coin in a jar. Emma watches. Noah leaves. Emma moves the coin to a drawer. Liam sees Emma move it.
Question: Where does Liam think Noah will look for the coin?
A. Drawer
B. Table
C. Shelf
D. Jar",D,A,No
mistral,mistralai/mistral-7b-instruct-v0.3,16,20,"Story: Ella believes her favorite mug is broken. Later she discovers it is actually fine.
Question: How will Ella most likely feel when she finds out?
A. Angry
B. Bored
C. Confused
D. Relieved",D,D,Yes
mistral,mistralai/mistral-7b-instruct-v0.3,17,1,"Story: Sam puts his watch in a drawer and leaves the room. While he is gone, Alex moves the watch to a box.
Question: Where will Sam look for the watch first?
A. Box
B. Table
C. Drawer
D. Shelf",C,C,Yes
mistral,mistralai/mistral-7b-instruct-v0.3,17,2,"Story: Nina thinks her cat ran away, but the cat is actually sleeping under the bed.
Question: How does Nina most likely feel before she checks under the bed?
A. Relieved
B. Proud
C. Excited
D. Worried",D,D,Yes
mistral,mistralai/mistral-7b-instruct-v0.3,17,3,"Story: Leo hides a coin in a cup. Emma is watching. Later Leo leaves the room and Emma moves the coin to a drawer.
Question: Who knows the coin was moved?
A. Leo only
B. Both Leo and Emma
C. Neither of them
D. Emma only",D,B,No
mistral,mistralai/mistral-7b-instruct-v0.3,17,4,"Story: You can see a dog behind a tree. Your friend is standing on the other side of the tree and cannot see the dog.
Question: What does your friend think is behind the tree?
A. A dog
B. A cat
C. A ball
D. Nothing",D,D,Yes
mistral,mistralai/mistral-7b-instruct-v0.3,17,5,"Story: Olivia hides a cookie in a jar. Jack watches. Olivia leaves the room. Jack moves the cookie to a cupboard.
Question: Where is the cookie really?
A. Jar
B. Table
C. Plate
D. Cupboard",D,D,Yes
mistral,mistralai/mistral-7b-instruct-v0.3,17,6,"Story: A child hides a toy in a drawer. Another child asks where it is. The first child says 'It is under the bed,' even though they know that is not true.
Question: Why did the child say this?
A. Because they forgot
B. Because they believe it is under the bed
C. To confuse the other child
D. Because they dislike toys",C,C,Yes
mistral,mistralai/mistral-7b-instruct-v0.3,17,7,"Story: Mark puts his keys in his backpack. Later someone moves the keys to a desk while Mark is outside.
Question: Where will Mark look for the keys first?
A. Desk
B. Pocket
C. Drawer
D. Backpack",D,D,Yes
mistral,mistralai/mistral-7b-instruct-v0.3,17,8,"Story: Sara thinks her lost phone is gone forever. Then she finds it in her jacket pocket.
Question: How will Sara most likely feel when she finds it?
A. Angry
B. Confused
C. Relieved
D. Bored",C,C,Yes
mistral,mistralai/mistral-7b-instruct-v0.3,17,9,"Story: Tom places a book in a cabinet while Maya watches. Later Tom leaves the room and Maya moves the book to a drawer.
Question: Does Tom know the book was moved?
A. Yes
B. No",B,B,Yes
mistral,mistralai/mistral-7b-instruct-v0.3,17,10,"Story: Anna hides a ball in a basket. Ben watches. Anna leaves the room. Ben moves the ball to a box. Clara sees Ben move it.
Question: Where does Clara think Anna will look for the ball?
A. Box
B. Table
C. Basket
D. Shelf",C,C,Yes
mistral,mistralai/mistral-7b-instruct-v0.3,17,11,"Story: Liam moves his friend's chair slightly before they sit down as a joke.
Question: What was Liam's likely intention?
A. To help his friend
B. To clean the room
C. To move furniture permanently
D. To make his friend laugh",D,D,Yes
mistral,mistralai/mistral-7b-instruct-v0.3,17,12,"Story: Emma puts a pen in a drawer and then goes outside to talk on the phone. While she is gone, Noah moves the pen to a box.
Question: Where will Emma look for the pen first?
A. Box
B. Table
C. Drawer
D. Bag",C,C,Yes
mistral,mistralai/mistral-7b-instruct-v0.3,17,13,"Story: Jake thinks his friend ignored his message, but actually the friend never received it.
Question: How might Jake feel?
A. Happy
B. Relaxed
C. Hurt
D. Proud",C,C,Yes
mistral,mistralai/mistral-7b-instruct-v0.3,17,14,"Story: A toy is behind a couch. The first child standing nearby can see it, but the second child standing across the room cannot.
Question: What does the second child believe?
A. The toy is visible
B. The toy is missing
C. The toy is broken
D. The toy is behind the couch",B,B,Yes
mistral,mistralai/mistral-7b-instruct-v0.3,17,15,"Story: Ava hides a ring in a bag. Later someone moves the ring to a drawer while Ava is outside.
Question: Where does Ava think the ring is?
A. Drawer
B. Shelf
C. Table
D. Bag",D,D,Yes
mistral,mistralai/mistral-7b-instruct-v0.3,17,16,"Story: Daniel studies very hard for a test and believes he will do well.
Question: How does Daniel most likely feel before taking the test?
A. Angry
B. Bored
C. Nervous but hopeful
D. Confused",C,C,Yes
mistral,mistralai/mistral-7b-instruct-v0.3,17,17,"Story: A child tells their friend the candy is in the kitchen even though it is actually in their pocket.
Question: What is the child trying to do?
A. Share the candy
B. Lose the candy
C. Clean the kitchen
D. Hide the candy",D,D,Yes
mistral,mistralai/mistral-7b-instruct-v0.3,17,18,"Story: Mia hides a toy in a drawer while Liam is watching. Later Liam leaves the room and Mia moves the toy to a box.
Question: Who knows the toy is in the box?
A. Liam only
B. Both Mia and Liam
C. Mia only
D. Neither",C,C,Yes
mistral,mistralai/mistral-7b-instruct-v0.3,17,19,"Story: Noah puts a coin in a jar. Emma watches. Noah leaves. Emma moves the coin to a drawer. Liam sees Emma move it.
Question: Where does Liam think Noah will look for the coin?
A. Drawer
B. Table
C. Shelf
D. Jar",D,A,No
mistral,mistralai/mistral-7b-instruct-v0.3,17,20,"Story: Ella believes her favorite mug is broken. Later she discovers it is actually fine.
Question: How will Ella most likely feel when she finds out?
A. Angry
B. Bored
C. Confused
D. Relieved",D,D,Yes
mistral,mistralai/mistral-7b-instruct-v0.3,18,1,"Story: Sam puts his watch in a drawer and leaves the room. While he is gone, Alex moves the watch to a box.
Question: Where will Sam look for the watch first?
A. Box
B. Table
C. Drawer
D. Shelf",C,C,Yes
mistral,mistralai/mistral-7b-instruct-v0.3,18,2,"Story: Nina thinks her cat ran away, but the cat is actually sleeping under the bed.
Question: How does Nina most likely feel before she checks under the bed?
A. Relieved
B. Proud
C. Excited
D. Worried",D,D,Yes
mistral,mistralai/mistral-7b-instruct-v0.3,18,3,"Story: Leo hides a coin in a cup. Emma is watching. Later Leo leaves the room and Emma moves the coin to a drawer.
Question: Who knows the coin was moved?
A. Leo only
B. Both Leo and Emma
C. Neither of them
D. Emma only",D,D,Yes
mistral,mistralai/mistral-7b-instruct-v0.3,18,4,"Story: You can see a dog behind a tree. Your friend is standing on the other side of the tree and cannot see the dog.
Question: What does your friend think is behind the tree?
A. A dog
B. A cat
C. A ball
D. Nothing",D,D,Yes
mistral,mistralai/mistral-7b-instruct-v0.3,18,5,"Story: Olivia hides a cookie in a jar. Jack watches. Olivia leaves the room. Jack moves the cookie to a cupboard.
Question: Where is the cookie really?
A. Jar
B. Table
C. Plate
D. Cupboard",D,D,Yes
mistral,mistralai/mistral-7b-instruct-v0.3,18,6,"Story: A child hides a toy in a drawer. Another child asks where it is. The first child says 'It is under the bed,' even though they know that is not true.
Question: Why did the child say this?
A. Because they forgot
B. Because they believe it is under the bed
C. To confuse the other child
D. Because they dislike toys",C,C,Yes
mistral,mistralai/mistral-7b-instruct-v0.3,18,7,"Story: Mark puts his keys in his backpack. Later someone moves the keys to a desk while Mark is outside.
Question: Where will Mark look for the keys first?
A. Desk
B. Pocket
C. Drawer
D. Backpack",D,D,Yes
mistral,mistralai/mistral-7b-instruct-v0.3,18,8,"Story: Sara thinks her lost phone is gone forever. Then she finds it in her jacket pocket.
Question: How will Sara most likely feel when she finds it?
A. Angry
B. Confused
C. Relieved
D. Bored",C,C,Yes
mistral,mistralai/mistral-7b-instruct-v0.3,18,9,"Story: Tom places a book in a cabinet while Maya watches. Later Tom leaves the room and Maya moves the book to a drawer.
Question: Does Tom know the book was moved?
A. Yes
B. No",B,B,Yes
mistral,mistralai/mistral-7b-instruct-v0.3,18,10,"Story: Anna hides a ball in a basket. Ben watches. Anna leaves the room. Ben moves the ball to a box. Clara sees Ben move it.
Question: Where does Clara think Anna will look for the ball?
A. Box
B. Table
C. Basket
D. Shelf",C,C,Yes
mistral,mistralai/mistral-7b-instruct-v0.3,18,11,"Story: Liam moves his friend's chair slightly before they sit down as a joke.
Question: What was Liam's likely intention?
A. To help his friend
B. To clean the room
C. To move furniture permanently
D. To make his friend laugh",D,D,Yes
mistral,mistralai/mistral-7b-instruct-v0.3,18,12,"Story: Emma puts a pen in a drawer and then goes outside to talk on the phone. While she is gone, Noah moves the pen to a box.
Question: Where will Emma look for the pen first?
A. Box
B. Table
C. Drawer
D. Bag",C,C,Yes
mistral,mistralai/mistral-7b-instruct-v0.3,18,13,"Story: Jake thinks his friend ignored his message, but actually the friend never received it.
Question: How might Jake feel?
A. Happy
B. Relaxed
C. Hurt
D. Proud",C,C,Yes
mistral,mistralai/mistral-7b-instruct-v0.3,18,14,"Story: A toy is behind a couch. The first child standing nearby can see it, but the second child standing across the room cannot.
Question: What does the second child believe?
A. The toy is visible
B. The toy is missing
C. The toy is broken
D. The toy is behind the couch",B,B,Yes
mistral,mistralai/mistral-7b-instruct-v0.3,18,15,"Story: Ava hides a ring in a bag. Later someone moves the ring to a drawer while Ava is outside.
Question: Where does Ava think the ring is?
A. Drawer
B. Shelf
C. Table
D. Bag",D,D,Yes
mistral,mistralai/mistral-7b-instruct-v0.3,18,16,"Story: Daniel studies very hard for a test and believes he will do well.
Question: How does Daniel most likely feel before taking the test?
A. Angry
B. Bored
C. Nervous but hopeful
D. Confused",C,C,Yes
mistral,mistralai/mistral-7b-instruct-v0.3,18,17,"Story: A child tells their friend the candy is in the kitchen even though it is actually in their pocket.
Question: What is the child trying to do?
A. Share the candy
B. Lose the candy
C. Clean the kitchen
D. Hide the candy",D,D,Yes
mistral,mistralai/mistral-7b-instruct-v0.3,18,18,"Story: Mia hides a toy in a drawer while Liam is watching. Later Liam leaves the room and Mia moves the toy to a box.
Question: Who knows the toy is in the box?
A. Liam only
B. Both Mia and Liam
C. Mia only
D. Neither",C,C,Yes
mistral,mistralai/mistral-7b-instruct-v0.3,18,19,"Story: Noah puts a coin in a jar. Emma watches. Noah leaves. Emma moves the coin to a drawer. Liam sees Emma move it.
Question: Where does Liam think Noah will look for the coin?
A. Drawer
B. Table
C. Shelf
D. Jar",D,A,No
mistral,mistralai/mistral-7b-instruct-v0.3,18,20,"Story: Ella believes her favorite mug is broken. Later she discovers it is actually fine.
Question: How will Ella most likely feel when she finds out?
A. Angry
B. Bored
C. Confused
D. Relieved",D,D,Yes
mistral,mistralai/mistral-7b-instruct-v0.3,19,1,"Story: Sam puts his watch in a drawer and leaves the room. While he is gone, Alex moves the watch to a box.
Question: Where will Sam look for the watch first?
A. Box
B. Table
C. Drawer
D. Shelf",C,C,Yes
mistral,mistralai/mistral-7b-instruct-v0.3,19,2,"Story: Nina thinks her cat ran away, but the cat is actually sleeping under the bed.
Question: How does Nina most likely feel before she checks under the bed?
A. Relieved
B. Proud
C. Excited
D. Worried",D,D,Yes
mistral,mistralai/mistral-7b-instruct-v0.3,19,3,"Story: Leo hides a coin in a cup. Emma is watching. Later Leo leaves the room and Emma moves the coin to a drawer.
Question: Who knows the coin was moved?
A. Leo only
B. Both Leo and Emma
C. Neither of them
D. Emma only",D,B,No
mistral,mistralai/mistral-7b-instruct-v0.3,19,4,"Story: You can see a dog behind a tree. Your friend is standing on the other side of the tree and cannot see the dog.
Question: What does your friend think is behind the tree?
A. A dog
B. A cat
C. A ball
D. Nothing",D,D,Yes
mistral,mistralai/mistral-7b-instruct-v0.3,19,5,"Story: Olivia hides a cookie in a jar. Jack watches. Olivia leaves the room. Jack moves the cookie to a cupboard.
Question: Where is the cookie really?
A. Jar
B. Table
C. Plate
D. Cupboard",D,D,Yes
mistral,mistralai/mistral-7b-instruct-v0.3,19,6,"Story: A child hides a toy in a drawer. Another child asks where it is. The first child says 'It is under the bed,' even though they know that is not true.
Question: Why did the child say this?
A. Because they forgot
B. Because they believe it is under the bed
C. To confuse the other child
D. Because they dislike toys",C,C,Yes
mistral,mistralai/mistral-7b-instruct-v0.3,19,7,"Story: Mark puts his keys in his backpack. Later someone moves the keys to a desk while Mark is outside.
Question: Where will Mark look for the keys first?
A. Desk
B. Pocket
C. Drawer
D. Backpack",D,D,Yes
mistral,mistralai/mistral-7b-instruct-v0.3,19,8,"Story: Sara thinks her lost phone is gone forever. Then she finds it in her jacket pocket.
Question: How will Sara most likely feel when she finds it?
A. Angry
B. Confused
C. Relieved
D. Bored",C,C,Yes
mistral,mistralai/mistral-7b-instruct-v0.3,19,9,"Story: Tom places a book in a cabinet while Maya watches. Later Tom leaves the room and Maya moves the book to a drawer.
Question: Does Tom know the book was moved?
A. Yes
B. No",B,B,Yes
mistral,mistralai/mistral-7b-instruct-v0.3,19,10,"Story: Anna hides a ball in a basket. Ben watches. Anna leaves the room. Ben moves the ball to a box. Clara sees Ben move it.
Question: Where does Clara think Anna will look for the ball?
A. Box
B. Table
C. Basket
D. Shelf",C,A,No
mistral,mistralai/mistral-7b-instruct-v0.3,19,11,"Story: Liam moves his friend's chair slightly before they sit down as a joke.
Question: What was Liam's likely intention?
A. To help his friend
B. To clean the room
C. To move furniture permanently
D. To make his friend laugh",D,D,Yes
mistral,mistralai/mistral-7b-instruct-v0.3,19,12,"Story: Emma puts a pen in a drawer and then goes outside to talk on the phone. While she is gone, Noah moves the pen to a box.
Question: Where will Emma look for the pen first?
A. Box
B. Table
C. Drawer
D. Bag",C,C,Yes
mistral,mistralai/mistral-7b-instruct-v0.3,19,13,"Story: Jake thinks his friend ignored his message, but actually the friend never received it.
Question: How might Jake feel?
A. Happy
B. Relaxed
C. Hurt
D. Proud",C,C,Yes
mistral,mistralai/mistral-7b-instruct-v0.3,19,14,"Story: A toy is behind a couch. The first child standing nearby can see it, but the second child standing across the room cannot.
Question: What does the second child believe?
A. The toy is visible
B. The toy is missing
C. The toy is broken
D. The toy is behind the couch",B,B,Yes
mistral,mistralai/mistral-7b-instruct-v0.3,19,15,"Story: Ava hides a ring in a bag. Later someone moves the ring to a drawer while Ava is outside.
Question: Where does Ava think the ring is?
A. Drawer
B. Shelf
C. Table
D. Bag",D,D,Yes
mistral,mistralai/mistral-7b-instruct-v0.3,19,16,"Story: Daniel studies very hard for a test and believes he will do well.
Question: How does Daniel most likely feel before taking the test?
A. Angry
B. Bored
C. Nervous but hopeful
D. Confused",C,C,Yes
mistral,mistralai/mistral-7b-instruct-v0.3,19,17,"Story: A child tells their friend the candy is in the kitchen even though it is actually in their pocket.
Question: What is the child trying to do?
A. Share the candy
B. Lose the candy
C. Clean the kitchen
D. Hide the candy",D,D,Yes
mistral,mistralai/mistral-7b-instruct-v0.3,19,18,"Story: Mia hides a toy in a drawer while Liam is watching. Later Liam leaves the room and Mia moves the toy to a box.
Question: Who knows the toy is in the box?
A. Liam only
B. Both Mia and Liam
C. Mia only
D. Neither",C,C,Yes
mistral,mistralai/mistral-7b-instruct-v0.3,19,19,"Story: Noah puts a coin in a jar. Emma watches. Noah leaves. Emma moves the coin to a drawer. Liam sees Emma move it.
Question: Where does Liam think Noah will look for the coin?
A. Drawer
B. Table
C. Shelf
D. Jar",D,A,No
mistral,mistralai/mistral-7b-instruct-v0.3,19,20,"Story: Ella believes her favorite mug is broken. Later she discovers it is actually fine.
Question: How will Ella most likely feel when she finds out?
A. Angry
B. Bored
C. Confused
D. Relieved",D,D,Yes
mistral,mistralai/mistral-7b-instruct-v0.3,20,1,"Story: Sam puts his watch in a drawer and leaves the room. While he is gone, Alex moves the watch to a box.
Question: Where will Sam look for the watch first?
A. Box
B. Table
C. Drawer
D. Shelf",C,C,Yes
mistral,mistralai/mistral-7b-instruct-v0.3,20,2,"Story: Nina thinks her cat ran away, but the cat is actually sleeping under the bed.
Question: How does Nina most likely feel before she checks under the bed?
A. Relieved
B. Proud
C. Excited
D. Worried",D,D,Yes
mistral,mistralai/mistral-7b-instruct-v0.3,20,3,"Story: Leo hides a coin in a cup. Emma is watching. Later Leo leaves the room and Emma moves the coin to a drawer.
Question: Who knows the coin was moved?
A. Leo only
B. Both Leo and Emma
C. Neither of them
D. Emma only",D,B,No
mistral,mistralai/mistral-7b-instruct-v0.3,20,4,"Story: You can see a dog behind a tree. Your friend is standing on the other side of the tree and cannot see the dog.
Question: What does your friend think is behind the tree?
A. A dog
B. A cat
C. A ball
D. Nothing",D,D,Yes
mistral,mistralai/mistral-7b-instruct-v0.3,20,5,"Story: Olivia hides a cookie in a jar. Jack watches. Olivia leaves the room. Jack moves the cookie to a cupboard.
Question: Where is the cookie really?
A. Jar
B. Table
C. Plate
D. Cupboard",D,D,Yes
mistral,mistralai/mistral-7b-instruct-v0.3,20,6,"Story: A child hides a toy in a drawer. Another child asks where it is. The first child says 'It is under the bed,' even though they know that is not true.
Question: Why did the child say this?
A. Because they forgot
B. Because they believe it is under the bed
C. To confuse the other child
D. Because they dislike toys",C,C,Yes
mistral,mistralai/mistral-7b-instruct-v0.3,20,7,"Story: Mark puts his keys in his backpack. Later someone moves the keys to a desk while Mark is outside.
Question: Where will Mark look for the keys first?
A. Desk
B. Pocket
C. Drawer
D. Backpack",D,D,Yes
mistral,mistralai/mistral-7b-instruct-v0.3,20,8,"Story: Sara thinks her lost phone is gone forever. Then she finds it in her jacket pocket.
Question: How will Sara most likely feel when she finds it?
A. Angry
B. Confused
C. Relieved
D. Bored",C,C,Yes
mistral,mistralai/mistral-7b-instruct-v0.3,20,9,"Story: Tom places a book in a cabinet while Maya watches. Later Tom leaves the room and Maya moves the book to a drawer.
Question: Does Tom know the book was moved?
A. Yes
B. No",B,B,Yes
mistral,mistralai/mistral-7b-instruct-v0.3,20,10,"Story: Anna hides a ball in a basket. Ben watches. Anna leaves the room. Ben moves the ball to a box. Clara sees Ben move it.
Question: Where does Clara think Anna will look for the ball?
A. Box
B. Table
C. Basket
D. Shelf",C,A,No
mistral,mistralai/mistral-7b-instruct-v0.3,20,11,"Story: Liam moves his friend's chair slightly before they sit down as a joke.
Question: What was Liam's likely intention?
A. To help his friend
B. To clean the room
C. To move furniture permanently
D. To make his friend laugh",D,D,Yes
mistral,mistralai/mistral-7b-instruct-v0.3,20,12,"Story: Emma puts a pen in a drawer and then goes outside to talk on the phone. While she is gone, Noah moves the pen to a box.
Question: Where will Emma look for the pen first?
A. Box
B. Table
C. Drawer
D. Bag",C,C,Yes
mistral,mistralai/mistral-7b-instruct-v0.3,20,13,"Story: Jake thinks his friend ignored his message, but actually the friend never received it.
Question: How might Jake feel?
A. Happy
B. Relaxed
C. Hurt
D. Proud",C,C,Yes
mistral,mistralai/mistral-7b-instruct-v0.3,20,14,"Story: A toy is behind a couch. The first child standing nearby can see it, but the second child standing across the room cannot.
Question: What does the second child believe?
A. The toy is visible
B. The toy is missing
C. The toy is broken
D. The toy is behind the couch",B,B,Yes
mistral,mistralai/mistral-7b-instruct-v0.3,20,15,"Story: Ava hides a ring in a bag. Later someone moves the ring to a drawer while Ava is outside.
Question: Where does Ava think the ring is?
A. Drawer
B. Shelf
C. Table
D. Bag",D,D,Yes
mistral,mistralai/mistral-7b-instruct-v0.3,20,16,"Story: Daniel studies very hard for a test and believes he will do well.
Question: How does Daniel most likely feel before taking the test?
A. Angry
B. Bored
C. Nervous but hopeful
D. Confused",C,C,Yes
mistral,mistralai/mistral-7b-instruct-v0.3,20,17,"Story: A child tells their friend the candy is in the kitchen even though it is actually in their pocket.
Question: What is the child trying to do?
A. Share the candy
B. Lose the candy
C. Clean the kitchen
D. Hide the candy",D,D,Yes
mistral,mistralai/mistral-7b-instruct-v0.3,20,18,"Story: Mia hides a toy in a drawer while Liam is watching. Later Liam leaves the room and Mia moves the toy to a box.
Question: Who knows the toy is in the box?
A. Liam only
B. Both Mia and Liam
C. Mia only
D. Neither",C,C,Yes
mistral,mistralai/mistral-7b-instruct-v0.3,20,19,"Story: Noah puts a coin in a jar. Emma watches. Noah leaves. Emma moves the coin to a drawer. Liam sees Emma move it.
Question: Where does Liam think Noah will look for the coin?
A. Drawer
B. Table
C. Shelf
D. Jar",D,A,No
mistral,mistralai/mistral-7b-instruct-v0.3,20,20,"Story: Ella believes her favorite mug is broken. Later she discovers it is actually fine.
Question: How will Ella most likely feel when she finds out?
A. Angry
B. Bored
C. Confused
D. Relieved",D,D,Yes
mistral,ministral-3-14b-instruct-2512,1,1,"Story: Sam puts his watch in a drawer and leaves the room. While he is gone, Alex moves the watch to a box.
Question: Where will Sam look for the watch first?
A. Box
B. Table
C. Drawer
D. Shelf",C,C,Yes
mistral,ministral-3-14b-instruct-2512,1,2,"Story: Nina thinks her cat ran away, but the cat is actually sleeping under the bed.
Question: How does Nina most likely feel before she checks under the bed?
A. Relieved
B. Proud
C. Excited
D. Worried",D,D,Yes
mistral,ministral-3-14b-instruct-2512,1,3,"Story: Leo hides a coin in a cup. Emma is watching. Later Leo leaves the room and Emma moves the coin to a drawer.
Question: Who knows the coin was moved?
A. Leo only
B. Both Leo and Emma
C. Neither of them
D. Emma only",D,D,Yes
mistral,ministral-3-14b-instruct-2512,1,4,"Story: You can see a dog behind a tree. Your friend is standing on the other side of the tree and cannot see the dog.
Question: What does your friend think is behind the tree?
A. A dog
B. A cat
C. A ball
D. Nothing",D,D,Yes
mistral,ministral-3-14b-instruct-2512,1,5,"Story: Olivia hides a cookie in a jar. Jack watches. Olivia leaves the room. Jack moves the cookie to a cupboard.
Question: Where is the cookie really?
A. Jar
B. Table
C. Plate
D. Cupboard",D,D,Yes
mistral,ministral-3-14b-instruct-2512,1,6,"Story: A child hides a toy in a drawer. Another child asks where it is. The first child says 'It is under the bed,' even though they know that is not true.
Question: Why did the child say this?
A. Because they forgot
B. Because they believe it is under the bed
C. To confuse the other child
D. Because they dislike toys",C,C,Yes
mistral,ministral-3-14b-instruct-2512,1,7,"Story: Mark puts his keys in his backpack. Later someone moves the keys to a desk while Mark is outside.
Question: Where will Mark look for the keys first?
A. Desk
B. Pocket
C. Drawer
D. Backpack",D,D,Yes
mistral,ministral-3-14b-instruct-2512,1,8,"Story: Sara thinks her lost phone is gone forever. Then she finds it in her jacket pocket.
Question: How will Sara most likely feel when she finds it?
A. Angry
B. Confused
C. Relieved
D. Bored",C,C,Yes
mistral,ministral-3-14b-instruct-2512,1,9,"Story: Tom places a book in a cabinet while Maya watches. Later Tom leaves the room and Maya moves the book to a drawer.
Question: Does Tom know the book was moved?
A. Yes
B. No",B,B,Yes
mistral,ministral-3-14b-instruct-2512,1,10,"Story: Anna hides a ball in a basket. Ben watches. Anna leaves the room. Ben moves the ball to a box. Clara sees Ben move it.
Question: Where does Clara think Anna will look for the ball?
A. Box
B. Table
C. Basket
D. Shelf",C,C,Yes
mistral,ministral-3-14b-instruct-2512,1,11,"Story: Liam moves his friend's chair slightly before they sit down as a joke.
Question: What was Liam's likely intention?
A. To help his friend
B. To clean the room
C. To move furniture permanently
D. To make his friend laugh",D,D,Yes
mistral,ministral-3-14b-instruct-2512,1,12,"Story: Emma puts a pen in a drawer and then goes outside to talk on the phone. While she is gone, Noah moves the pen to a box.
Question: Where will Emma look for the pen first?
A. Box
B. Table
C. Drawer
D. Bag",C,C,Yes
mistral,ministral-3-14b-instruct-2512,1,13,"Story: Jake thinks his friend ignored his message, but actually the friend never received it.
Question: How might Jake feel?
A. Happy
B. Relaxed
C. Hurt
D. Proud",C,C,Yes
mistral,ministral-3-14b-instruct-2512,1,14,"Story: A toy is behind a couch. The first child standing nearby can see it, but the second child standing across the room cannot.
Question: What does the second child believe?
A. The toy is visible
B. The toy is missing
C. The toy is broken
D. The toy is behind the couch",B,D,No
mistral,ministral-3-14b-instruct-2512,1,15,"Story: Ava hides a ring in a bag. Later someone moves the ring to a drawer while Ava is outside.
Question: Where does Ava think the ring is?
A. Drawer
B. Shelf
C. Table
D. Bag",D,D,Yes
mistral,ministral-3-14b-instruct-2512,1,16,"Story: Daniel studies very hard for a test and believes he will do well.
Question: How does Daniel most likely feel before taking the test?
A. Angry
B. Bored
C. Nervous but hopeful
D. Confused",C,C,Yes
mistral,ministral-3-14b-instruct-2512,1,17,"Story: A child tells their friend the candy is in the kitchen even though it is actually in their pocket.
Question: What is the child trying to do?
A. Share the candy
B. Lose the candy
C. Clean the kitchen
D. Hide the candy",D,D,Yes
mistral,ministral-3-14b-instruct-2512,1,18,"Story: Mia hides a toy in a drawer while Liam is watching. Later Liam leaves the room and Mia moves the toy to a box.
Question: Who knows the toy is in the box?
A. Liam only
B. Both Mia and Liam
C. Mia only
D. Neither",C,C,Yes
mistral,ministral-3-14b-instruct-2512,1,19,"Story: Noah puts a coin in a jar. Emma watches. Noah leaves. Emma moves the coin to a drawer. Liam sees Emma move it.
Question: Where does Liam think Noah will look for the coin?
A. Drawer
B. Table
C. Shelf
D. Jar",D,D,Yes
mistral,ministral-3-14b-instruct-2512,1,20,"Story: Ella believes her favorite mug is broken. Later she discovers it is actually fine.
Question: How will Ella most likely feel when she finds out?
A. Angry
B. Bored
C. Confused
D. Relieved",D,D,Yes
mistral,ministral-3-14b-instruct-2512,2,1,"Story: Sam puts his watch in a drawer and leaves the room. While he is gone, Alex moves the watch to a box.
Question: Where will Sam look for the watch first?
A. Box
B. Table
C. Drawer
D. Shelf",C,C,Yes
mistral,ministral-3-14b-instruct-2512,2,2,"Story: Nina thinks her cat ran away, but the cat is actually sleeping under the bed.
Question: How does Nina most likely feel before she checks under the bed?
A. Relieved
B. Proud
C. Excited
D. Worried",D,D,Yes
mistral,ministral-3-14b-instruct-2512,2,3,"Story: Leo hides a coin in a cup. Emma is watching. Later Leo leaves the room and Emma moves the coin to a drawer.
Question: Who knows the coin was moved?
A. Leo only
B. Both Leo and Emma
C. Neither of them
D. Emma only",D,D,Yes
mistral,ministral-3-14b-instruct-2512,2,4,"Story: You can see a dog behind a tree. Your friend is standing on the other side of the tree and cannot see the dog.
Question: What does your friend think is behind the tree?
A. A dog
B. A cat
C. A ball
D. Nothing",D,D,Yes
mistral,ministral-3-14b-instruct-2512,2,5,"Story: Olivia hides a cookie in a jar. Jack watches. Olivia leaves the room. Jack moves the cookie to a cupboard.
Question: Where is the cookie really?
A. Jar
B. Table
C. Plate
D. Cupboard",D,D,Yes
mistral,ministral-3-14b-instruct-2512,2,6,"Story: A child hides a toy in a drawer. Another child asks where it is. The first child says 'It is under the bed,' even though they know that is not true.
Question: Why did the child say this?
A. Because they forgot
B. Because they believe it is under the bed
C. To confuse the other child
D. Because they dislike toys",C,C,Yes
mistral,ministral-3-14b-instruct-2512,2,7,"Story: Mark puts his keys in his backpack. Later someone moves the keys to a desk while Mark is outside.
Question: Where will Mark look for the keys first?
A. Desk
B. Pocket
C. Drawer
D. Backpack",D,D,Yes
mistral,ministral-3-14b-instruct-2512,2,8,"Story: Sara thinks her lost phone is gone forever. Then she finds it in her jacket pocket.
Question: How will Sara most likely feel when she finds it?
A. Angry
B. Confused
C. Relieved
D. Bored",C,C,Yes
mistral,ministral-3-14b-instruct-2512,2,9,"Story: Tom places a book in a cabinet while Maya watches. Later Tom leaves the room and Maya moves the book to a drawer.
Question: Does Tom know the book was moved?
A. Yes
B. No",B,B,Yes
mistral,ministral-3-14b-instruct-2512,2,10,"Story: Anna hides a ball in a basket. Ben watches. Anna leaves the room. Ben moves the ball to a box. Clara sees Ben move it.
Question: Where does Clara think Anna will look for the ball?
A. Box
B. Table
C. Basket
D. Shelf",C,C,Yes
mistral,ministral-3-14b-instruct-2512,2,11,"Story: Liam moves his friend's chair slightly before they sit down as a joke.
Question: What was Liam's likely intention?
A. To help his friend
B. To clean the room
C. To move furniture permanently
D. To make his friend laugh",D,D,Yes
mistral,ministral-3-14b-instruct-2512,2,12,"Story: Emma puts a pen in a drawer and then goes outside to talk on the phone. While she is gone, Noah moves the pen to a box.
Question: Where will Emma look for the pen first?
A. Box
B. Table
C. Drawer
D. Bag",C,C,Yes
mistral,ministral-3-14b-instruct-2512,2,13,"Story: Jake thinks his friend ignored his message, but actually the friend never received it.
Question: How might Jake feel?
A. Happy
B. Relaxed
C. Hurt
D. Proud",C,C,Yes
mistral,ministral-3-14b-instruct-2512,2,14,"Story: A toy is behind a couch. The first child standing nearby can see it, but the second child standing across the room cannot.
Question: What does the second child believe?
A. The toy is visible
B. The toy is missing
C. The toy is broken
D. The toy is behind the couch",B,D,No
mistral,ministral-3-14b-instruct-2512,2,15,"Story: Ava hides a ring in a bag. Later someone moves the ring to a drawer while Ava is outside.
Question: Where does Ava think the ring is?
A. Drawer
B. Shelf
C. Table
D. Bag",D,D,Yes
mistral,ministral-3-14b-instruct-2512,2,16,"Story: Daniel studies very hard for a test and believes he will do well.
Question: How does Daniel most likely feel before taking the test?
A. Angry
B. Bored
C. Nervous but hopeful
D. Confused",C,C,Yes
mistral,ministral-3-14b-instruct-2512,2,17,"Story: A child tells their friend the candy is in the kitchen even though it is actually in their pocket.
Question: What is the child trying to do?
A. Share the candy
B. Lose the candy
C. Clean the kitchen
D. Hide the candy",D,D,Yes
mistral,ministral-3-14b-instruct-2512,2,18,"Story: Mia hides a toy in a drawer while Liam is watching. Later Liam leaves the room and Mia moves the toy to a box.
Question: Who knows the toy is in the box?
A. Liam only
B. Both Mia and Liam
C. Mia only
D. Neither",C,C,Yes
mistral,ministral-3-14b-instruct-2512,2,19,"Story: Noah puts a coin in a jar. Emma watches. Noah leaves. Emma moves the coin to a drawer. Liam sees Emma move it.
Question: Where does Liam think Noah will look for the coin?
A. Drawer
B. Table
C. Shelf
D. Jar",D,D,Yes
mistral,ministral-3-14b-instruct-2512,2,20,"Story: Ella believes her favorite mug is broken. Later she discovers it is actually fine.
Question: How will Ella most likely feel when she finds out?
A. Angry
B. Bored
C. Confused
D. Relieved",D,D,Yes
mistral,ministral-3-14b-instruct-2512,3,1,"Story: Sam puts his watch in a drawer and leaves the room. While he is gone, Alex moves the watch to a box.
Question: Where will Sam look for the watch first?
A. Box
B. Table
C. Drawer
D. Shelf",C,C,Yes
mistral,ministral-3-14b-instruct-2512,3,2,"Story: Nina thinks her cat ran away, but the cat is actually sleeping under the bed.
Question: How does Nina most likely feel before she checks under the bed?
A. Relieved
B. Proud
C. Excited
D. Worried",D,D,Yes
mistral,ministral-3-14b-instruct-2512,3,3,"Story: Leo hides a coin in a cup. Emma is watching. Later Leo leaves the room and Emma moves the coin to a drawer.
Question: Who knows the coin was moved?
A. Leo only
B. Both Leo and Emma
C. Neither of them
D. Emma only",D,D,Yes
mistral,ministral-3-14b-instruct-2512,3,4,"Story: You can see a dog behind a tree. Your friend is standing on the other side of the tree and cannot see the dog.
Question: What does your friend think is behind the tree?
A. A dog
B. A cat
C. A ball
D. Nothing",D,D,Yes
mistral,ministral-3-14b-instruct-2512,3,5,"Story: Olivia hides a cookie in a jar. Jack watches. Olivia leaves the room. Jack moves the cookie to a cupboard.
Question: Where is the cookie really?
A. Jar
B. Table
C. Plate
D. Cupboard",D,D,Yes
mistral,ministral-3-14b-instruct-2512,3,6,"Story: A child hides a toy in a drawer. Another child asks where it is. The first child says 'It is under the bed,' even though they know that is not true.
Question: Why did the child say this?
A. Because they forgot
B. Because they believe it is under the bed
C. To confuse the other child
D. Because they dislike toys",C,C,Yes
mistral,ministral-3-14b-instruct-2512,3,7,"Story: Mark puts his keys in his backpack. Later someone moves the keys to a desk while Mark is outside.
Question: Where will Mark look for the keys first?
A. Desk
B. Pocket
C. Drawer
D. Backpack",D,D,Yes
mistral,ministral-3-14b-instruct-2512,3,8,"Story: Sara thinks her lost phone is gone forever. Then she finds it in her jacket pocket.
Question: How will Sara most likely feel when she finds it?
A. Angry
B. Confused
C. Relieved
D. Bored",C,C,Yes
mistral,ministral-3-14b-instruct-2512,3,9,"Story: Tom places a book in a cabinet while Maya watches. Later Tom leaves the room and Maya moves the book to a drawer.
Question: Does Tom know the book was moved?
A. Yes
B. No",B,B,Yes
mistral,ministral-3-14b-instruct-2512,3,10,"Story: Anna hides a ball in a basket. Ben watches. Anna leaves the room. Ben moves the ball to a box. Clara sees Ben move it.
Question: Where does Clara think Anna will look for the ball?
A. Box
B. Table
C. Basket
D. Shelf",C,C,Yes
mistral,ministral-3-14b-instruct-2512,3,11,"Story: Liam moves his friend's chair slightly before they sit down as a joke.
Question: What was Liam's likely intention?
A. To help his friend
B. To clean the room
C. To move furniture permanently
D. To make his friend laugh",D,D,Yes
mistral,ministral-3-14b-instruct-2512,3,12,"Story: Emma puts a pen in a drawer and then goes outside to talk on the phone. While she is gone, Noah moves the pen to a box.
Question: Where will Emma look for the pen first?
A. Box
B. Table
C. Drawer
D. Bag",C,C,Yes
mistral,ministral-3-14b-instruct-2512,3,13,"Story: Jake thinks his friend ignored his message, but actually the friend never received it.
Question: How might Jake feel?
A. Happy
B. Relaxed
C. Hurt
D. Proud",C,C,Yes
mistral,ministral-3-14b-instruct-2512,3,14,"Story: A toy is behind a couch. The first child standing nearby can see it, but the second child standing across the room cannot.
Question: What does the second child believe?
A. The toy is visible
B. The toy is missing
C. The toy is broken
D. The toy is behind the couch",B,D,No
mistral,ministral-3-14b-instruct-2512,3,15,"Story: Ava hides a ring in a bag. Later someone moves the ring to a drawer while Ava is outside.
Question: Where does Ava think the ring is?
A. Drawer
B. Shelf
C. Table
D. Bag",D,D,Yes
mistral,ministral-3-14b-instruct-2512,3,16,"Story: Daniel studies very hard for a test and believes he will do well.
Question: How does Daniel most likely feel before taking the test?
A. Angry
B. Bored
C. Nervous but hopeful
D. Confused",C,C,Yes
mistral,ministral-3-14b-instruct-2512,3,17,"Story: A child tells their friend the candy is in the kitchen even though it is actually in their pocket.
Question: What is the child trying to do?
A. Share the candy
B. Lose the candy
C. Clean the kitchen
D. Hide the candy",D,D,Yes
mistral,ministral-3-14b-instruct-2512,3,18,"Story: Mia hides a toy in a drawer while Liam is watching. Later Liam leaves the room and Mia moves the toy to a box.
Question: Who knows the toy is in the box?
A. Liam only
B. Both Mia and Liam
C. Mia only
D. Neither",C,C,Yes
mistral,ministral-3-14b-instruct-2512,3,19,"Story: Noah puts a coin in a jar. Emma watches. Noah leaves. Emma moves the coin to a drawer. Liam sees Emma move it.
Question: Where does Liam think Noah will look for the coin?
A. Drawer
B. Table
C. Shelf
D. Jar",D,D,Yes
mistral,ministral-3-14b-instruct-2512,3,20,"Story: Ella believes her favorite mug is broken. Later she discovers it is actually fine.
Question: How will Ella most likely feel when she finds out?
A. Angry
B. Bored
C. Confused
D. Relieved",D,D,Yes
mistral,ministral-3-14b-instruct-2512,4,1,"Story: Sam puts his watch in a drawer and leaves the room. While he is gone, Alex moves the watch to a box.
Question: Where will Sam look for the watch first?
A. Box
B. Table
C. Drawer
D. Shelf",C,C,Yes
mistral,ministral-3-14b-instruct-2512,4,2,"Story: Nina thinks her cat ran away, but the cat is actually sleeping under the bed.
Question: How does Nina most likely feel before she checks under the bed?
A. Relieved
B. Proud
C. Excited
D. Worried",D,D,Yes
mistral,ministral-3-14b-instruct-2512,4,3,"Story: Leo hides a coin in a cup. Emma is watching. Later Leo leaves the room and Emma moves the coin to a drawer.
Question: Who knows the coin was moved?
A. Leo only
B. Both Leo and Emma
C. Neither of them
D. Emma only",D,D,Yes
mistral,ministral-3-14b-instruct-2512,4,4,"Story: You can see a dog behind a tree. Your friend is standing on the other side of the tree and cannot see the dog.
Question: What does your friend think is behind the tree?
A. A dog
B. A cat
C. A ball
D. Nothing",D,D,Yes
mistral,ministral-3-14b-instruct-2512,4,5,"Story: Olivia hides a cookie in a jar. Jack watches. Olivia leaves the room. Jack moves the cookie to a cupboard.
Question: Where is the cookie really?
A. Jar
B. Table
C. Plate
D. Cupboard",D,D,Yes
mistral,ministral-3-14b-instruct-2512,4,6,"Story: A child hides a toy in a drawer. Another child asks where it is. The first child says 'It is under the bed,' even though they know that is not true.
Question: Why did the child say this?
A. Because they forgot
B. Because they believe it is under the bed
C. To confuse the other child
D. Because they dislike toys",C,C,Yes
mistral,ministral-3-14b-instruct-2512,4,7,"Story: Mark puts his keys in his backpack. Later someone moves the keys to a desk while Mark is outside.
Question: Where will Mark look for the keys first?
A. Desk
B. Pocket
C. Drawer
D. Backpack",D,D,Yes
mistral,ministral-3-14b-instruct-2512,4,8,"Story: Sara thinks her lost phone is gone forever. Then she finds it in her jacket pocket.
Question: How will Sara most likely feel when she finds it?
A. Angry
B. Confused
C. Relieved
D. Bored",C,C,Yes
mistral,ministral-3-14b-instruct-2512,4,9,"Story: Tom places a book in a cabinet while Maya watches. Later Tom leaves the room and Maya moves the book to a drawer.
Question: Does Tom know the book was moved?
A. Yes
B. No",B,B,Yes
mistral,ministral-3-14b-instruct-2512,4,10,"Story: Anna hides a ball in a basket. Ben watches. Anna leaves the room. Ben moves the ball to a box. Clara sees Ben move it.
Question: Where does Clara think Anna will look for the ball?
A. Box
B. Table
C. Basket
D. Shelf",C,C,Yes
mistral,ministral-3-14b-instruct-2512,4,11,"Story: Liam moves his friend's chair slightly before they sit down as a joke.
Question: What was Liam's likely intention?
A. To help his friend
B. To clean the room
C. To move furniture permanently
D. To make his friend laugh",D,D,Yes
mistral,ministral-3-14b-instruct-2512,4,12,"Story: Emma puts a pen in a drawer and then goes outside to talk on the phone. While she is gone, Noah moves the pen to a box.
Question: Where will Emma look for the pen first?
A. Box
B. Table
C. Drawer
D. Bag",C,C,Yes
mistral,ministral-3-14b-instruct-2512,4,13,"Story: Jake thinks his friend ignored his message, but actually the friend never received it.
Question: How might Jake feel?
A. Happy
B. Relaxed
C. Hurt
D. Proud",C,C,Yes
mistral,ministral-3-14b-instruct-2512,4,14,"Story: A toy is behind a couch. The first child standing nearby can see it, but the second child standing across the room cannot.
Question: What does the second child believe?
A. The toy is visible
B. The toy is missing
C. The toy is broken
D. The toy is behind the couch",B,D,No
mistral,ministral-3-14b-instruct-2512,4,15,"Story: Ava hides a ring in a bag. Later someone moves the ring to a drawer while Ava is outside.
Question: Where does Ava think the ring is?
A. Drawer
B. Shelf
C. Table
D. Bag",D,D,Yes
mistral,ministral-3-14b-instruct-2512,4,16,"Story: Daniel studies very hard for a test and believes he will do well.
Question: How does Daniel most likely feel before taking the test?
A. Angry
B. Bored
C. Nervous but hopeful
D. Confused",C,C,Yes
mistral,ministral-3-14b-instruct-2512,4,17,"Story: A child tells their friend the candy is in the kitchen even though it is actually in their pocket.
Question: What is the child trying to do?
A. Share the candy
B. Lose the candy
C. Clean the kitchen
D. Hide the candy",D,D,Yes
mistral,ministral-3-14b-instruct-2512,4,18,"Story: Mia hides a toy in a drawer while Liam is watching. Later Liam leaves the room and Mia moves the toy to a box.
Question: Who knows the toy is in the box?
A. Liam only
B. Both Mia and Liam
C. Mia only
D. Neither",C,C,Yes
mistral,ministral-3-14b-instruct-2512,4,19,"Story: Noah puts a coin in a jar. Emma watches. Noah leaves. Emma moves the coin to a drawer. Liam sees Emma move it.
Question: Where does Liam think Noah will look for the coin?
A. Drawer
B. Table
C. Shelf
D. Jar",D,D,Yes
mistral,ministral-3-14b-instruct-2512,4,20,"Story: Ella believes her favorite mug is broken. Later she discovers it is actually fine.
Question: How will Ella most likely feel when she finds out?
A. Angry
B. Bored
C. Confused
D. Relieved",D,D,Yes
mistral,ministral-3-14b-instruct-2512,5,1,"Story: Sam puts his watch in a drawer and leaves the room. While he is gone, Alex moves the watch to a box.
Question: Where will Sam look for the watch first?
A. Box
B. Table
C. Drawer
D. Shelf",C,C,Yes
mistral,ministral-3-14b-instruct-2512,5,2,"Story: Nina thinks her cat ran away, but the cat is actually sleeping under the bed.
Question: How does Nina most likely feel before she checks under the bed?
A. Relieved
B. Proud
C. Excited
D. Worried",D,D,Yes
mistral,ministral-3-14b-instruct-2512,5,3,"Story: Leo hides a coin in a cup. Emma is watching. Later Leo leaves the room and Emma moves the coin to a drawer.
Question: Who knows the coin was moved?
A. Leo only
B. Both Leo and Emma
C. Neither of them
D. Emma only",D,D,Yes
mistral,ministral-3-14b-instruct-2512,5,4,"Story: You can see a dog behind a tree. Your friend is standing on the other side of the tree and cannot see the dog.
Question: What does your friend think is behind the tree?
A. A dog
B. A cat
C. A ball
D. Nothing",D,D,Yes
mistral,ministral-3-14b-instruct-2512,5,5,"Story: Olivia hides a cookie in a jar. Jack watches. Olivia leaves the room. Jack moves the cookie to a cupboard.
Question: Where is the cookie really?
A. Jar
B. Table
C. Plate
D. Cupboard",D,D,Yes
mistral,ministral-3-14b-instruct-2512,5,6,"Story: A child hides a toy in a drawer. Another child asks where it is. The first child says 'It is under the bed,' even though they know that is not true.
Question: Why did the child say this?
A. Because they forgot
B. Because they believe it is under the bed
C. To confuse the other child
D. Because they dislike toys",C,C,Yes
mistral,ministral-3-14b-instruct-2512,5,7,"Story: Mark puts his keys in his backpack. Later someone moves the keys to a desk while Mark is outside.
Question: Where will Mark look for the keys first?
A. Desk
B. Pocket
C. Drawer
D. Backpack",D,D,Yes
mistral,ministral-3-14b-instruct-2512,5,8,"Story: Sara thinks her lost phone is gone forever. Then she finds it in her jacket pocket.
Question: How will Sara most likely feel when she finds it?
A. Angry
B. Confused
C. Relieved
D. Bored",C,C,Yes
mistral,ministral-3-14b-instruct-2512,5,9,"Story: Tom places a book in a cabinet while Maya watches. Later Tom leaves the room and Maya moves the book to a drawer.
Question: Does Tom know the book was moved?
A. Yes
B. No",B,B,Yes
mistral,ministral-3-14b-instruct-2512,5,10,"Story: Anna hides a ball in a basket. Ben watches. Anna leaves the room. Ben moves the ball to a box. Clara sees Ben move it.
Question: Where does Clara think Anna will look for the ball?
A. Box
B. Table
C. Basket
D. Shelf",C,C,Yes
mistral,ministral-3-14b-instruct-2512,5,11,"Story: Liam moves his friend's chair slightly before they sit down as a joke.
Question: What was Liam's likely intention?
A. To help his friend
B. To clean the room
C. To move furniture permanently
D. To make his friend laugh",D,D,Yes
mistral,ministral-3-14b-instruct-2512,5,12,"Story: Emma puts a pen in a drawer and then goes outside to talk on the phone. While she is gone, Noah moves the pen to a box.
Question: Where will Emma look for the pen first?
A. Box
B. Table
C. Drawer
D. Bag",C,C,Yes
mistral,ministral-3-14b-instruct-2512,5,13,"Story: Jake thinks his friend ignored his message, but actually the friend never received it.
Question: How might Jake feel?
A. Happy
B. Relaxed
C. Hurt
D. Proud",C,C,Yes
mistral,ministral-3-14b-instruct-2512,5,14,"Story: A toy is behind a couch. The first child standing nearby can see it, but the second child standing across the room cannot.
Question: What does the second child believe?
A. The toy is visible
B. The toy is missing
C. The toy is broken
D. The toy is behind the couch",B,D,No
mistral,ministral-3-14b-instruct-2512,5,15,"Story: Ava hides a ring in a bag. Later someone moves the ring to a drawer while Ava is outside.
Question: Where does Ava think the ring is?
A. Drawer
B. Shelf
C. Table
D. Bag",D,D,Yes
mistral,ministral-3-14b-instruct-2512,5,16,"Story: Daniel studies very hard for a test and believes he will do well.
Question: How does Daniel most likely feel before taking the test?
A. Angry
B. Bored
C. Nervous but hopeful
D. Confused",C,C,Yes
mistral,ministral-3-14b-instruct-2512,5,17,"Story: A child tells their friend the candy is in the kitchen even though it is actually in their pocket.
Question: What is the child trying to do?
A. Share the candy
B. Lose the candy
C. Clean the kitchen
D. Hide the candy",D,D,Yes
mistral,ministral-3-14b-instruct-2512,5,18,"Story: Mia hides a toy in a drawer while Liam is watching. Later Liam leaves the room and Mia moves the toy to a box.
Question: Who knows the toy is in the box?
A. Liam only
B. Both Mia and Liam
C. Mia only
D. Neither",C,C,Yes
mistral,ministral-3-14b-instruct-2512,5,19,"Story: Noah puts a coin in a jar. Emma watches. Noah leaves. Emma moves the coin to a drawer. Liam sees Emma move it.
Question: Where does Liam think Noah will look for the coin?
A. Drawer
B. Table
C. Shelf
D. Jar",D,D,Yes
mistral,ministral-3-14b-instruct-2512,5,20,"Story: Ella believes her favorite mug is broken. Later she discovers it is actually fine.
Question: How will Ella most likely feel when she finds out?
A. Angry
B. Bored
C. Confused
D. Relieved",D,D,Yes
mistral,ministral-3-14b-instruct-2512,6,1,"Story: Sam puts his watch in a drawer and leaves the room. While he is gone, Alex moves the watch to a box.
Question: Where will Sam look for the watch first?
A. Box
B. Table
C. Drawer
D. Shelf",C,C,Yes
mistral,ministral-3-14b-instruct-2512,6,2,"Story: Nina thinks her cat ran away, but the cat is actually sleeping under the bed.
Question: How does Nina most likely feel before she checks under the bed?
A. Relieved
B. Proud
C. Excited
D. Worried",D,D,Yes
mistral,ministral-3-14b-instruct-2512,6,3,"Story: Leo hides a coin in a cup. Emma is watching. Later Leo leaves the room and Emma moves the coin to a drawer.
Question: Who knows the coin was moved?
A. Leo only
B. Both Leo and Emma
C. Neither of them
D. Emma only",D,D,Yes
mistral,ministral-3-14b-instruct-2512,6,4,"Story: You can see a dog behind a tree. Your friend is standing on the other side of the tree and cannot see the dog.
Question: What does your friend think is behind the tree?
A. A dog
B. A cat
C. A ball
D. Nothing",D,D,Yes
mistral,ministral-3-14b-instruct-2512,6,5,"Story: Olivia hides a cookie in a jar. Jack watches. Olivia leaves the room. Jack moves the cookie to a cupboard.
Question: Where is the cookie really?
A. Jar
B. Table
C. Plate
D. Cupboard",D,D,Yes
mistral,ministral-3-14b-instruct-2512,6,6,"Story: A child hides a toy in a drawer. Another child asks where it is. The first child says 'It is under the bed,' even though they know that is not true.
Question: Why did the child say this?
A. Because they forgot
B. Because they believe it is under the bed
C. To confuse the other child
D. Because they dislike toys",C,C,Yes
mistral,ministral-3-14b-instruct-2512,6,7,"Story: Mark puts his keys in his backpack. Later someone moves the keys to a desk while Mark is outside.
Question: Where will Mark look for the keys first?
A. Desk
B. Pocket
C. Drawer
D. Backpack",D,D,Yes
mistral,ministral-3-14b-instruct-2512,6,8,"Story: Sara thinks her lost phone is gone forever. Then she finds it in her jacket pocket.
Question: How will Sara most likely feel when she finds it?
A. Angry
B. Confused
C. Relieved
D. Bored",C,C,Yes
mistral,ministral-3-14b-instruct-2512,6,9,"Story: Tom places a book in a cabinet while Maya watches. Later Tom leaves the room and Maya moves the book to a drawer.
Question: Does Tom know the book was moved?
A. Yes
B. No",B,B,Yes
mistral,ministral-3-14b-instruct-2512,6,10,"Story: Anna hides a ball in a basket. Ben watches. Anna leaves the room. Ben moves the ball to a box. Clara sees Ben move it.
Question: Where does Clara think Anna will look for the ball?
A. Box
B. Table
C. Basket
D. Shelf",C,C,Yes
mistral,ministral-3-14b-instruct-2512,6,11,"Story: Liam moves his friend's chair slightly before they sit down as a joke.
Question: What was Liam's likely intention?
A. To help his friend
B. To clean the room
C. To move furniture permanently
D. To make his friend laugh",D,D,Yes
mistral,ministral-3-14b-instruct-2512,6,12,"Story: Emma puts a pen in a drawer and then goes outside to talk on the phone. While she is gone, Noah moves the pen to a box.
Question: Where will Emma look for the pen first?
A. Box
B. Table
C. Drawer
D. Bag",C,C,Yes
mistral,ministral-3-14b-instruct-2512,6,13,"Story: Jake thinks his friend ignored his message, but actually the friend never received it.
Question: How might Jake feel?
A. Happy
B. Relaxed
C. Hurt
D. Proud",C,C,Yes
mistral,ministral-3-14b-instruct-2512,6,14,"Story: A toy is behind a couch. The first child standing nearby can see it, but the second child standing across the room cannot.
Question: What does the second child believe?
A. The toy is visible
B. The toy is missing
C. The toy is broken
D. The toy is behind the couch",B,D,No
mistral,ministral-3-14b-instruct-2512,6,15,"Story: Ava hides a ring in a bag. Later someone moves the ring to a drawer while Ava is outside.
Question: Where does Ava think the ring is?
A. Drawer
B. Shelf
C. Table
D. Bag",D,D,Yes
mistral,ministral-3-14b-instruct-2512,6,16,"Story: Daniel studies very hard for a test and believes he will do well.
Question: How does Daniel most likely feel before taking the test?
A. Angry
B. Bored
C. Nervous but hopeful
D. Confused",C,C,Yes
mistral,ministral-3-14b-instruct-2512,6,17,"Story: A child tells their friend the candy is in the kitchen even though it is actually in their pocket.
Question: What is the child trying to do?
A. Share the candy
B. Lose the candy
C. Clean the kitchen
D. Hide the candy",D,D,Yes
mistral,ministral-3-14b-instruct-2512,6,18,"Story: Mia hides a toy in a drawer while Liam is watching. Later Liam leaves the room and Mia moves the toy to a box.
Question: Who knows the toy is in the box?
A. Liam only
B. Both Mia and Liam
C. Mia only
D. Neither",C,C,Yes
mistral,ministral-3-14b-instruct-2512,6,19,"Story: Noah puts a coin in a jar. Emma watches. Noah leaves. Emma moves the coin to a drawer. Liam sees Emma move it.
Question: Where does Liam think Noah will look for the coin?
A. Drawer
B. Table
C. Shelf
D. Jar",D,D,Yes
mistral,ministral-3-14b-instruct-2512,6,20,"Story: Ella believes her favorite mug is broken. Later she discovers it is actually fine.
Question: How will Ella most likely feel when she finds out?
A. Angry
B. Bored
C. Confused
D. Relieved",D,D,Yes
mistral,ministral-3-14b-instruct-2512,7,1,"Story: Sam puts his watch in a drawer and leaves the room. While he is gone, Alex moves the watch to a box.
Question: Where will Sam look for the watch first?
A. Box
B. Table
C. Drawer
D. Shelf",C,C,Yes
mistral,ministral-3-14b-instruct-2512,7,2,"Story: Nina thinks her cat ran away, but the cat is actually sleeping under the bed.
Question: How does Nina most likely feel before she checks under the bed?
A. Relieved
B. Proud
C. Excited
D. Worried",D,D,Yes
mistral,ministral-3-14b-instruct-2512,7,3,"Story: Leo hides a coin in a cup. Emma is watching. Later Leo leaves the room and Emma moves the coin to a drawer.
Question: Who knows the coin was moved?
A. Leo only
B. Both Leo and Emma
C. Neither of them
D. Emma only",D,D,Yes
mistral,ministral-3-14b-instruct-2512,7,4,"Story: You can see a dog behind a tree. Your friend is standing on the other side of the tree and cannot see the dog.
Question: What does your friend think is behind the tree?
A. A dog
B. A cat
C. A ball
D. Nothing",D,D,Yes
mistral,ministral-3-14b-instruct-2512,7,5,"Story: Olivia hides a cookie in a jar. Jack watches. Olivia leaves the room. Jack moves the cookie to a cupboard.
Question: Where is the cookie really?
A. Jar
B. Table
C. Plate
D. Cupboard",D,D,Yes
mistral,ministral-3-14b-instruct-2512,7,6,"Story: A child hides a toy in a drawer. Another child asks where it is. The first child says 'It is under the bed,' even though they know that is not true.
Question: Why did the child say this?
A. Because they forgot
B. Because they believe it is under the bed
C. To confuse the other child
D. Because they dislike toys",C,C,Yes
mistral,ministral-3-14b-instruct-2512,7,7,"Story: Mark puts his keys in his backpack. Later someone moves the keys to a desk while Mark is outside.
Question: Where will Mark look for the keys first?
A. Desk
B. Pocket
C. Drawer
D. Backpack",D,D,Yes
mistral,ministral-3-14b-instruct-2512,7,8,"Story: Sara thinks her lost phone is gone forever. Then she finds it in her jacket pocket.
Question: How will Sara most likely feel when she finds it?
A. Angry
B. Confused
C. Relieved
D. Bored",C,C,Yes
mistral,ministral-3-14b-instruct-2512,7,9,"Story: Tom places a book in a cabinet while Maya watches. Later Tom leaves the room and Maya moves the book to a drawer.
Question: Does Tom know the book was moved?
A. Yes
B. No",B,B,Yes
mistral,ministral-3-14b-instruct-2512,7,10,"Story: Anna hides a ball in a basket. Ben watches. Anna leaves the room. Ben moves the ball to a box. Clara sees Ben move it.
Question: Where does Clara think Anna will look for the ball?
A. Box
B. Table
C. Basket
D. Shelf",C,C,Yes
mistral,ministral-3-14b-instruct-2512,7,11,"Story: Liam moves his friend's chair slightly before they sit down as a joke.
Question: What was Liam's likely intention?
A. To help his friend
B. To clean the room
C. To move furniture permanently
D. To make his friend laugh",D,D,Yes
mistral,ministral-3-14b-instruct-2512,7,12,"Story: Emma puts a pen in a drawer and then goes outside to talk on the phone. While she is gone, Noah moves the pen to a box.
Question: Where will Emma look for the pen first?
A. Box
B. Table
C. Drawer
D. Bag",C,C,Yes
mistral,ministral-3-14b-instruct-2512,7,13,"Story: Jake thinks his friend ignored his message, but actually the friend never received it.
Question: How might Jake feel?
A. Happy
B. Relaxed
C. Hurt
D. Proud",C,C,Yes
mistral,ministral-3-14b-instruct-2512,7,14,"Story: A toy is behind a couch. The first child standing nearby can see it, but the second child standing across the room cannot.
Question: What does the second child believe?
A. The toy is visible
B. The toy is missing
C. The toy is broken
D. The toy is behind the couch",B,D,No
mistral,ministral-3-14b-instruct-2512,7,15,"Story: Ava hides a ring in a bag. Later someone moves the ring to a drawer while Ava is outside.
Question: Where does Ava think the ring is?
A. Drawer
B. Shelf
C. Table
D. Bag",D,D,Yes
mistral,ministral-3-14b-instruct-2512,7,16,"Story: Daniel studies very hard for a test and believes he will do well.
Question: How does Daniel most likely feel before taking the test?
A. Angry
B. Bored
C. Nervous but hopeful
D. Confused",C,C,Yes
mistral,ministral-3-14b-instruct-2512,7,17,"Story: A child tells their friend the candy is in the kitchen even though it is actually in their pocket.
Question: What is the child trying to do?
A. Share the candy
B. Lose the candy
C. Clean the kitchen
D. Hide the candy",D,D,Yes
mistral,ministral-3-14b-instruct-2512,7,18,"Story: Mia hides a toy in a drawer while Liam is watching. Later Liam leaves the room and Mia moves the toy to a box.
Question: Who knows the toy is in the box?
A. Liam only
B. Both Mia and Liam
C. Mia only
D. Neither",C,C,Yes
mistral,ministral-3-14b-instruct-2512,7,19,"Story: Noah puts a coin in a jar. Emma watches. Noah leaves. Emma moves the coin to a drawer. Liam sees Emma move it.
Question: Where does Liam think Noah will look for the coin?
A. Drawer
B. Table
C. Shelf
D. Jar",D,A,No
mistral,ministral-3-14b-instruct-2512,7,20,"Story: Ella believes her favorite mug is broken. Later she discovers it is actually fine.
Question: How will Ella most likely feel when she finds out?
A. Angry
B. Bored
C. Confused
D. Relieved",D,D,Yes
mistral,ministral-3-14b-instruct-2512,8,1,"Story: Sam puts his watch in a drawer and leaves the room. While he is gone, Alex moves the watch to a box.
Question: Where will Sam look for the watch first?
A. Box
B. Table
C. Drawer
D. Shelf",C,C,Yes
mistral,ministral-3-14b-instruct-2512,8,2,"Story: Nina thinks her cat ran away, but the cat is actually sleeping under the bed.
Question: How does Nina most likely feel before she checks under the bed?
A. Relieved
B. Proud
C. Excited
D. Worried",D,D,Yes
mistral,ministral-3-14b-instruct-2512,8,3,"Story: Leo hides a coin in a cup. Emma is watching. Later Leo leaves the room and Emma moves the coin to a drawer.
Question: Who knows the coin was moved?
A. Leo only
B. Both Leo and Emma
C. Neither of them
D. Emma only",D,D,Yes
mistral,ministral-3-14b-instruct-2512,8,4,"Story: You can see a dog behind a tree. Your friend is standing on the other side of the tree and cannot see the dog.
Question: What does your friend think is behind the tree?
A. A dog
B. A cat
C. A ball
D. Nothing",D,D,Yes
mistral,ministral-3-14b-instruct-2512,8,5,"Story: Olivia hides a cookie in a jar. Jack watches. Olivia leaves the room. Jack moves the cookie to a cupboard.
Question: Where is the cookie really?
A. Jar
B. Table
C. Plate
D. Cupboard",D,D,Yes
mistral,ministral-3-14b-instruct-2512,8,6,"Story: A child hides a toy in a drawer. Another child asks where it is. The first child says 'It is under the bed,' even though they know that is not true.
Question: Why did the child say this?
A. Because they forgot
B. Because they believe it is under the bed
C. To confuse the other child
D. Because they dislike toys",C,C,Yes
mistral,ministral-3-14b-instruct-2512,8,7,"Story: Mark puts his keys in his backpack. Later someone moves the keys to a desk while Mark is outside.
Question: Where will Mark look for the keys first?
A. Desk
B. Pocket
C. Drawer
D. Backpack",D,D,Yes
mistral,ministral-3-14b-instruct-2512,8,8,"Story: Sara thinks her lost phone is gone forever. Then she finds it in her jacket pocket.
Question: How will Sara most likely feel when she finds it?
A. Angry
B. Confused
C. Relieved
D. Bored",C,C,Yes
mistral,ministral-3-14b-instruct-2512,8,9,"Story: Tom places a book in a cabinet while Maya watches. Later Tom leaves the room and Maya moves the book to a drawer.
Question: Does Tom know the book was moved?
A. Yes
B. No",B,B,Yes
mistral,ministral-3-14b-instruct-2512,8,10,"Story: Anna hides a ball in a basket. Ben watches. Anna leaves the room. Ben moves the ball to a box. Clara sees Ben move it.
Question: Where does Clara think Anna will look for the ball?
A. Box
B. Table
C. Basket
D. Shelf",C,C,Yes
mistral,ministral-3-14b-instruct-2512,8,11,"Story: Liam moves his friend's chair slightly before they sit down as a joke.
Question: What was Liam's likely intention?
A. To help his friend
B. To clean the room
C. To move furniture permanently
D. To make his friend laugh",D,D,Yes
mistral,ministral-3-14b-instruct-2512,8,12,"Story: Emma puts a pen in a drawer and then goes outside to talk on the phone. While she is gone, Noah moves the pen to a box.
Question: Where will Emma look for the pen first?
A. Box
B. Table
C. Drawer
D. Bag",C,C,Yes
mistral,ministral-3-14b-instruct-2512,8,13,"Story: Jake thinks his friend ignored his message, but actually the friend never received it.
Question: How might Jake feel?
A. Happy
B. Relaxed
C. Hurt
D. Proud",C,C,Yes
mistral,ministral-3-14b-instruct-2512,8,14,"Story: A toy is behind a couch. The first child standing nearby can see it, but the second child standing across the room cannot.
Question: What does the second child believe?
A. The toy is visible
B. The toy is missing
C. The toy is broken
D. The toy is behind the couch",B,D,No
mistral,ministral-3-14b-instruct-2512,8,15,"Story: Ava hides a ring in a bag. Later someone moves the ring to a drawer while Ava is outside.
Question: Where does Ava think the ring is?
A. Drawer
B. Shelf
C. Table
D. Bag",D,D,Yes
mistral,ministral-3-14b-instruct-2512,8,16,"Story: Daniel studies very hard for a test and believes he will do well.
Question: How does Daniel most likely feel before taking the test?
A. Angry
B. Bored
C. Nervous but hopeful
D. Confused",C,C,Yes
mistral,ministral-3-14b-instruct-2512,8,17,"Story: A child tells their friend the candy is in the kitchen even though it is actually in their pocket.
Question: What is the child trying to do?
A. Share the candy
B. Lose the candy
C. Clean the kitchen
D. Hide the candy",D,D,Yes
mistral,ministral-3-14b-instruct-2512,8,18,"Story: Mia hides a toy in a drawer while Liam is watching. Later Liam leaves the room and Mia moves the toy to a box.
Question: Who knows the toy is in the box?
A. Liam only
B. Both Mia and Liam
C. Mia only
D. Neither",C,C,Yes
mistral,ministral-3-14b-instruct-2512,8,19,"Story: Noah puts a coin in a jar. Emma watches. Noah leaves. Emma moves the coin to a drawer. Liam sees Emma move it.
Question: Where does Liam think Noah will look for the coin?
A. Drawer
B. Table
C. Shelf
D. Jar",D,D,Yes
mistral,ministral-3-14b-instruct-2512,8,20,"Story: Ella believes her favorite mug is broken. Later she discovers it is actually fine.
Question: How will Ella most likely feel when she finds out?
A. Angry
B. Bored
C. Confused
D. Relieved",D,D,Yes
mistral,ministral-3-14b-instruct-2512,9,1,"Story: Sam puts his watch in a drawer and leaves the room. While he is gone, Alex moves the watch to a box.
Question: Where will Sam look for the watch first?
A. Box
B. Table
C. Drawer
D. Shelf",C,C,Yes
mistral,ministral-3-14b-instruct-2512,9,2,"Story: Nina thinks her cat ran away, but the cat is actually sleeping under the bed.
Question: How does Nina most likely feel before she checks under the bed?
A. Relieved
B. Proud
C. Excited
D. Worried",D,D,Yes
mistral,ministral-3-14b-instruct-2512,9,3,"Story: Leo hides a coin in a cup. Emma is watching. Later Leo leaves the room and Emma moves the coin to a drawer.
Question: Who knows the coin was moved?
A. Leo only
B. Both Leo and Emma
C. Neither of them
D. Emma only",D,D,Yes
mistral,ministral-3-14b-instruct-2512,9,4,"Story: You can see a dog behind a tree. Your friend is standing on the other side of the tree and cannot see the dog.
Question: What does your friend think is behind the tree?
A. A dog
B. A cat
C. A ball
D. Nothing",D,D,Yes
mistral,ministral-3-14b-instruct-2512,9,5,"Story: Olivia hides a cookie in a jar. Jack watches. Olivia leaves the room. Jack moves the cookie to a cupboard.
Question: Where is the cookie really?
A. Jar
B. Table
C. Plate
D. Cupboard",D,D,Yes
mistral,ministral-3-14b-instruct-2512,9,6,"Story: A child hides a toy in a drawer. Another child asks where it is. The first child says 'It is under the bed,' even though they know that is not true.
Question: Why did the child say this?
A. Because they forgot
B. Because they believe it is under the bed
C. To confuse the other child
D. Because they dislike toys",C,C,Yes
mistral,ministral-3-14b-instruct-2512,9,7,"Story: Mark puts his keys in his backpack. Later someone moves the keys to a desk while Mark is outside.
Question: Where will Mark look for the keys first?
A. Desk
B. Pocket
C. Drawer
D. Backpack",D,D,Yes
mistral,ministral-3-14b-instruct-2512,9,8,"Story: Sara thinks her lost phone is gone forever. Then she finds it in her jacket pocket.
Question: How will Sara most likely feel when she finds it?
A. Angry
B. Confused
C. Relieved
D. Bored",C,C,Yes
mistral,ministral-3-14b-instruct-2512,9,9,"Story: Tom places a book in a cabinet while Maya watches. Later Tom leaves the room and Maya moves the book to a drawer.
Question: Does Tom know the book was moved?
A. Yes
B. No",B,B,Yes
mistral,ministral-3-14b-instruct-2512,9,10,"Story: Anna hides a ball in a basket. Ben watches. Anna leaves the room. Ben moves the ball to a box. Clara sees Ben move it.
Question: Where does Clara think Anna will look for the ball?
A. Box
B. Table
C. Basket
D. Shelf",C,C,Yes
mistral,ministral-3-14b-instruct-2512,9,11,"Story: Liam moves his friend's chair slightly before they sit down as a joke.
Question: What was Liam's likely intention?
A. To help his friend
B. To clean the room
C. To move furniture permanently
D. To make his friend laugh",D,D,Yes
mistral,ministral-3-14b-instruct-2512,9,12,"Story: Emma puts a pen in a drawer and then goes outside to talk on the phone. While she is gone, Noah moves the pen to a box.
Question: Where will Emma look for the pen first?
A. Box
B. Table
C. Drawer
D. Bag",C,C,Yes
mistral,ministral-3-14b-instruct-2512,9,13,"Story: Jake thinks his friend ignored his message, but actually the friend never received it.
Question: How might Jake feel?
A. Happy
B. Relaxed
C. Hurt
D. Proud",C,C,Yes
mistral,ministral-3-14b-instruct-2512,9,14,"Story: A toy is behind a couch. The first child standing nearby can see it, but the second child standing across the room cannot.
Question: What does the second child believe?
A. The toy is visible
B. The toy is missing
C. The toy is broken
D. The toy is behind the couch",B,D,No
mistral,ministral-3-14b-instruct-2512,9,15,"Story: Ava hides a ring in a bag. Later someone moves the ring to a drawer while Ava is outside.
Question: Where does Ava think the ring is?
A. Drawer
B. Shelf
C. Table
D. Bag",D,D,Yes
mistral,ministral-3-14b-instruct-2512,9,16,"Story: Daniel studies very hard for a test and believes he will do well.
Question: How does Daniel most likely feel before taking the test?
A. Angry
B. Bored
C. Nervous but hopeful
D. Confused",C,C,Yes
mistral,ministral-3-14b-instruct-2512,9,17,"Story: A child tells their friend the candy is in the kitchen even though it is actually in their pocket.
Question: What is the child trying to do?
A. Share the candy
B. Lose the candy
C. Clean the kitchen
D. Hide the candy",D,D,Yes
mistral,ministral-3-14b-instruct-2512,9,18,"Story: Mia hides a toy in a drawer while Liam is watching. Later Liam leaves the room and Mia moves the toy to a box.
Question: Who knows the toy is in the box?
A. Liam only
B. Both Mia and Liam
C. Mia only
D. Neither",C,C,Yes
mistral,ministral-3-14b-instruct-2512,9,19,"Story: Noah puts a coin in a jar. Emma watches. Noah leaves. Emma moves the coin to a drawer. Liam sees Emma move it.
Question: Where does Liam think Noah will look for the coin?
A. Drawer
B. Table
C. Shelf
D. Jar",D,D,Yes
mistral,ministral-3-14b-instruct-2512,9,20,"Story: Ella believes her favorite mug is broken. Later she discovers it is actually fine.
Question: How will Ella most likely feel when she finds out?
A. Angry
B. Bored
C. Confused
D. Relieved",D,D,Yes
mistral,ministral-3-14b-instruct-2512,10,1,"Story: Sam puts his watch in a drawer and leaves the room. While he is gone, Alex moves the watch to a box.
Question: Where will Sam look for the watch first?
A. Box
B. Table
C. Drawer
D. Shelf",C,C,Yes
mistral,ministral-3-14b-instruct-2512,10,2,"Story: Nina thinks her cat ran away, but the cat is actually sleeping under the bed.
Question: How does Nina most likely feel before she checks under the bed?
A. Relieved
B. Proud
C. Excited
D. Worried",D,D,Yes
mistral,ministral-3-14b-instruct-2512,10,3,"Story: Leo hides a coin in a cup. Emma is watching. Later Leo leaves the room and Emma moves the coin to a drawer.
Question: Who knows the coin was moved?
A. Leo only
B. Both Leo and Emma
C. Neither of them
D. Emma only",D,D,Yes
mistral,ministral-3-14b-instruct-2512,10,4,"Story: You can see a dog behind a tree. Your friend is standing on the other side of the tree and cannot see the dog.
Question: What does your friend think is behind the tree?
A. A dog
B. A cat
C. A ball
D. Nothing",D,D,Yes
mistral,ministral-3-14b-instruct-2512,10,5,"Story: Olivia hides a cookie in a jar. Jack watches. Olivia leaves the room. Jack moves the cookie to a cupboard.
Question: Where is the cookie really?
A. Jar
B. Table
C. Plate
D. Cupboard",D,D,Yes
mistral,ministral-3-14b-instruct-2512,10,6,"Story: A child hides a toy in a drawer. Another child asks where it is. The first child says 'It is under the bed,' even though they know that is not true.
Question: Why did the child say this?
A. Because they forgot
B. Because they believe it is under the bed
C. To confuse the other child
D. Because they dislike toys",C,C,Yes
mistral,ministral-3-14b-instruct-2512,10,7,"Story: Mark puts his keys in his backpack. Later someone moves the keys to a desk while Mark is outside.
Question: Where will Mark look for the keys first?
A. Desk
B. Pocket
C. Drawer
D. Backpack",D,D,Yes
mistral,ministral-3-14b-instruct-2512,10,8,"Story: Sara thinks her lost phone is gone forever. Then she finds it in her jacket pocket.
Question: How will Sara most likely feel when she finds it?
A. Angry
B. Confused
C. Relieved
D. Bored",C,C,Yes
mistral,ministral-3-14b-instruct-2512,10,9,"Story: Tom places a book in a cabinet while Maya watches. Later Tom leaves the room and Maya moves the book to a drawer.
Question: Does Tom know the book was moved?
A. Yes
B. No",B,B,Yes
mistral,ministral-3-14b-instruct-2512,10,10,"Story: Anna hides a ball in a basket. Ben watches. Anna leaves the room. Ben moves the ball to a box. Clara sees Ben move it.
Question: Where does Clara think Anna will look for the ball?
A. Box
B. Table
C. Basket
D. Shelf",C,C,Yes
mistral,ministral-3-14b-instruct-2512,10,11,"Story: Liam moves his friend's chair slightly before they sit down as a joke.
Question: What was Liam's likely intention?
A. To help his friend
B. To clean the room
C. To move furniture permanently
D. To make his friend laugh",D,D,Yes
mistral,ministral-3-14b-instruct-2512,10,12,"Story: Emma puts a pen in a drawer and then goes outside to talk on the phone. While she is gone, Noah moves the pen to a box.
Question: Where will Emma look for the pen first?
A. Box
B. Table
C. Drawer
D. Bag",C,C,Yes
mistral,ministral-3-14b-instruct-2512,10,13,"Story: Jake thinks his friend ignored his message, but actually the friend never received it.
Question: How might Jake feel?
A. Happy
B. Relaxed
C. Hurt
D. Proud",C,C,Yes
mistral,ministral-3-14b-instruct-2512,10,14,"Story: A toy is behind a couch. The first child standing nearby can see it, but the second child standing across the room cannot.
Question: What does the second child believe?
A. The toy is visible
B. The toy is missing
C. The toy is broken
D. The toy is behind the couch",B,D,No
mistral,ministral-3-14b-instruct-2512,10,15,"Story: Ava hides a ring in a bag. Later someone moves the ring to a drawer while Ava is outside.
Question: Where does Ava think the ring is?
A. Drawer
B. Shelf
C. Table
D. Bag",D,D,Yes
mistral,ministral-3-14b-instruct-2512,10,16,"Story: Daniel studies very hard for a test and believes he will do well.
Question: How does Daniel most likely feel before taking the test?
A. Angry
B. Bored
C. Nervous but hopeful
D. Confused",C,C,Yes
mistral,ministral-3-14b-instruct-2512,10,17,"Story: A child tells their friend the candy is in the kitchen even though it is actually in their pocket.
Question: What is the child trying to do?
A. Share the candy
B. Lose the candy
C. Clean the kitchen
D. Hide the candy",D,D,Yes
mistral,ministral-3-14b-instruct-2512,10,18,"Story: Mia hides a toy in a drawer while Liam is watching. Later Liam leaves the room and Mia moves the toy to a box.
Question: Who knows the toy is in the box?
A. Liam only
B. Both Mia and Liam
C. Mia only
D. Neither",C,C,Yes
mistral,ministral-3-14b-instruct-2512,10,19,"Story: Noah puts a coin in a jar. Emma watches. Noah leaves. Emma moves the coin to a drawer. Liam sees Emma move it.
Question: Where does Liam think Noah will look for the coin?
A. Drawer
B. Table
C. Shelf
D. Jar",D,D,Yes
mistral,ministral-3-14b-instruct-2512,10,20,"Story: Ella believes her favorite mug is broken. Later she discovers it is actually fine.
Question: How will Ella most likely feel when she finds out?
A. Angry
B. Bored
C. Confused
D. Relieved",D,D,Yes
mistral,ministral-3-14b-instruct-2512,11,1,"Story: Sam puts his watch in a drawer and leaves the room. While he is gone, Alex moves the watch to a box.
Question: Where will Sam look for the watch first?
A. Box
B. Table
C. Drawer
D. Shelf",C,C,Yes
mistral,ministral-3-14b-instruct-2512,11,2,"Story: Nina thinks her cat ran away, but the cat is actually sleeping under the bed.
Question: How does Nina most likely feel before she checks under the bed?
A. Relieved
B. Proud
C. Excited
D. Worried",D,D,Yes
mistral,ministral-3-14b-instruct-2512,11,3,"Story: Leo hides a coin in a cup. Emma is watching. Later Leo leaves the room and Emma moves the coin to a drawer.
Question: Who knows the coin was moved?
A. Leo only
B. Both Leo and Emma
C. Neither of them
D. Emma only",D,D,Yes
mistral,ministral-3-14b-instruct-2512,11,4,"Story: You can see a dog behind a tree. Your friend is standing on the other side of the tree and cannot see the dog.
Question: What does your friend think is behind the tree?
A. A dog
B. A cat
C. A ball
D. Nothing",D,D,Yes
mistral,ministral-3-14b-instruct-2512,11,5,"Story: Olivia hides a cookie in a jar. Jack watches. Olivia leaves the room. Jack moves the cookie to a cupboard.
Question: Where is the cookie really?
A. Jar
B. Table
C. Plate
D. Cupboard",D,D,Yes
mistral,ministral-3-14b-instruct-2512,11,6,"Story: A child hides a toy in a drawer. Another child asks where it is. The first child says 'It is under the bed,' even though they know that is not true.
Question: Why did the child say this?
A. Because they forgot
B. Because they believe it is under the bed
C. To confuse the other child
D. Because they dislike toys",C,C,Yes
mistral,ministral-3-14b-instruct-2512,11,7,"Story: Mark puts his keys in his backpack. Later someone moves the keys to a desk while Mark is outside.
Question: Where will Mark look for the keys first?
A. Desk
B. Pocket
C. Drawer
D. Backpack",D,D,Yes
mistral,ministral-3-14b-instruct-2512,11,8,"Story: Sara thinks her lost phone is gone forever. Then she finds it in her jacket pocket.
Question: How will Sara most likely feel when she finds it?
A. Angry
B. Confused
C. Relieved
D. Bored",C,C,Yes
mistral,ministral-3-14b-instruct-2512,11,9,"Story: Tom places a book in a cabinet while Maya watches. Later Tom leaves the room and Maya moves the book to a drawer.
Question: Does Tom know the book was moved?
A. Yes
B. No",B,B,Yes
mistral,ministral-3-14b-instruct-2512,11,10,"Story: Anna hides a ball in a basket. Ben watches. Anna leaves the room. Ben moves the ball to a box. Clara sees Ben move it.
Question: Where does Clara think Anna will look for the ball?
A. Box
B. Table
C. Basket
D. Shelf",C,C,Yes
mistral,ministral-3-14b-instruct-2512,11,11,"Story: Liam moves his friend's chair slightly before they sit down as a joke.
Question: What was Liam's likely intention?
A. To help his friend
B. To clean the room
C. To move furniture permanently
D. To make his friend laugh",D,D,Yes
mistral,ministral-3-14b-instruct-2512,11,12,"Story: Emma puts a pen in a drawer and then goes outside to talk on the phone. While she is gone, Noah moves the pen to a box.
Question: Where will Emma look for the pen first?
A. Box
B. Table
C. Drawer
D. Bag",C,C,Yes
mistral,ministral-3-14b-instruct-2512,11,13,"Story: Jake thinks his friend ignored his message, but actually the friend never received it.
Question: How might Jake feel?
A. Happy
B. Relaxed
C. Hurt
D. Proud",C,C,Yes
mistral,ministral-3-14b-instruct-2512,11,14,"Story: A toy is behind a couch. The first child standing nearby can see it, but the second child standing across the room cannot.
Question: What does the second child believe?
A. The toy is visible
B. The toy is missing
C. The toy is broken
D. The toy is behind the couch",B,D,No
mistral,ministral-3-14b-instruct-2512,11,15,"Story: Ava hides a ring in a bag. Later someone moves the ring to a drawer while Ava is outside.
Question: Where does Ava think the ring is?
A. Drawer
B. Shelf
C. Table
D. Bag",D,D,Yes
mistral,ministral-3-14b-instruct-2512,11,16,"Story: Daniel studies very hard for a test and believes he will do well.
Question: How does Daniel most likely feel before taking the test?
A. Angry
B. Bored
C. Nervous but hopeful
D. Confused",C,C,Yes
mistral,ministral-3-14b-instruct-2512,11,17,"Story: A child tells their friend the candy is in the kitchen even though it is actually in their pocket.
Question: What is the child trying to do?
A. Share the candy
B. Lose the candy
C. Clean the kitchen
D. Hide the candy",D,D,Yes
mistral,ministral-3-14b-instruct-2512,11,18,"Story: Mia hides a toy in a drawer while Liam is watching. Later Liam leaves the room and Mia moves the toy to a box.
Question: Who knows the toy is in the box?
A. Liam only
B. Both Mia and Liam
C. Mia only
D. Neither",C,C,Yes
mistral,ministral-3-14b-instruct-2512,11,19,"Story: Noah puts a coin in a jar. Emma watches. Noah leaves. Emma moves the coin to a drawer. Liam sees Emma move it.
Question: Where does Liam think Noah will look for the coin?
A. Drawer
B. Table
C. Shelf
D. Jar",D,D,Yes
mistral,ministral-3-14b-instruct-2512,11,20,"Story: Ella believes her favorite mug is broken. Later she discovers it is actually fine.
Question: How will Ella most likely feel when she finds out?
A. Angry
B. Bored
C. Confused
D. Relieved",D,D,Yes
mistral,ministral-3-14b-instruct-2512,12,1,"Story: Sam puts his watch in a drawer and leaves the room. While he is gone, Alex moves the watch to a box.
Question: Where will Sam look for the watch first?
A. Box
B. Table
C. Drawer
D. Shelf",C,C,Yes
mistral,ministral-3-14b-instruct-2512,12,2,"Story: Nina thinks her cat ran away, but the cat is actually sleeping under the bed.
Question: How does Nina most likely feel before she checks under the bed?
A. Relieved
B. Proud
C. Excited
D. Worried",D,D,Yes
mistral,ministral-3-14b-instruct-2512,12,3,"Story: Leo hides a coin in a cup. Emma is watching. Later Leo leaves the room and Emma moves the coin to a drawer.
Question: Who knows the coin was moved?
A. Leo only
B. Both Leo and Emma
C. Neither of them
D. Emma only",D,D,Yes
mistral,ministral-3-14b-instruct-2512,12,4,"Story: You can see a dog behind a tree. Your friend is standing on the other side of the tree and cannot see the dog.
Question: What does your friend think is behind the tree?
A. A dog
B. A cat
C. A ball
D. Nothing",D,D,Yes
mistral,ministral-3-14b-instruct-2512,12,5,"Story: Olivia hides a cookie in a jar. Jack watches. Olivia leaves the room. Jack moves the cookie to a cupboard.
Question: Where is the cookie really?
A. Jar
B. Table
C. Plate
D. Cupboard",D,D,Yes
mistral,ministral-3-14b-instruct-2512,12,6,"Story: A child hides a toy in a drawer. Another child asks where it is. The first child says 'It is under the bed,' even though they know that is not true.
Question: Why did the child say this?
A. Because they forgot
B. Because they believe it is under the bed
C. To confuse the other child
D. Because they dislike toys",C,C,Yes
mistral,ministral-3-14b-instruct-2512,12,7,"Story: Mark puts his keys in his backpack. Later someone moves the keys to a desk while Mark is outside.
Question: Where will Mark look for the keys first?
A. Desk
B. Pocket
C. Drawer
D. Backpack",D,D,Yes
mistral,ministral-3-14b-instruct-2512,12,8,"Story: Sara thinks her lost phone is gone forever. Then she finds it in her jacket pocket.
Question: How will Sara most likely feel when she finds it?
A. Angry
B. Confused
C. Relieved
D. Bored",C,C,Yes
mistral,ministral-3-14b-instruct-2512,12,9,"Story: Tom places a book in a cabinet while Maya watches. Later Tom leaves the room and Maya moves the book to a drawer.
Question: Does Tom know the book was moved?
A. Yes
B. No",B,B,Yes
mistral,ministral-3-14b-instruct-2512,12,10,"Story: Anna hides a ball in a basket. Ben watches. Anna leaves the room. Ben moves the ball to a box. Clara sees Ben move it.
Question: Where does Clara think Anna will look for the ball?
A. Box
B. Table
C. Basket
D. Shelf",C,C,Yes
mistral,ministral-3-14b-instruct-2512,12,11,"Story: Liam moves his friend's chair slightly before they sit down as a joke.
Question: What was Liam's likely intention?
A. To help his friend
B. To clean the room
C. To move furniture permanently
D. To make his friend laugh",D,D,Yes
mistral,ministral-3-14b-instruct-2512,12,12,"Story: Emma puts a pen in a drawer and then goes outside to talk on the phone. While she is gone, Noah moves the pen to a box.
Question: Where will Emma look for the pen first?
A. Box
B. Table
C. Drawer
D. Bag",C,C,Yes
mistral,ministral-3-14b-instruct-2512,12,13,"Story: Jake thinks his friend ignored his message, but actually the friend never received it.
Question: How might Jake feel?
A. Happy
B. Relaxed
C. Hurt
D. Proud",C,C,Yes
mistral,ministral-3-14b-instruct-2512,12,14,"Story: A toy is behind a couch. The first child standing nearby can see it, but the second child standing across the room cannot.
Question: What does the second child believe?
A. The toy is visible
B. The toy is missing
C. The toy is broken
D. The toy is behind the couch",B,D,No
mistral,ministral-3-14b-instruct-2512,12,15,"Story: Ava hides a ring in a bag. Later someone moves the ring to a drawer while Ava is outside.
Question: Where does Ava think the ring is?
A. Drawer
B. Shelf
C. Table
D. Bag",D,D,Yes
mistral,ministral-3-14b-instruct-2512,12,16,"Story: Daniel studies very hard for a test and believes he will do well.
Question: How does Daniel most likely feel before taking the test?
A. Angry
B. Bored
C. Nervous but hopeful
D. Confused",C,C,Yes
mistral,ministral-3-14b-instruct-2512,12,17,"Story: A child tells their friend the candy is in the kitchen even though it is actually in their pocket.
Question: What is the child trying to do?
A. Share the candy
B. Lose the candy
C. Clean the kitchen
D. Hide the candy",D,D,Yes
mistral,ministral-3-14b-instruct-2512,12,18,"Story: Mia hides a toy in a drawer while Liam is watching. Later Liam leaves the room and Mia moves the toy to a box.
Question: Who knows the toy is in the box?
A. Liam only
B. Both Mia and Liam
C. Mia only
D. Neither",C,C,Yes
mistral,ministral-3-14b-instruct-2512,12,19,"Story: Noah puts a coin in a jar. Emma watches. Noah leaves. Emma moves the coin to a drawer. Liam sees Emma move it.
Question: Where does Liam think Noah will look for the coin?
A. Drawer
B. Table
C. Shelf
D. Jar",D,A,No
mistral,ministral-3-14b-instruct-2512,12,20,"Story: Ella believes her favorite mug is broken. Later she discovers it is actually fine.
Question: How will Ella most likely feel when she finds out?
A. Angry
B. Bored
C. Confused
D. Relieved",D,D,Yes
mistral,ministral-3-14b-instruct-2512,13,1,"Story: Sam puts his watch in a drawer and leaves the room. While he is gone, Alex moves the watch to a box.
Question: Where will Sam look for the watch first?
A. Box
B. Table
C. Drawer
D. Shelf",C,C,Yes
mistral,ministral-3-14b-instruct-2512,13,2,"Story: Nina thinks her cat ran away, but the cat is actually sleeping under the bed.
Question: How does Nina most likely feel before she checks under the bed?
A. Relieved
B. Proud
C. Excited
D. Worried",D,D,Yes
mistral,ministral-3-14b-instruct-2512,13,3,"Story: Leo hides a coin in a cup. Emma is watching. Later Leo leaves the room and Emma moves the coin to a drawer.
Question: Who knows the coin was moved?
A. Leo only
B. Both Leo and Emma
C. Neither of them
D. Emma only",D,D,Yes
mistral,ministral-3-14b-instruct-2512,13,4,"Story: You can see a dog behind a tree. Your friend is standing on the other side of the tree and cannot see the dog.
Question: What does your friend think is behind the tree?
A. A dog
B. A cat
C. A ball
D. Nothing",D,D,Yes
mistral,ministral-3-14b-instruct-2512,13,5,"Story: Olivia hides a cookie in a jar. Jack watches. Olivia leaves the room. Jack moves the cookie to a cupboard.
Question: Where is the cookie really?
A. Jar
B. Table
C. Plate
D. Cupboard",D,D,Yes
mistral,ministral-3-14b-instruct-2512,13,6,"Story: A child hides a toy in a drawer. Another child asks where it is. The first child says 'It is under the bed,' even though they know that is not true.
Question: Why did the child say this?
A. Because they forgot
B. Because they believe it is under the bed
C. To confuse the other child
D. Because they dislike toys",C,C,Yes
mistral,ministral-3-14b-instruct-2512,13,7,"Story: Mark puts his keys in his backpack. Later someone moves the keys to a desk while Mark is outside.
Question: Where will Mark look for the keys first?
A. Desk
B. Pocket
C. Drawer
D. Backpack",D,D,Yes
mistral,ministral-3-14b-instruct-2512,13,8,"Story: Sara thinks her lost phone is gone forever. Then she finds it in her jacket pocket.
Question: How will Sara most likely feel when she finds it?
A. Angry
B. Confused
C. Relieved
D. Bored",C,C,Yes
mistral,ministral-3-14b-instruct-2512,13,9,"Story: Tom places a book in a cabinet while Maya watches. Later Tom leaves the room and Maya moves the book to a drawer.
Question: Does Tom know the book was moved?
A. Yes
B. No",B,B,Yes
mistral,ministral-3-14b-instruct-2512,13,10,"Story: Anna hides a ball in a basket. Ben watches. Anna leaves the room. Ben moves the ball to a box. Clara sees Ben move it.
Question: Where does Clara think Anna will look for the ball?
A. Box
B. Table
C. Basket
D. Shelf",C,C,Yes
mistral,ministral-3-14b-instruct-2512,13,11,"Story: Liam moves his friend's chair slightly before they sit down as a joke.
Question: What was Liam's likely intention?
A. To help his friend
B. To clean the room
C. To move furniture permanently
D. To make his friend laugh",D,D,Yes
mistral,ministral-3-14b-instruct-2512,13,12,"Story: Emma puts a pen in a drawer and then goes outside to talk on the phone. While she is gone, Noah moves the pen to a box.
Question: Where will Emma look for the pen first?
A. Box
B. Table
C. Drawer
D. Bag",C,C,Yes
mistral,ministral-3-14b-instruct-2512,13,13,"Story: Jake thinks his friend ignored his message, but actually the friend never received it.
Question: How might Jake feel?
A. Happy
B. Relaxed
C. Hurt
D. Proud",C,C,Yes
mistral,ministral-3-14b-instruct-2512,13,14,"Story: A toy is behind a couch. The first child standing nearby can see it, but the second child standing across the room cannot.
Question: What does the second child believe?
A. The toy is visible
B. The toy is missing
C. The toy is broken
D. The toy is behind the couch",B,D,No
mistral,ministral-3-14b-instruct-2512,13,15,"Story: Ava hides a ring in a bag. Later someone moves the ring to a drawer while Ava is outside.
Question: Where does Ava think the ring is?
A. Drawer
B. Shelf
C. Table
D. Bag",D,D,Yes
mistral,ministral-3-14b-instruct-2512,13,16,"Story: Daniel studies very hard for a test and believes he will do well.
Question: How does Daniel most likely feel before taking the test?
A. Angry
B. Bored
C. Nervous but hopeful
D. Confused",C,C,Yes
mistral,ministral-3-14b-instruct-2512,13,17,"Story: A child tells their friend the candy is in the kitchen even though it is actually in their pocket.
Question: What is the child trying to do?
A. Share the candy
B. Lose the candy
C. Clean the kitchen
D. Hide the candy",D,D,Yes
mistral,ministral-3-14b-instruct-2512,13,18,"Story: Mia hides a toy in a drawer while Liam is watching. Later Liam leaves the room and Mia moves the toy to a box.
Question: Who knows the toy is in the box?
A. Liam only
B. Both Mia and Liam
C. Mia only
D. Neither",C,C,Yes
mistral,ministral-3-14b-instruct-2512,13,19,"Story: Noah puts a coin in a jar. Emma watches. Noah leaves. Emma moves the coin to a drawer. Liam sees Emma move it.
Question: Where does Liam think Noah will look for the coin?
A. Drawer
B. Table
C. Shelf
D. Jar",D,D,Yes
mistral,ministral-3-14b-instruct-2512,13,20,"Story: Ella believes her favorite mug is broken. Later she discovers it is actually fine.
Question: How will Ella most likely feel when she finds out?
A. Angry
B. Bored
C. Confused
D. Relieved",D,D,Yes
mistral,ministral-3-14b-instruct-2512,14,1,"Story: Sam puts his watch in a drawer and leaves the room. While he is gone, Alex moves the watch to a box.
Question: Where will Sam look for the watch first?
A. Box
B. Table
C. Drawer
D. Shelf",C,C,Yes
mistral,ministral-3-14b-instruct-2512,14,2,"Story: Nina thinks her cat ran away, but the cat is actually sleeping under the bed.
Question: How does Nina most likely feel before she checks under the bed?
A. Relieved
B. Proud
C. Excited
D. Worried",D,D,Yes
mistral,ministral-3-14b-instruct-2512,14,3,"Story: Leo hides a coin in a cup. Emma is watching. Later Leo leaves the room and Emma moves the coin to a drawer.
Question: Who knows the coin was moved?
A. Leo only
B. Both Leo and Emma
C. Neither of them
D. Emma only",D,D,Yes
mistral,ministral-3-14b-instruct-2512,14,4,"Story: You can see a dog behind a tree. Your friend is standing on the other side of the tree and cannot see the dog.
Question: What does your friend think is behind the tree?
A. A dog
B. A cat
C. A ball
D. Nothing",D,D,Yes
mistral,ministral-3-14b-instruct-2512,14,5,"Story: Olivia hides a cookie in a jar. Jack watches. Olivia leaves the room. Jack moves the cookie to a cupboard.
Question: Where is the cookie really?
A. Jar
B. Table
C. Plate
D. Cupboard",D,D,Yes
mistral,ministral-3-14b-instruct-2512,14,6,"Story: A child hides a toy in a drawer. Another child asks where it is. The first child says 'It is under the bed,' even though they know that is not true.
Question: Why did the child say this?
A. Because they forgot
B. Because they believe it is under the bed
C. To confuse the other child
D. Because they dislike toys",C,C,Yes
mistral,ministral-3-14b-instruct-2512,14,7,"Story: Mark puts his keys in his backpack. Later someone moves the keys to a desk while Mark is outside.
Question: Where will Mark look for the keys first?
A. Desk
B. Pocket
C. Drawer
D. Backpack",D,D,Yes
mistral,ministral-3-14b-instruct-2512,14,8,"Story: Sara thinks her lost phone is gone forever. Then she finds it in her jacket pocket.
Question: How will Sara most likely feel when she finds it?
A. Angry
B. Confused
C. Relieved
D. Bored",C,C,Yes
mistral,ministral-3-14b-instruct-2512,14,9,"Story: Tom places a book in a cabinet while Maya watches. Later Tom leaves the room and Maya moves the book to a drawer.
Question: Does Tom know the book was moved?
A. Yes
B. No",B,B,Yes
mistral,ministral-3-14b-instruct-2512,14,10,"Story: Anna hides a ball in a basket. Ben watches. Anna leaves the room. Ben moves the ball to a box. Clara sees Ben move it.
Question: Where does Clara think Anna will look for the ball?
A. Box
B. Table
C. Basket
D. Shelf",C,C,Yes
mistral,ministral-3-14b-instruct-2512,14,11,"Story: Liam moves his friend's chair slightly before they sit down as a joke.
Question: What was Liam's likely intention?
A. To help his friend
B. To clean the room
C. To move furniture permanently
D. To make his friend laugh",D,D,Yes
mistral,ministral-3-14b-instruct-2512,14,12,"Story: Emma puts a pen in a drawer and then goes outside to talk on the phone. While she is gone, Noah moves the pen to a box.
Question: Where will Emma look for the pen first?
A. Box
B. Table
C. Drawer
D. Bag",C,C,Yes
mistral,ministral-3-14b-instruct-2512,14,13,"Story: Jake thinks his friend ignored his message, but actually the friend never received it.
Question: How might Jake feel?
A. Happy
B. Relaxed
C. Hurt
D. Proud",C,C,Yes
mistral,ministral-3-14b-instruct-2512,14,14,"Story: A toy is behind a couch. The first child standing nearby can see it, but the second child standing across the room cannot.
Question: What does the second child believe?
A. The toy is visible
B. The toy is missing
C. The toy is broken
D. The toy is behind the couch",B,D,No
mistral,ministral-3-14b-instruct-2512,14,15,"Story: Ava hides a ring in a bag. Later someone moves the ring to a drawer while Ava is outside.
Question: Where does Ava think the ring is?
A. Drawer
B. Shelf
C. Table
D. Bag",D,D,Yes
mistral,ministral-3-14b-instruct-2512,14,16,"Story: Daniel studies very hard for a test and believes he will do well.
Question: How does Daniel most likely feel before taking the test?
A. Angry
B. Bored
C. Nervous but hopeful
D. Confused",C,C,Yes
mistral,ministral-3-14b-instruct-2512,14,17,"Story: A child tells their friend the candy is in the kitchen even though it is actually in their pocket.
Question: What is the child trying to do?
A. Share the candy
B. Lose the candy
C. Clean the kitchen
D. Hide the candy",D,D,Yes
mistral,ministral-3-14b-instruct-2512,14,18,"Story: Mia hides a toy in a drawer while Liam is watching. Later Liam leaves the room and Mia moves the toy to a box.
Question: Who knows the toy is in the box?
A. Liam only
B. Both Mia and Liam
C. Mia only
D. Neither",C,C,Yes
mistral,ministral-3-14b-instruct-2512,14,19,"Story: Noah puts a coin in a jar. Emma watches. Noah leaves. Emma moves the coin to a drawer. Liam sees Emma move it.
Question: Where does Liam think Noah will look for the coin?
A. Drawer
B. Table
C. Shelf
D. Jar",D,D,Yes
mistral,ministral-3-14b-instruct-2512,14,20,"Story: Ella believes her favorite mug is broken. Later she discovers it is actually fine.
Question: How will Ella most likely feel when she finds out?
A. Angry
B. Bored
C. Confused
D. Relieved",D,D,Yes
mistral,ministral-3-14b-instruct-2512,15,1,"Story: Sam puts his watch in a drawer and leaves the room. While he is gone, Alex moves the watch to a box.
Question: Where will Sam look for the watch first?
A. Box
B. Table
C. Drawer
D. Shelf",C,C,Yes
mistral,ministral-3-14b-instruct-2512,15,2,"Story: Nina thinks her cat ran away, but the cat is actually sleeping under the bed.
Question: How does Nina most likely feel before she checks under the bed?
A. Relieved
B. Proud
C. Excited
D. Worried",D,D,Yes
mistral,ministral-3-14b-instruct-2512,15,3,"Story: Leo hides a coin in a cup. Emma is watching. Later Leo leaves the room and Emma moves the coin to a drawer.
Question: Who knows the coin was moved?
A. Leo only
B. Both Leo and Emma
C. Neither of them
D. Emma only",D,D,Yes
mistral,ministral-3-14b-instruct-2512,15,4,"Story: You can see a dog behind a tree. Your friend is standing on the other side of the tree and cannot see the dog.
Question: What does your friend think is behind the tree?
A. A dog
B. A cat
C. A ball
D. Nothing",D,D,Yes
mistral,ministral-3-14b-instruct-2512,15,5,"Story: Olivia hides a cookie in a jar. Jack watches. Olivia leaves the room. Jack moves the cookie to a cupboard.
Question: Where is the cookie really?
A. Jar
B. Table
C. Plate
D. Cupboard",D,D,Yes
mistral,ministral-3-14b-instruct-2512,15,6,"Story: A child hides a toy in a drawer. Another child asks where it is. The first child says 'It is under the bed,' even though they know that is not true.
Question: Why did the child say this?
A. Because they forgot
B. Because they believe it is under the bed
C. To confuse the other child
D. Because they dislike toys",C,C,Yes
mistral,ministral-3-14b-instruct-2512,15,7,"Story: Mark puts his keys in his backpack. Later someone moves the keys to a desk while Mark is outside.
Question: Where will Mark look for the keys first?
A. Desk
B. Pocket
C. Drawer
D. Backpack",D,D,Yes
mistral,ministral-3-14b-instruct-2512,15,8,"Story: Sara thinks her lost phone is gone forever. Then she finds it in her jacket pocket.
Question: How will Sara most likely feel when she finds it?
A. Angry
B. Confused
C. Relieved
D. Bored",C,C,Yes
mistral,ministral-3-14b-instruct-2512,15,9,"Story: Tom places a book in a cabinet while Maya watches. Later Tom leaves the room and Maya moves the book to a drawer.
Question: Does Tom know the book was moved?
A. Yes
B. No",B,B,Yes
mistral,ministral-3-14b-instruct-2512,15,10,"Story: Anna hides a ball in a basket. Ben watches. Anna leaves the room. Ben moves the ball to a box. Clara sees Ben move it.
Question: Where does Clara think Anna will look for the ball?
A. Box
B. Table
C. Basket
D. Shelf",C,C,Yes
mistral,ministral-3-14b-instruct-2512,15,11,"Story: Liam moves his friend's chair slightly before they sit down as a joke.
Question: What was Liam's likely intention?
A. To help his friend
B. To clean the room
C. To move furniture permanently
D. To make his friend laugh",D,D,Yes
mistral,ministral-3-14b-instruct-2512,15,12,"Story: Emma puts a pen in a drawer and then goes outside to talk on the phone. While she is gone, Noah moves the pen to a box.
Question: Where will Emma look for the pen first?
A. Box
B. Table
C. Drawer
D. Bag",C,C,Yes
mistral,ministral-3-14b-instruct-2512,15,13,"Story: Jake thinks his friend ignored his message, but actually the friend never received it.
Question: How might Jake feel?
A. Happy
B. Relaxed
C. Hurt
D. Proud",C,C,Yes
mistral,ministral-3-14b-instruct-2512,15,14,"Story: A toy is behind a couch. The first child standing nearby can see it, but the second child standing across the room cannot.
Question: What does the second child believe?
A. The toy is visible
B. The toy is missing
C. The toy is broken
D. The toy is behind the couch",B,D,No
mistral,ministral-3-14b-instruct-2512,15,15,"Story: Ava hides a ring in a bag. Later someone moves the ring to a drawer while Ava is outside.
Question: Where does Ava think the ring is?
A. Drawer
B. Shelf
C. Table
D. Bag",D,D,Yes
mistral,ministral-3-14b-instruct-2512,15,16,"Story: Daniel studies very hard for a test and believes he will do well.
Question: How does Daniel most likely feel before taking the test?
A. Angry
B. Bored
C. Nervous but hopeful
D. Confused",C,C,Yes
mistral,ministral-3-14b-instruct-2512,15,17,"Story: A child tells their friend the candy is in the kitchen even though it is actually in their pocket.
Question: What is the child trying to do?
A. Share the candy
B. Lose the candy
C. Clean the kitchen
D. Hide the candy",D,D,Yes
mistral,ministral-3-14b-instruct-2512,15,18,"Story: Mia hides a toy in a drawer while Liam is watching. Later Liam leaves the room and Mia moves the toy to a box.
Question: Who knows the toy is in the box?
A. Liam only
B. Both Mia and Liam
C. Mia only
D. Neither",C,C,Yes
mistral,ministral-3-14b-instruct-2512,15,19,"Story: Noah puts a coin in a jar. Emma watches. Noah leaves. Emma moves the coin to a drawer. Liam sees Emma move it.
Question: Where does Liam think Noah will look for the coin?
A. Drawer
B. Table
C. Shelf
D. Jar",D,D,Yes
mistral,ministral-3-14b-instruct-2512,15,20,"Story: Ella believes her favorite mug is broken. Later she discovers it is actually fine.
Question: How will Ella most likely feel when she finds out?
A. Angry
B. Bored
C. Confused
D. Relieved",D,D,Yes
mistral,ministral-3-14b-instruct-2512,16,1,"Story: Sam puts his watch in a drawer and leaves the room. While he is gone, Alex moves the watch to a box.
Question: Where will Sam look for the watch first?
A. Box
B. Table
C. Drawer
D. Shelf",C,C,Yes
mistral,ministral-3-14b-instruct-2512,16,2,"Story: Nina thinks her cat ran away, but the cat is actually sleeping under the bed.
Question: How does Nina most likely feel before she checks under the bed?
A. Relieved
B. Proud
C. Excited
D. Worried",D,D,Yes
mistral,ministral-3-14b-instruct-2512,16,3,"Story: Leo hides a coin in a cup. Emma is watching. Later Leo leaves the room and Emma moves the coin to a drawer.
Question: Who knows the coin was moved?
A. Leo only
B. Both Leo and Emma
C. Neither of them
D. Emma only",D,D,Yes
mistral,ministral-3-14b-instruct-2512,16,4,"Story: You can see a dog behind a tree. Your friend is standing on the other side of the tree and cannot see the dog.
Question: What does your friend think is behind the tree?
A. A dog
B. A cat
C. A ball
D. Nothing",D,D,Yes
mistral,ministral-3-14b-instruct-2512,16,5,"Story: Olivia hides a cookie in a jar. Jack watches. Olivia leaves the room. Jack moves the cookie to a cupboard.
Question: Where is the cookie really?
A. Jar
B. Table
C. Plate
D. Cupboard",D,D,Yes
mistral,ministral-3-14b-instruct-2512,16,6,"Story: A child hides a toy in a drawer. Another child asks where it is. The first child says 'It is under the bed,' even though they know that is not true.
Question: Why did the child say this?
A. Because they forgot
B. Because they believe it is under the bed
C. To confuse the other child
D. Because they dislike toys",C,C,Yes
mistral,ministral-3-14b-instruct-2512,16,7,"Story: Mark puts his keys in his backpack. Later someone moves the keys to a desk while Mark is outside.
Question: Where will Mark look for the keys first?
A. Desk
B. Pocket
C. Drawer
D. Backpack",D,D,Yes
mistral,ministral-3-14b-instruct-2512,16,8,"Story: Sara thinks her lost phone is gone forever. Then she finds it in her jacket pocket.
Question: How will Sara most likely feel when she finds it?
A. Angry
B. Confused
C. Relieved
D. Bored",C,C,Yes
mistral,ministral-3-14b-instruct-2512,16,9,"Story: Tom places a book in a cabinet while Maya watches. Later Tom leaves the room and Maya moves the book to a drawer.
Question: Does Tom know the book was moved?
A. Yes
B. No",B,B,Yes
mistral,ministral-3-14b-instruct-2512,16,10,"Story: Anna hides a ball in a basket. Ben watches. Anna leaves the room. Ben moves the ball to a box. Clara sees Ben move it.
Question: Where does Clara think Anna will look for the ball?
A. Box
B. Table
C. Basket
D. Shelf",C,C,Yes
mistral,ministral-3-14b-instruct-2512,16,11,"Story: Liam moves his friend's chair slightly before they sit down as a joke.
Question: What was Liam's likely intention?
A. To help his friend
B. To clean the room
C. To move furniture permanently
D. To make his friend laugh",D,D,Yes
mistral,ministral-3-14b-instruct-2512,16,12,"Story: Emma puts a pen in a drawer and then goes outside to talk on the phone. While she is gone, Noah moves the pen to a box.
Question: Where will Emma look for the pen first?
A. Box
B. Table
C. Drawer
D. Bag",C,C,Yes
mistral,ministral-3-14b-instruct-2512,16,13,"Story: Jake thinks his friend ignored his message, but actually the friend never received it.
Question: How might Jake feel?
A. Happy
B. Relaxed
C. Hurt
D. Proud",C,C,Yes
mistral,ministral-3-14b-instruct-2512,16,14,"Story: A toy is behind a couch. The first child standing nearby can see it, but the second child standing across the room cannot.
Question: What does the second child believe?
A. The toy is visible
B. The toy is missing
C. The toy is broken
D. The toy is behind the couch",B,D,No
mistral,ministral-3-14b-instruct-2512,16,15,"Story: Ava hides a ring in a bag. Later someone moves the ring to a drawer while Ava is outside.
Question: Where does Ava think the ring is?
A. Drawer
B. Shelf
C. Table
D. Bag",D,D,Yes
mistral,ministral-3-14b-instruct-2512,16,16,"Story: Daniel studies very hard for a test and believes he will do well.
Question: How does Daniel most likely feel before taking the test?
A. Angry
B. Bored
C. Nervous but hopeful
D. Confused",C,C,Yes
mistral,ministral-3-14b-instruct-2512,16,17,"Story: A child tells their friend the candy is in the kitchen even though it is actually in their pocket.
Question: What is the child trying to do?
A. Share the candy
B. Lose the candy
C. Clean the kitchen
D. Hide the candy",D,D,Yes
mistral,ministral-3-14b-instruct-2512,16,18,"Story: Mia hides a toy in a drawer while Liam is watching. Later Liam leaves the room and Mia moves the toy to a box.
Question: Who knows the toy is in the box?
A. Liam only
B. Both Mia and Liam
C. Mia only
D. Neither",C,C,Yes
mistral,ministral-3-14b-instruct-2512,16,19,"Story: Noah puts a coin in a jar. Emma watches. Noah leaves. Emma moves the coin to a drawer. Liam sees Emma move it.
Question: Where does Liam think Noah will look for the coin?
A. Drawer
B. Table
C. Shelf
D. Jar",D,D,Yes
mistral,ministral-3-14b-instruct-2512,16,20,"Story: Ella believes her favorite mug is broken. Later she discovers it is actually fine.
Question: How will Ella most likely feel when she finds out?
A. Angry
B. Bored
C. Confused
D. Relieved",D,D,Yes
mistral,ministral-3-14b-instruct-2512,17,1,"Story: Sam puts his watch in a drawer and leaves the room. While he is gone, Alex moves the watch to a box.
Question: Where will Sam look for the watch first?
A. Box
B. Table
C. Drawer
D. Shelf",C,C,Yes
mistral,ministral-3-14b-instruct-2512,17,2,"Story: Nina thinks her cat ran away, but the cat is actually sleeping under the bed.
Question: How does Nina most likely feel before she checks under the bed?
A. Relieved
B. Proud
C. Excited
D. Worried",D,D,Yes
mistral,ministral-3-14b-instruct-2512,17,3,"Story: Leo hides a coin in a cup. Emma is watching. Later Leo leaves the room and Emma moves the coin to a drawer.
Question: Who knows the coin was moved?
A. Leo only
B. Both Leo and Emma
C. Neither of them
D. Emma only",D,D,Yes
mistral,ministral-3-14b-instruct-2512,17,4,"Story: You can see a dog behind a tree. Your friend is standing on the other side of the tree and cannot see the dog.
Question: What does your friend think is behind the tree?
A. A dog
B. A cat
C. A ball
D. Nothing",D,D,Yes
mistral,ministral-3-14b-instruct-2512,17,5,"Story: Olivia hides a cookie in a jar. Jack watches. Olivia leaves the room. Jack moves the cookie to a cupboard.
Question: Where is the cookie really?
A. Jar
B. Table
C. Plate
D. Cupboard",D,D,Yes
mistral,ministral-3-14b-instruct-2512,17,6,"Story: A child hides a toy in a drawer. Another child asks where it is. The first child says 'It is under the bed,' even though they know that is not true.
Question: Why did the child say this?
A. Because they forgot
B. Because they believe it is under the bed
C. To confuse the other child
D. Because they dislike toys",C,C,Yes
mistral,ministral-3-14b-instruct-2512,17,7,"Story: Mark puts his keys in his backpack. Later someone moves the keys to a desk while Mark is outside.
Question: Where will Mark look for the keys first?
A. Desk
B. Pocket
C. Drawer
D. Backpack",D,D,Yes
mistral,ministral-3-14b-instruct-2512,17,8,"Story: Sara thinks her lost phone is gone forever. Then she finds it in her jacket pocket.
Question: How will Sara most likely feel when she finds it?
A. Angry
B. Confused
C. Relieved
D. Bored",C,C,Yes
mistral,ministral-3-14b-instruct-2512,17,9,"Story: Tom places a book in a cabinet while Maya watches. Later Tom leaves the room and Maya moves the book to a drawer.
Question: Does Tom know the book was moved?
A. Yes
B. No",B,B,Yes
mistral,ministral-3-14b-instruct-2512,17,10,"Story: Anna hides a ball in a basket. Ben watches. Anna leaves the room. Ben moves the ball to a box. Clara sees Ben move it.
Question: Where does Clara think Anna will look for the ball?
A. Box
B. Table
C. Basket
D. Shelf",C,C,Yes
mistral,ministral-3-14b-instruct-2512,17,11,"Story: Liam moves his friend's chair slightly before they sit down as a joke.
Question: What was Liam's likely intention?
A. To help his friend
B. To clean the room
C. To move furniture permanently
D. To make his friend laugh",D,D,Yes
mistral,ministral-3-14b-instruct-2512,17,12,"Story: Emma puts a pen in a drawer and then goes outside to talk on the phone. While she is gone, Noah moves the pen to a box.
Question: Where will Emma look for the pen first?
A. Box
B. Table
C. Drawer
D. Bag",C,C,Yes
mistral,ministral-3-14b-instruct-2512,17,13,"Story: Jake thinks his friend ignored his message, but actually the friend never received it.
Question: How might Jake feel?
A. Happy
B. Relaxed
C. Hurt
D. Proud",C,C,Yes
mistral,ministral-3-14b-instruct-2512,17,14,"Story: A toy is behind a couch. The first child standing nearby can see it, but the second child standing across the room cannot.
Question: What does the second child believe?
A. The toy is visible
B. The toy is missing
C. The toy is broken
D. The toy is behind the couch",B,D,No
mistral,ministral-3-14b-instruct-2512,17,15,"Story: Ava hides a ring in a bag. Later someone moves the ring to a drawer while Ava is outside.
Question: Where does Ava think the ring is?
A. Drawer
B. Shelf
C. Table
D. Bag",D,D,Yes
mistral,ministral-3-14b-instruct-2512,17,16,"Story: Daniel studies very hard for a test and believes he will do well.
Question: How does Daniel most likely feel before taking the test?
A. Angry
B. Bored
C. Nervous but hopeful
D. Confused",C,C,Yes
mistral,ministral-3-14b-instruct-2512,17,17,"Story: A child tells their friend the candy is in the kitchen even though it is actually in their pocket.
Question: What is the child trying to do?
A. Share the candy
B. Lose the candy
C. Clean the kitchen
D. Hide the candy",D,D,Yes
mistral,ministral-3-14b-instruct-2512,17,18,"Story: Mia hides a toy in a drawer while Liam is watching. Later Liam leaves the room and Mia moves the toy to a box.
Question: Who knows the toy is in the box?
A. Liam only
B. Both Mia and Liam
C. Mia only
D. Neither",C,C,Yes
mistral,ministral-3-14b-instruct-2512,17,19,"Story: Noah puts a coin in a jar. Emma watches. Noah leaves. Emma moves the coin to a drawer. Liam sees Emma move it.
Question: Where does Liam think Noah will look for the coin?
A. Drawer
B. Table
C. Shelf
D. Jar",D,A,No
mistral,ministral-3-14b-instruct-2512,17,20,"Story: Ella believes her favorite mug is broken. Later she discovers it is actually fine.
Question: How will Ella most likely feel when she finds out?
A. Angry
B. Bored
C. Confused
D. Relieved",D,D,Yes
mistral,ministral-3-14b-instruct-2512,18,1,"Story: Sam puts his watch in a drawer and leaves the room. While he is gone, Alex moves the watch to a box.
Question: Where will Sam look for the watch first?
A. Box
B. Table
C. Drawer
D. Shelf",C,C,Yes
mistral,ministral-3-14b-instruct-2512,18,2,"Story: Nina thinks her cat ran away, but the cat is actually sleeping under the bed.
Question: How does Nina most likely feel before she checks under the bed?
A. Relieved
B. Proud
C. Excited
D. Worried",D,D,Yes
mistral,ministral-3-14b-instruct-2512,18,3,"Story: Leo hides a coin in a cup. Emma is watching. Later Leo leaves the room and Emma moves the coin to a drawer.
Question: Who knows the coin was moved?
A. Leo only
B. Both Leo and Emma
C. Neither of them
D. Emma only",D,D,Yes
mistral,ministral-3-14b-instruct-2512,18,4,"Story: You can see a dog behind a tree. Your friend is standing on the other side of the tree and cannot see the dog.
Question: What does your friend think is behind the tree?
A. A dog
B. A cat
C. A ball
D. Nothing",D,D,Yes
mistral,ministral-3-14b-instruct-2512,18,5,"Story: Olivia hides a cookie in a jar. Jack watches. Olivia leaves the room. Jack moves the cookie to a cupboard.
Question: Where is the cookie really?
A. Jar
B. Table
C. Plate
D. Cupboard",D,D,Yes
mistral,ministral-3-14b-instruct-2512,18,6,"Story: A child hides a toy in a drawer. Another child asks where it is. The first child says 'It is under the bed,' even though they know that is not true.
Question: Why did the child say this?
A. Because they forgot
B. Because they believe it is under the bed
C. To confuse the other child
D. Because they dislike toys",C,C,Yes
mistral,ministral-3-14b-instruct-2512,18,7,"Story: Mark puts his keys in his backpack. Later someone moves the keys to a desk while Mark is outside.
Question: Where will Mark look for the keys first?
A. Desk
B. Pocket
C. Drawer
D. Backpack",D,D,Yes
mistral,ministral-3-14b-instruct-2512,18,8,"Story: Sara thinks her lost phone is gone forever. Then she finds it in her jacket pocket.
Question: How will Sara most likely feel when she finds it?
A. Angry
B. Confused
C. Relieved
D. Bored",C,C,Yes
mistral,ministral-3-14b-instruct-2512,18,9,"Story: Tom places a book in a cabinet while Maya watches. Later Tom leaves the room and Maya moves the book to a drawer.
Question: Does Tom know the book was moved?
A. Yes
B. No",B,B,Yes
mistral,ministral-3-14b-instruct-2512,18,10,"Story: Anna hides a ball in a basket. Ben watches. Anna leaves the room. Ben moves the ball to a box. Clara sees Ben move it.
Question: Where does Clara think Anna will look for the ball?
A. Box
B. Table
C. Basket
D. Shelf",C,C,Yes
mistral,ministral-3-14b-instruct-2512,18,11,"Story: Liam moves his friend's chair slightly before they sit down as a joke.
Question: What was Liam's likely intention?
A. To help his friend
B. To clean the room
C. To move furniture permanently
D. To make his friend laugh",D,D,Yes
mistral,ministral-3-14b-instruct-2512,18,12,"Story: Emma puts a pen in a drawer and then goes outside to talk on the phone. While she is gone, Noah moves the pen to a box.
Question: Where will Emma look for the pen first?
A. Box
B. Table
C. Drawer
D. Bag",C,C,Yes
mistral,ministral-3-14b-instruct-2512,18,13,"Story: Jake thinks his friend ignored his message, but actually the friend never received it.
Question: How might Jake feel?
A. Happy
B. Relaxed
C. Hurt
D. Proud",C,C,Yes
mistral,ministral-3-14b-instruct-2512,18,14,"Story: A toy is behind a couch. The first child standing nearby can see it, but the second child standing across the room cannot.
Question: What does the second child believe?
A. The toy is visible
B. The toy is missing
C. The toy is broken
D. The toy is behind the couch",B,D,No
mistral,ministral-3-14b-instruct-2512,18,15,"Story: Ava hides a ring in a bag. Later someone moves the ring to a drawer while Ava is outside.
Question: Where does Ava think the ring is?
A. Drawer
B. Shelf
C. Table
D. Bag",D,D,Yes
mistral,ministral-3-14b-instruct-2512,18,16,"Story: Daniel studies very hard for a test and believes he will do well.
Question: How does Daniel most likely feel before taking the test?
A. Angry
B. Bored
C. Nervous but hopeful
D. Confused",C,C,Yes
mistral,ministral-3-14b-instruct-2512,18,17,"Story: A child tells their friend the candy is in the kitchen even though it is actually in their pocket.
Question: What is the child trying to do?
A. Share the candy
B. Lose the candy
C. Clean the kitchen
D. Hide the candy",D,D,Yes
mistral,ministral-3-14b-instruct-2512,18,18,"Story: Mia hides a toy in a drawer while Liam is watching. Later Liam leaves the room and Mia moves the toy to a box.
Question: Who knows the toy is in the box?
A. Liam only
B. Both Mia and Liam
C. Mia only
D. Neither",C,C,Yes
mistral,ministral-3-14b-instruct-2512,18,19,"Story: Noah puts a coin in a jar. Emma watches. Noah leaves. Emma moves the coin to a drawer. Liam sees Emma move it.
Question: Where does Liam think Noah will look for the coin?
A. Drawer
B. Table
C. Shelf
D. Jar",D,D,Yes
mistral,ministral-3-14b-instruct-2512,18,20,"Story: Ella believes her favorite mug is broken. Later she discovers it is actually fine.
Question: How will Ella most likely feel when she finds out?
A. Angry
B. Bored
C. Confused
D. Relieved",D,D,Yes
mistral,ministral-3-14b-instruct-2512,19,1,"Story: Sam puts his watch in a drawer and leaves the room. While he is gone, Alex moves the watch to a box.
Question: Where will Sam look for the watch first?
A. Box
B. Table
C. Drawer
D. Shelf",C,C,Yes
mistral,ministral-3-14b-instruct-2512,19,2,"Story: Nina thinks her cat ran away, but the cat is actually sleeping under the bed.
Question: How does Nina most likely feel before she checks under the bed?
A. Relieved
B. Proud
C. Excited
D. Worried",D,D,Yes
mistral,ministral-3-14b-instruct-2512,19,3,"Story: Leo hides a coin in a cup. Emma is watching. Later Leo leaves the room and Emma moves the coin to a drawer.
Question: Who knows the coin was moved?
A. Leo only
B. Both Leo and Emma
C. Neither of them
D. Emma only",D,D,Yes
mistral,ministral-3-14b-instruct-2512,19,4,"Story: You can see a dog behind a tree. Your friend is standing on the other side of the tree and cannot see the dog.
Question: What does your friend think is behind the tree?
A. A dog
B. A cat
C. A ball
D. Nothing",D,D,Yes
mistral,ministral-3-14b-instruct-2512,19,5,"Story: Olivia hides a cookie in a jar. Jack watches. Olivia leaves the room. Jack moves the cookie to a cupboard.
Question: Where is the cookie really?
A. Jar
B. Table
C. Plate
D. Cupboard",D,D,Yes
mistral,ministral-3-14b-instruct-2512,19,6,"Story: A child hides a toy in a drawer. Another child asks where it is. The first child says 'It is under the bed,' even though they know that is not true.
Question: Why did the child say this?
A. Because they forgot
B. Because they believe it is under the bed
C. To confuse the other child
D. Because they dislike toys",C,C,Yes
mistral,ministral-3-14b-instruct-2512,19,7,"Story: Mark puts his keys in his backpack. Later someone moves the keys to a desk while Mark is outside.
Question: Where will Mark look for the keys first?
A. Desk
B. Pocket
C. Drawer
D. Backpack",D,D,Yes
mistral,ministral-3-14b-instruct-2512,19,8,"Story: Sara thinks her lost phone is gone forever. Then she finds it in her jacket pocket.
Question: How will Sara most likely feel when she finds it?
A. Angry
B. Confused
C. Relieved
D. Bored",C,C,Yes
mistral,ministral-3-14b-instruct-2512,19,9,"Story: Tom places a book in a cabinet while Maya watches. Later Tom leaves the room and Maya moves the book to a drawer.
Question: Does Tom know the book was moved?
A. Yes
B. No",B,B,Yes
mistral,ministral-3-14b-instruct-2512,19,10,"Story: Anna hides a ball in a basket. Ben watches. Anna leaves the room. Ben moves the ball to a box. Clara sees Ben move it.
Question: Where does Clara think Anna will look for the ball?
A. Box
B. Table
C. Basket
D. Shelf",C,C,Yes
mistral,ministral-3-14b-instruct-2512,19,11,"Story: Liam moves his friend's chair slightly before they sit down as a joke.
Question: What was Liam's likely intention?
A. To help his friend
B. To clean the room
C. To move furniture permanently
D. To make his friend laugh",D,D,Yes
mistral,ministral-3-14b-instruct-2512,19,12,"Story: Emma puts a pen in a drawer and then goes outside to talk on the phone. While she is gone, Noah moves the pen to a box.
Question: Where will Emma look for the pen first?
A. Box
B. Table
C. Drawer
D. Bag",C,C,Yes
mistral,ministral-3-14b-instruct-2512,19,13,"Story: Jake thinks his friend ignored his message, but actually the friend never received it.
Question: How might Jake feel?
A. Happy
B. Relaxed
C. Hurt
D. Proud",C,C,Yes
mistral,ministral-3-14b-instruct-2512,19,14,"Story: A toy is behind a couch. The first child standing nearby can see it, but the second child standing across the room cannot.
Question: What does the second child believe?
A. The toy is visible
B. The toy is missing
C. The toy is broken
D. The toy is behind the couch",B,D,No
mistral,ministral-3-14b-instruct-2512,19,15,"Story: Ava hides a ring in a bag. Later someone moves the ring to a drawer while Ava is outside.
Question: Where does Ava think the ring is?
A. Drawer
B. Shelf
C. Table
D. Bag",D,D,Yes
mistral,ministral-3-14b-instruct-2512,19,16,"Story: Daniel studies very hard for a test and believes he will do well.
Question: How does Daniel most likely feel before taking the test?
A. Angry
B. Bored
C. Nervous but hopeful
D. Confused",C,C,Yes
mistral,ministral-3-14b-instruct-2512,19,17,"Story: A child tells their friend the candy is in the kitchen even though it is actually in their pocket.
Question: What is the child trying to do?
A. Share the candy
B. Lose the candy
C. Clean the kitchen
D. Hide the candy",D,D,Yes
mistral,ministral-3-14b-instruct-2512,19,18,"Story: Mia hides a toy in a drawer while Liam is watching. Later Liam leaves the room and Mia moves the toy to a box.
Question: Who knows the toy is in the box?
A. Liam only
B. Both Mia and Liam
C. Mia only
D. Neither",C,C,Yes
mistral,ministral-3-14b-instruct-2512,19,19,"Story: Noah puts a coin in a jar. Emma watches. Noah leaves. Emma moves the coin to a drawer. Liam sees Emma move it.
Question: Where does Liam think Noah will look for the coin?
A. Drawer
B. Table
C. Shelf
D. Jar",D,D,Yes
mistral,ministral-3-14b-instruct-2512,19,20,"Story: Ella believes her favorite mug is broken. Later she discovers it is actually fine.
Question: How will Ella most likely feel when she finds out?
A. Angry
B. Bored
C. Confused
D. Relieved",D,D,Yes
mistral,ministral-3-14b-instruct-2512,20,1,"Story: Sam puts his watch in a drawer and leaves the room. While he is gone, Alex moves the watch to a box.
Question: Where will Sam look for the watch first?
A. Box
B. Table
C. Drawer
D. Shelf",C,C,Yes
mistral,ministral-3-14b-instruct-2512,20,2,"Story: Nina thinks her cat ran away, but the cat is actually sleeping under the bed.
Question: How does Nina most likely feel before she checks under the bed?
A. Relieved
B. Proud
C. Excited
D. Worried",D,D,Yes
mistral,ministral-3-14b-instruct-2512,20,3,"Story: Leo hides a coin in a cup. Emma is watching. Later Leo leaves the room and Emma moves the coin to a drawer.
Question: Who knows the coin was moved?
A. Leo only
B. Both Leo and Emma
C. Neither of them
D. Emma only",D,D,Yes
mistral,ministral-3-14b-instruct-2512,20,4,"Story: You can see a dog behind a tree. Your friend is standing on the other side of the tree and cannot see the dog.
Question: What does your friend think is behind the tree?
A. A dog
B. A cat
C. A ball
D. Nothing",D,D,Yes
mistral,ministral-3-14b-instruct-2512,20,5,"Story: Olivia hides a cookie in a jar. Jack watches. Olivia leaves the room. Jack moves the cookie to a cupboard.
Question: Where is the cookie really?
A. Jar
B. Table
C. Plate
D. Cupboard",D,D,Yes
mistral,ministral-3-14b-instruct-2512,20,6,"Story: A child hides a toy in a drawer. Another child asks where it is. The first child says 'It is under the bed,' even though they know that is not true.
Question: Why did the child say this?
A. Because they forgot
B. Because they believe it is under the bed
C. To confuse the other child
D. Because they dislike toys",C,C,Yes
mistral,ministral-3-14b-instruct-2512,20,7,"Story: Mark puts his keys in his backpack. Later someone moves the keys to a desk while Mark is outside.
Question: Where will Mark look for the keys first?
A. Desk
B. Pocket
C. Drawer
D. Backpack",D,D,Yes
mistral,ministral-3-14b-instruct-2512,20,8,"Story: Sara thinks her lost phone is gone forever. Then she finds it in her jacket pocket.
Question: How will Sara most likely feel when she finds it?
A. Angry
B. Confused
C. Relieved
D. Bored",C,C,Yes
mistral,ministral-3-14b-instruct-2512,20,9,"Story: Tom places a book in a cabinet while Maya watches. Later Tom leaves the room and Maya moves the book to a drawer.
Question: Does Tom know the book was moved?
A. Yes
B. No",B,B,Yes
mistral,ministral-3-14b-instruct-2512,20,10,"Story: Anna hides a ball in a basket. Ben watches. Anna leaves the room. Ben moves the ball to a box. Clara sees Ben move it.
Question: Where does Clara think Anna will look for the ball?
A. Box
B. Table
C. Basket
D. Shelf",C,C,Yes
mistral,ministral-3-14b-instruct-2512,20,11,"Story: Liam moves his friend's chair slightly before they sit down as a joke.
Question: What was Liam's likely intention?
A. To help his friend
B. To clean the room
C. To move furniture permanently
D. To make his friend laugh",D,D,Yes
mistral,ministral-3-14b-instruct-2512,20,12,"Story: Emma puts a pen in a drawer and then goes outside to talk on the phone. While she is gone, Noah moves the pen to a box.
Question: Where will Emma look for the pen first?
A. Box
B. Table
C. Drawer
D. Bag",C,C,Yes
mistral,ministral-3-14b-instruct-2512,20,13,"Story: Jake thinks his friend ignored his message, but actually the friend never received it.
Question: How might Jake feel?
A. Happy
B. Relaxed
C. Hurt
D. Proud",C,C,Yes
mistral,ministral-3-14b-instruct-2512,20,14,"Story: A toy is behind a couch. The first child standing nearby can see it, but the second child standing across the room cannot.
Question: What does the second child believe?
A. The toy is visible
B. The toy is missing
C. The toy is broken
D. The toy is behind the couch",B,D,No
mistral,ministral-3-14b-instruct-2512,20,15,"Story: Ava hides a ring in a bag. Later someone moves the ring to a drawer while Ava is outside.
Question: Where does Ava think the ring is?
A. Drawer
B. Shelf
C. Table
D. Bag",D,D,Yes
mistral,ministral-3-14b-instruct-2512,20,16,"Story: Daniel studies very hard for a test and believes he will do well.
Question: How does Daniel most likely feel before taking the test?
A. Angry
B. Bored
C. Nervous but hopeful
D. Confused",C,C,Yes
mistral,ministral-3-14b-instruct-2512,20,17,"Story: A child tells their friend the candy is in the kitchen even though it is actually in their pocket.
Question: What is the child trying to do?
A. Share the candy
B. Lose the candy
C. Clean the kitchen
D. Hide the candy",D,D,Yes
mistral,ministral-3-14b-instruct-2512,20,18,"Story: Mia hides a toy in a drawer while Liam is watching. Later Liam leaves the room and Mia moves the toy to a box.
Question: Who knows the toy is in the box?
A. Liam only
B. Both Mia and Liam
C. Mia only
D. Neither",C,C,Yes
mistral,ministral-3-14b-instruct-2512,20,19,"Story: Noah puts a coin in a jar. Emma watches. Noah leaves. Emma moves the coin to a drawer. Liam sees Emma move it.
Question: Where does Liam think Noah will look for the coin?
A. Drawer
B. Table
C. Shelf
D. Jar",D,D,Yes
mistral,ministral-3-14b-instruct-2512,20,20,"Story: Ella believes her favorite mug is broken. Later she discovers it is actually fine.
Question: How will Ella most likely feel when she finds out?
A. Angry
B. Bored
C. Confused
D. Relieved",D,D,Yes
deepseek,qwen2.5-1.5b-instruct,1,1,"Story: Sam puts his watch in a drawer and leaves the room. While he is gone, Alex moves the watch to a box.
Question: Where will Sam look for the watch first?
A. Box
B. Table
C. Drawer
D. Shelf",C,C,Yes
deepseek,qwen2.5-1.5b-instruct,1,2,"Story: Nina thinks her cat ran away, but the cat is actually sleeping under the bed.
Question: How does Nina most likely feel before she checks under the bed?
A. Relieved
B. Proud
C. Excited
D. Worried",D,D,Yes
deepseek,qwen2.5-1.5b-instruct,1,3,"Story: Leo hides a coin in a cup. Emma is watching. Later Leo leaves the room and Emma moves the coin to a drawer.
Question: Who knows the coin was moved?
A. Leo only
B. Both Leo and Emma
C. Neither of them
D. Emma only",D,B,No
deepseek,qwen2.5-1.5b-instruct,1,4,"Story: You can see a dog behind a tree. Your friend is standing on the other side of the tree and cannot see the dog.
Question: What does your friend think is behind the tree?
A. A dog
B. A cat
C. A ball
D. Nothing",D,A,No
deepseek,qwen2.5-1.5b-instruct,1,5,"Story: Olivia hides a cookie in a jar. Jack watches. Olivia leaves the room. Jack moves the cookie to a cupboard.
Question: Where is the cookie really?
A. Jar
B. Table
C. Plate
D. Cupboard",D,D,Yes
deepseek,qwen2.5-1.5b-instruct,1,6,"Story: A child hides a toy in a drawer. Another child asks where it is. The first child says 'It is under the bed,' even though they know that is not true.
Question: Why did the child say this?
A. Because they forgot
B. Because they believe it is under the bed
C. To confuse the other child
D. Because they dislike toys",C,B,No
deepseek,qwen2.5-1.5b-instruct,1,7,"Story: Mark puts his keys in his backpack. Later someone moves the keys to a desk while Mark is outside.
Question: Where will Mark look for the keys first?
A. Desk
B. Pocket
C. Drawer
D. Backpack",D,A,No
deepseek,qwen2.5-1.5b-instruct,1,8,"Story: Sara thinks her lost phone is gone forever. Then she finds it in her jacket pocket.
Question: How will Sara most likely feel when she finds it?
A. Angry
B. Confused
C. Relieved
D. Bored",C,C,Yes
deepseek,qwen2.5-1.5b-instruct,1,9,"Story: Tom places a book in a cabinet while Maya watches. Later Tom leaves the room and Maya moves the book to a drawer.
Question: Does Tom know the book was moved?
A. Yes
B. No",B,B,Yes
deepseek,qwen2.5-1.5b-instruct,1,10,"Story: Anna hides a ball in a basket. Ben watches. Anna leaves the room. Ben moves the ball to a box. Clara sees Ben move it.
Question: Where does Clara think Anna will look for the ball?
A. Box
B. Table
C. Basket
D. Shelf",C,A,No
deepseek,qwen2.5-1.5b-instruct,1,11,"Story: Liam moves his friend's chair slightly before they sit down as a joke.
Question: What was Liam's likely intention?
A. To help his friend
B. To clean the room
C. To move furniture permanently
D. To make his friend laugh",D,D,Yes
deepseek,qwen2.5-1.5b-instruct,1,12,"Story: Emma puts a pen in a drawer and then goes outside to talk on the phone. While she is gone, Noah moves the pen to a box.
Question: Where will Emma look for the pen first?
A. Box
B. Table
C. Drawer
D. Bag",C,C,Yes
deepseek,qwen2.5-1.5b-instruct,1,13,"Story: Jake thinks his friend ignored his message, but actually the friend never received it.
Question: How might Jake feel?
A. Happy
B. Relaxed
C. Hurt
D. Proud",C,C,Yes
deepseek,qwen2.5-1.5b-instruct,1,14,"Story: A toy is behind a couch. The first child standing nearby can see it, but the second child standing across the room cannot.
Question: What does the second child believe?
A. The toy is visible
B. The toy is missing
C. The toy is broken
D. The toy is behind the couch",B,B,Yes
deepseek,qwen2.5-1.5b-instruct,1,15,"Story: Ava hides a ring in a bag. Later someone moves the ring to a drawer while Ava is outside.
Question: Where does Ava think the ring is?
A. Drawer
B. Shelf
C. Table
D. Bag",D,A,No
deepseek,qwen2.5-1.5b-instruct,1,16,"Story: Daniel studies very hard for a test and believes he will do well.
Question: How does Daniel most likely feel before taking the test?
A. Angry
B. Bored
C. Nervous but hopeful
D. Confused",C,C,Yes
deepseek,qwen2.5-1.5b-instruct,1,17,"Story: A child tells their friend the candy is in the kitchen even though it is actually in their pocket.
Question: What is the child trying to do?
A. Share the candy
B. Lose the candy
C. Clean the kitchen
D. Hide the candy",D,B,No
deepseek,qwen2.5-1.5b-instruct,1,18,"Story: Mia hides a toy in a drawer while Liam is watching. Later Liam leaves the room and Mia moves the toy to a box.
Question: Who knows the toy is in the box?
A. Liam only
B. Both Mia and Liam
C. Mia only
D. Neither",C,C,Yes
deepseek,qwen2.5-1.5b-instruct,1,19,"Story: Noah puts a coin in a jar. Emma watches. Noah leaves. Emma moves the coin to a drawer. Liam sees Emma move it.
Question: Where does Liam think Noah will look for the coin?
A. Drawer
B. Table
C. Shelf
D. Jar",D,A,No
deepseek,qwen2.5-1.5b-instruct,1,20,"Story: Ella believes her favorite mug is broken. Later she discovers it is actually fine.
Question: How will Ella most likely feel when she finds out?
A. Angry
B. Bored
C. Confused
D. Relieved",D,D,Yes
deepseek,qwen2.5-1.5b-instruct,2,1,"Story: Sam puts his watch in a drawer and leaves the room. While he is gone, Alex moves the watch to a box.
Question: Where will Sam look for the watch first?
A. Box
B. Table
C. Drawer
D. Shelf",C,C,Yes
deepseek,qwen2.5-1.5b-instruct,2,2,"Story: Nina thinks her cat ran away, but the cat is actually sleeping under the bed.
Question: How does Nina most likely feel before she checks under the bed?
A. Relieved
B. Proud
C. Excited
D. Worried",D,D,Yes
deepseek,qwen2.5-1.5b-instruct,2,3,"Story: Leo hides a coin in a cup. Emma is watching. Later Leo leaves the room and Emma moves the coin to a drawer.
Question: Who knows the coin was moved?
A. Leo only
B. Both Leo and Emma
C. Neither of them
D. Emma only",D,D,Yes
deepseek,qwen2.5-1.5b-instruct,2,4,"Story: You can see a dog behind a tree. Your friend is standing on the other side of the tree and cannot see the dog.
Question: What does your friend think is behind the tree?
A. A dog
B. A cat
C. A ball
D. Nothing",D,A,No
deepseek,qwen2.5-1.5b-instruct,2,5,"Story: Olivia hides a cookie in a jar. Jack watches. Olivia leaves the room. Jack moves the cookie to a cupboard.
Question: Where is the cookie really?
A. Jar
B. Table
C. Plate
D. Cupboard",D,D,Yes
deepseek,qwen2.5-1.5b-instruct,2,6,"Story: A child hides a toy in a drawer. Another child asks where it is. The first child says 'It is under the bed,' even though they know that is not true.
Question: Why did the child say this?
A. Because they forgot
B. Because they believe it is under the bed
C. To confuse the other child
D. Because they dislike toys",C,C,Yes
deepseek,qwen2.5-1.5b-instruct,2,7,"Story: Mark puts his keys in his backpack. Later someone moves the keys to a desk while Mark is outside.
Question: Where will Mark look for the keys first?
A. Desk
B. Pocket
C. Drawer
D. Backpack",D,B,No
deepseek,qwen2.5-1.5b-instruct,2,8,"Story: Sara thinks her lost phone is gone forever. Then she finds it in her jacket pocket.
Question: How will Sara most likely feel when she finds it?
A. Angry
B. Confused
C. Relieved
D. Bored",C,C,Yes
deepseek,qwen2.5-1.5b-instruct,2,9,"Story: Tom places a book in a cabinet while Maya watches. Later Tom leaves the room and Maya moves the book to a drawer.
Question: Does Tom know the book was moved?
A. Yes
B. No",B,B,Yes
deepseek,qwen2.5-1.5b-instruct,2,10,"Story: Anna hides a ball in a basket. Ben watches. Anna leaves the room. Ben moves the ball to a box. Clara sees Ben move it.
Question: Where does Clara think Anna will look for the ball?
A. Box
B. Table
C. Basket
D. Shelf",C,A,No
deepseek,qwen2.5-1.5b-instruct,2,11,"Story: Liam moves his friend's chair slightly before they sit down as a joke.
Question: What was Liam's likely intention?
A. To help his friend
B. To clean the room
C. To move furniture permanently
D. To make his friend laugh",D,D,Yes
deepseek,qwen2.5-1.5b-instruct,2,12,"Story: Emma puts a pen in a drawer and then goes outside to talk on the phone. While she is gone, Noah moves the pen to a box.
Question: Where will Emma look for the pen first?
A. Box
B. Table
C. Drawer
D. Bag",C,C,Yes
deepseek,qwen2.5-1.5b-instruct,2,13,"Story: Jake thinks his friend ignored his message, but actually the friend never received it.
Question: How might Jake feel?
A. Happy
B. Relaxed
C. Hurt
D. Proud",C,C,Yes
deepseek,qwen2.5-1.5b-instruct,2,14,"Story: A toy is behind a couch. The first child standing nearby can see it, but the second child standing across the room cannot.
Question: What does the second child believe?
A. The toy is visible
B. The toy is missing
C. The toy is broken
D. The toy is behind the couch",B,B,Yes
deepseek,qwen2.5-1.5b-instruct,2,15,"Story: Ava hides a ring in a bag. Later someone moves the ring to a drawer while Ava is outside.
Question: Where does Ava think the ring is?
A. Drawer
B. Shelf
C. Table
D. Bag",D,A,No
deepseek,qwen2.5-1.5b-instruct,2,16,"Story: Daniel studies very hard for a test and believes he will do well.
Question: How does Daniel most likely feel before taking the test?
A. Angry
B. Bored
C. Nervous but hopeful
D. Confused",C,C,Yes
deepseek,qwen2.5-1.5b-instruct,2,17,"Story: A child tells their friend the candy is in the kitchen even though it is actually in their pocket.
Question: What is the child trying to do?
A. Share the candy
B. Lose the candy
C. Clean the kitchen
D. Hide the candy",D,B,No
deepseek,qwen2.5-1.5b-instruct,2,18,"Story: Mia hides a toy in a drawer while Liam is watching. Later Liam leaves the room and Mia moves the toy to a box.
Question: Who knows the toy is in the box?
A. Liam only
B. Both Mia and Liam
C. Mia only
D. Neither",C,C,Yes
deepseek,qwen2.5-1.5b-instruct,2,19,"Story: Noah puts a coin in a jar. Emma watches. Noah leaves. Emma moves the coin to a drawer. Liam sees Emma move it.
Question: Where does Liam think Noah will look for the coin?
A. Drawer
B. Table
C. Shelf
D. Jar",D,A,No
deepseek,qwen2.5-1.5b-instruct,2,20,"Story: Ella believes her favorite mug is broken. Later she discovers it is actually fine.
Question: How will Ella most likely feel when she finds out?
A. Angry
B. Bored
C. Confused
D. Relieved",D,D,Yes
deepseek,qwen2.5-1.5b-instruct,3,1,"Story: Sam puts his watch in a drawer and leaves the room. While he is gone, Alex moves the watch to a box.
Question: Where will Sam look for the watch first?
A. Box
B. Table
C. Drawer
D. Shelf",C,C,Yes
deepseek,qwen2.5-1.5b-instruct,3,2,"Story: Nina thinks her cat ran away, but the cat is actually sleeping under the bed.
Question: How does Nina most likely feel before she checks under the bed?
A. Relieved
B. Proud
C. Excited
D. Worried",D,D,Yes
deepseek,qwen2.5-1.5b-instruct,3,3,"Story: Leo hides a coin in a cup. Emma is watching. Later Leo leaves the room and Emma moves the coin to a drawer.
Question: Who knows the coin was moved?
A. Leo only
B. Both Leo and Emma
C. Neither of them
D. Emma only",D,D,Yes
deepseek,qwen2.5-1.5b-instruct,3,4,"Story: You can see a dog behind a tree. Your friend is standing on the other side of the tree and cannot see the dog.
Question: What does your friend think is behind the tree?
A. A dog
B. A cat
C. A ball
D. Nothing",D,A,No
deepseek,qwen2.5-1.5b-instruct,3,5,"Story: Olivia hides a cookie in a jar. Jack watches. Olivia leaves the room. Jack moves the cookie to a cupboard.
Question: Where is the cookie really?
A. Jar
B. Table
C. Plate
D. Cupboard",D,D,Yes
deepseek,qwen2.5-1.5b-instruct,3,6,"Story: A child hides a toy in a drawer. Another child asks where it is. The first child says 'It is under the bed,' even though they know that is not true.
Question: Why did the child say this?
A. Because they forgot
B. Because they believe it is under the bed
C. To confuse the other child
D. Because they dislike toys",C,B,No
deepseek,qwen2.5-1.5b-instruct,3,7,"Story: Mark puts his keys in his backpack. Later someone moves the keys to a desk while Mark is outside.
Question: Where will Mark look for the keys first?
A. Desk
B. Pocket
C. Drawer
D. Backpack",D,B,No
deepseek,qwen2.5-1.5b-instruct,3,8,"Story: Sara thinks her lost phone is gone forever. Then she finds it in her jacket pocket.
Question: How will Sara most likely feel when she finds it?
A. Angry
B. Confused
C. Relieved
D. Bored",C,C,Yes
deepseek,qwen2.5-1.5b-instruct,3,9,"Story: Tom places a book in a cabinet while Maya watches. Later Tom leaves the room and Maya moves the book to a drawer.
Question: Does Tom know the book was moved?
A. Yes
B. No",B,B,Yes
deepseek,qwen2.5-1.5b-instruct,3,10,"Story: Anna hides a ball in a basket. Ben watches. Anna leaves the room. Ben moves the ball to a box. Clara sees Ben move it.
Question: Where does Clara think Anna will look for the ball?
A. Box
B. Table
C. Basket
D. Shelf",C,A,No
deepseek,qwen2.5-1.5b-instruct,3,11,"Story: Liam moves his friend's chair slightly before they sit down as a joke.
Question: What was Liam's likely intention?
A. To help his friend
B. To clean the room
C. To move furniture permanently
D. To make his friend laugh",D,D,Yes
deepseek,qwen2.5-1.5b-instruct,3,12,"Story: Emma puts a pen in a drawer and then goes outside to talk on the phone. While she is gone, Noah moves the pen to a box.
Question: Where will Emma look for the pen first?
A. Box
B. Table
C. Drawer
D. Bag",C,C,Yes
deepseek,qwen2.5-1.5b-instruct,3,13,"Story: Jake thinks his friend ignored his message, but actually the friend never received it.
Question: How might Jake feel?
A. Happy
B. Relaxed
C. Hurt
D. Proud",C,C,Yes
deepseek,qwen2.5-1.5b-instruct,3,14,"Story: A toy is behind a couch. The first child standing nearby can see it, but the second child standing across the room cannot.
Question: What does the second child believe?
A. The toy is visible
B. The toy is missing
C. The toy is broken
D. The toy is behind the couch",B,B,Yes
deepseek,qwen2.5-1.5b-instruct,3,15,"Story: Ava hides a ring in a bag. Later someone moves the ring to a drawer while Ava is outside.
Question: Where does Ava think the ring is?
A. Drawer
B. Shelf
C. Table
D. Bag",D,A,No
deepseek,qwen2.5-1.5b-instruct,3,16,"Story: Daniel studies very hard for a test and believes he will do well.
Question: How does Daniel most likely feel before taking the test?
A. Angry
B. Bored
C. Nervous but hopeful
D. Confused",C,C,Yes
deepseek,qwen2.5-1.5b-instruct,3,17,"Story: A child tells their friend the candy is in the kitchen even though it is actually in their pocket.
Question: What is the child trying to do?
A. Share the candy
B. Lose the candy
C. Clean the kitchen
D. Hide the candy",D,B,No
deepseek,qwen2.5-1.5b-instruct,3,18,"Story: Mia hides a toy in a drawer while Liam is watching. Later Liam leaves the room and Mia moves the toy to a box.
Question: Who knows the toy is in the box?
A. Liam only
B. Both Mia and Liam
C. Mia only
D. Neither",C,C,Yes
deepseek,qwen2.5-1.5b-instruct,3,19,"Story: Noah puts a coin in a jar. Emma watches. Noah leaves. Emma moves the coin to a drawer. Liam sees Emma move it.
Question: Where does Liam think Noah will look for the coin?
A. Drawer
B. Table
C. Shelf
D. Jar",D,A,No
deepseek,qwen2.5-1.5b-instruct,3,20,"Story: Ella believes her favorite mug is broken. Later she discovers it is actually fine.
Question: How will Ella most likely feel when she finds out?
A. Angry
B. Bored
C. Confused
D. Relieved",D,D,Yes
deepseek,qwen2.5-1.5b-instruct,4,1,"Story: Sam puts his watch in a drawer and leaves the room. While he is gone, Alex moves the watch to a box.
Question: Where will Sam look for the watch first?
A. Box
B. Table
C. Drawer
D. Shelf",C,C,Yes
deepseek,qwen2.5-1.5b-instruct,4,2,"Story: Nina thinks her cat ran away, but the cat is actually sleeping under the bed.
Question: How does Nina most likely feel before she checks under the bed?
A. Relieved
B. Proud
C. Excited
D. Worried",D,D,Yes
deepseek,qwen2.5-1.5b-instruct,4,3,"Story: Leo hides a coin in a cup. Emma is watching. Later Leo leaves the room and Emma moves the coin to a drawer.
Question: Who knows the coin was moved?
A. Leo only
B. Both Leo and Emma
C. Neither of them
D. Emma only",D,D,Yes
deepseek,qwen2.5-1.5b-instruct,4,4,"Story: You can see a dog behind a tree. Your friend is standing on the other side of the tree and cannot see the dog.
Question: What does your friend think is behind the tree?
A. A dog
B. A cat
C. A ball
D. Nothing",D,A,No
deepseek,qwen2.5-1.5b-instruct,4,5,"Story: Olivia hides a cookie in a jar. Jack watches. Olivia leaves the room. Jack moves the cookie to a cupboard.
Question: Where is the cookie really?
A. Jar
B. Table
C. Plate
D. Cupboard",D,D,Yes
deepseek,qwen2.5-1.5b-instruct,4,6,"Story: A child hides a toy in a drawer. Another child asks where it is. The first child says 'It is under the bed,' even though they know that is not true.
Question: Why did the child say this?
A. Because they forgot
B. Because they believe it is under the bed
C. To confuse the other child
D. Because they dislike toys",C,B,No
deepseek,qwen2.5-1.5b-instruct,4,7,"Story: Mark puts his keys in his backpack. Later someone moves the keys to a desk while Mark is outside.
Question: Where will Mark look for the keys first?
A. Desk
B. Pocket
C. Drawer
D. Backpack",D,A,No
deepseek,qwen2.5-1.5b-instruct,4,8,"Story: Sara thinks her lost phone is gone forever. Then she finds it in her jacket pocket.
Question: How will Sara most likely feel when she finds it?
A. Angry
B. Confused
C. Relieved
D. Bored",C,C,Yes
deepseek,qwen2.5-1.5b-instruct,4,9,"Story: Tom places a book in a cabinet while Maya watches. Later Tom leaves the room and Maya moves the book to a drawer.
Question: Does Tom know the book was moved?
A. Yes
B. No",B,B,Yes
deepseek,qwen2.5-1.5b-instruct,4,10,"Story: Anna hides a ball in a basket. Ben watches. Anna leaves the room. Ben moves the ball to a box. Clara sees Ben move it.
Question: Where does Clara think Anna will look for the ball?
A. Box
B. Table
C. Basket
D. Shelf",C,A,No
deepseek,qwen2.5-1.5b-instruct,4,11,"Story: Liam moves his friend's chair slightly before they sit down as a joke.
Question: What was Liam's likely intention?
A. To help his friend
B. To clean the room
C. To move furniture permanently
D. To make his friend laugh",D,D,Yes
deepseek,qwen2.5-1.5b-instruct,4,12,"Story: Emma puts a pen in a drawer and then goes outside to talk on the phone. While she is gone, Noah moves the pen to a box.
Question: Where will Emma look for the pen first?
A. Box
B. Table
C. Drawer
D. Bag",C,C,Yes
deepseek,qwen2.5-1.5b-instruct,4,13,"Story: Jake thinks his friend ignored his message, but actually the friend never received it.
Question: How might Jake feel?
A. Happy
B. Relaxed
C. Hurt
D. Proud",C,C,Yes
deepseek,qwen2.5-1.5b-instruct,4,14,"Story: A toy is behind a couch. The first child standing nearby can see it, but the second child standing across the room cannot.
Question: What does the second child believe?
A. The toy is visible
B. The toy is missing
C. The toy is broken
D. The toy is behind the couch",B,B,Yes
deepseek,qwen2.5-1.5b-instruct,4,15,"Story: Ava hides a ring in a bag. Later someone moves the ring to a drawer while Ava is outside.
Question: Where does Ava think the ring is?
A. Drawer
B. Shelf
C. Table
D. Bag",D,A,No
deepseek,qwen2.5-1.5b-instruct,4,16,"Story: Daniel studies very hard for a test and believes he will do well.
Question: How does Daniel most likely feel before taking the test?
A. Angry
B. Bored
C. Nervous but hopeful
D. Confused",C,C,Yes
deepseek,qwen2.5-1.5b-instruct,4,17,"Story: A child tells their friend the candy is in the kitchen even though it is actually in their pocket.
Question: What is the child trying to do?
A. Share the candy
B. Lose the candy
C. Clean the kitchen
D. Hide the candy",D,B,No
deepseek,qwen2.5-1.5b-instruct,4,18,"Story: Mia hides a toy in a drawer while Liam is watching. Later Liam leaves the room and Mia moves the toy to a box.
Question: Who knows the toy is in the box?
A. Liam only
B. Both Mia and Liam
C. Mia only
D. Neither",C,C,Yes
deepseek,qwen2.5-1.5b-instruct,4,19,"Story: Noah puts a coin in a jar. Emma watches. Noah leaves. Emma moves the coin to a drawer. Liam sees Emma move it.
Question: Where does Liam think Noah will look for the coin?
A. Drawer
B. Table
C. Shelf
D. Jar",D,A,No
deepseek,qwen2.5-1.5b-instruct,4,20,"Story: Ella believes her favorite mug is broken. Later she discovers it is actually fine.
Question: How will Ella most likely feel when she finds out?
A. Angry
B. Bored
C. Confused
D. Relieved",D,D,Yes
deepseek,qwen2.5-1.5b-instruct,5,1,"Story: Sam puts his watch in a drawer and leaves the room. While he is gone, Alex moves the watch to a box.
Question: Where will Sam look for the watch first?
A. Box
B. Table
C. Drawer
D. Shelf",C,A,No
deepseek,qwen2.5-1.5b-instruct,5,2,"Story: Nina thinks her cat ran away, but the cat is actually sleeping under the bed.
Question: How does Nina most likely feel before she checks under the bed?
A. Relieved
B. Proud
C. Excited
D. Worried",D,D,Yes
deepseek,qwen2.5-1.5b-instruct,5,3,"Story: Leo hides a coin in a cup. Emma is watching. Later Leo leaves the room and Emma moves the coin to a drawer.
Question: Who knows the coin was moved?
A. Leo only
B. Both Leo and Emma
C. Neither of them
D. Emma only",D,D,Yes
deepseek,qwen2.5-1.5b-instruct,5,4,"Story: You can see a dog behind a tree. Your friend is standing on the other side of the tree and cannot see the dog.
Question: What does your friend think is behind the tree?
A. A dog
B. A cat
C. A ball
D. Nothing",D,A,No
deepseek,qwen2.5-1.5b-instruct,5,5,"Story: Olivia hides a cookie in a jar. Jack watches. Olivia leaves the room. Jack moves the cookie to a cupboard.
Question: Where is the cookie really?
A. Jar
B. Table
C. Plate
D. Cupboard",D,D,Yes
deepseek,qwen2.5-1.5b-instruct,5,6,"Story: A child hides a toy in a drawer. Another child asks where it is. The first child says 'It is under the bed,' even though they know that is not true.
Question: Why did the child say this?
A. Because they forgot
B. Because they believe it is under the bed
C. To confuse the other child
D. Because they dislike toys",C,B,No
deepseek,qwen2.5-1.5b-instruct,5,7,"Story: Mark puts his keys in his backpack. Later someone moves the keys to a desk while Mark is outside.
Question: Where will Mark look for the keys first?
A. Desk
B. Pocket
C. Drawer
D. Backpack",D,A,No
deepseek,qwen2.5-1.5b-instruct,5,8,"Story: Sara thinks her lost phone is gone forever. Then she finds it in her jacket pocket.
Question: How will Sara most likely feel when she finds it?
A. Angry
B. Confused
C. Relieved
D. Bored",C,C,Yes
deepseek,qwen2.5-1.5b-instruct,5,9,"Story: Tom places a book in a cabinet while Maya watches. Later Tom leaves the room and Maya moves the book to a drawer.
Question: Does Tom know the book was moved?
A. Yes
B. No",B,B,Yes
deepseek,qwen2.5-1.5b-instruct,5,10,"Story: Anna hides a ball in a basket. Ben watches. Anna leaves the room. Ben moves the ball to a box. Clara sees Ben move it.
Question: Where does Clara think Anna will look for the ball?
A. Box
B. Table
C. Basket
D. Shelf",C,A,No
deepseek,qwen2.5-1.5b-instruct,5,11,"Story: Liam moves his friend's chair slightly before they sit down as a joke.
Question: What was Liam's likely intention?
A. To help his friend
B. To clean the room
C. To move furniture permanently
D. To make his friend laugh",D,D,Yes
deepseek,qwen2.5-1.5b-instruct,5,12,"Story: Emma puts a pen in a drawer and then goes outside to talk on the phone. While she is gone, Noah moves the pen to a box.
Question: Where will Emma look for the pen first?
A. Box
B. Table
C. Drawer
D. Bag",C,C,Yes
deepseek,qwen2.5-1.5b-instruct,5,13,"Story: Jake thinks his friend ignored his message, but actually the friend never received it.
Question: How might Jake feel?
A. Happy
B. Relaxed
C. Hurt
D. Proud",C,C,Yes
deepseek,qwen2.5-1.5b-instruct,5,14,"Story: A toy is behind a couch. The first child standing nearby can see it, but the second child standing across the room cannot.
Question: What does the second child believe?
A. The toy is visible
B. The toy is missing
C. The toy is broken
D. The toy is behind the couch",B,B,Yes
deepseek,qwen2.5-1.5b-instruct,5,15,"Story: Ava hides a ring in a bag. Later someone moves the ring to a drawer while Ava is outside.
Question: Where does Ava think the ring is?
A. Drawer
B. Shelf
C. Table
D. Bag",D,A,No
deepseek,qwen2.5-1.5b-instruct,5,16,"Story: Daniel studies very hard for a test and believes he will do well.
Question: How does Daniel most likely feel before taking the test?
A. Angry
B. Bored
C. Nervous but hopeful
D. Confused",C,C,Yes
deepseek,qwen2.5-1.5b-instruct,5,17,"Story: A child tells their friend the candy is in the kitchen even though it is actually in their pocket.
Question: What is the child trying to do?
A. Share the candy
B. Lose the candy
C. Clean the kitchen
D. Hide the candy",D,B,No
deepseek,qwen2.5-1.5b-instruct,5,18,"Story: Mia hides a toy in a drawer while Liam is watching. Later Liam leaves the room and Mia moves the toy to a box.
Question: Who knows the toy is in the box?
A. Liam only
B. Both Mia and Liam
C. Mia only
D. Neither",C,C,Yes
deepseek,qwen2.5-1.5b-instruct,5,19,"Story: Noah puts a coin in a jar. Emma watches. Noah leaves. Emma moves the coin to a drawer. Liam sees Emma move it.
Question: Where does Liam think Noah will look for the coin?
A. Drawer
B. Table
C. Shelf
D. Jar",D,A,No
deepseek,qwen2.5-1.5b-instruct,5,20,"Story: Ella believes her favorite mug is broken. Later she discovers it is actually fine.
Question: How will Ella most likely feel when she finds out?
A. Angry
B. Bored
C. Confused
D. Relieved",D,D,Yes
deepseek,qwen2.5-1.5b-instruct,6,1,"Story: Sam puts his watch in a drawer and leaves the room. While he is gone, Alex moves the watch to a box.
Question: Where will Sam look for the watch first?
A. Box
B. Table
C. Drawer
D. Shelf",C,C,Yes
deepseek,qwen2.5-1.5b-instruct,6,2,"Story: Nina thinks her cat ran away, but the cat is actually sleeping under the bed.
Question: How does Nina most likely feel before she checks under the bed?
A. Relieved
B. Proud
C. Excited
D. Worried",D,D,Yes
deepseek,qwen2.5-1.5b-instruct,6,3,"Story: Leo hides a coin in a cup. Emma is watching. Later Leo leaves the room and Emma moves the coin to a drawer.
Question: Who knows the coin was moved?
A. Leo only
B. Both Leo and Emma
C. Neither of them
D. Emma only",D,B,No
deepseek,qwen2.5-1.5b-instruct,6,4,"Story: You can see a dog behind a tree. Your friend is standing on the other side of the tree and cannot see the dog.
Question: What does your friend think is behind the tree?
A. A dog
B. A cat
C. A ball
D. Nothing",D,A,No
deepseek,qwen2.5-1.5b-instruct,6,5,"Story: Olivia hides a cookie in a jar. Jack watches. Olivia leaves the room. Jack moves the cookie to a cupboard.
Question: Where is the cookie really?
A. Jar
B. Table
C. Plate
D. Cupboard",D,D,Yes
deepseek,qwen2.5-1.5b-instruct,6,6,"Story: A child hides a toy in a drawer. Another child asks where it is. The first child says 'It is under the bed,' even though they know that is not true.
Question: Why did the child say this?
A. Because they forgot
B. Because they believe it is under the bed
C. To confuse the other child
D. Because they dislike toys",C,C,Yes
deepseek,qwen2.5-1.5b-instruct,6,7,"Story: Mark puts his keys in his backpack. Later someone moves the keys to a desk while Mark is outside.
Question: Where will Mark look for the keys first?
A. Desk
B. Pocket
C. Drawer
D. Backpack",D,A,No
deepseek,qwen2.5-1.5b-instruct,6,8,"Story: Sara thinks her lost phone is gone forever. Then she finds it in her jacket pocket.
Question: How will Sara most likely feel when she finds it?
A. Angry
B. Confused
C. Relieved
D. Bored",C,C,Yes
deepseek,qwen2.5-1.5b-instruct,6,9,"Story: Tom places a book in a cabinet while Maya watches. Later Tom leaves the room and Maya moves the book to a drawer.
Question: Does Tom know the book was moved?
A. Yes
B. No",B,B,Yes
deepseek,qwen2.5-1.5b-instruct,6,10,"Story: Anna hides a ball in a basket. Ben watches. Anna leaves the room. Ben moves the ball to a box. Clara sees Ben move it.
Question: Where does Clara think Anna will look for the ball?
A. Box
B. Table
C. Basket
D. Shelf",C,A,No
deepseek,qwen2.5-1.5b-instruct,6,11,"Story: Liam moves his friend's chair slightly before they sit down as a joke.
Question: What was Liam's likely intention?
A. To help his friend
B. To clean the room
C. To move furniture permanently
D. To make his friend laugh",D,D,Yes
deepseek,qwen2.5-1.5b-instruct,6,12,"Story: Emma puts a pen in a drawer and then goes outside to talk on the phone. While she is gone, Noah moves the pen to a box.
Question: Where will Emma look for the pen first?
A. Box
B. Table
C. Drawer
D. Bag",C,C,Yes
deepseek,qwen2.5-1.5b-instruct,6,13,"Story: Jake thinks his friend ignored his message, but actually the friend never received it.
Question: How might Jake feel?
A. Happy
B. Relaxed
C. Hurt
D. Proud",C,C,Yes
deepseek,qwen2.5-1.5b-instruct,6,14,"Story: A toy is behind a couch. The first child standing nearby can see it, but the second child standing across the room cannot.
Question: What does the second child believe?
A. The toy is visible
B. The toy is missing
C. The toy is broken
D. The toy is behind the couch",B,B,Yes
deepseek,qwen2.5-1.5b-instruct,6,15,"Story: Ava hides a ring in a bag. Later someone moves the ring to a drawer while Ava is outside.
Question: Where does Ava think the ring is?
A. Drawer
B. Shelf
C. Table
D. Bag",D,A,No
deepseek,qwen2.5-1.5b-instruct,6,16,"Story: Daniel studies very hard for a test and believes he will do well.
Question: How does Daniel most likely feel before taking the test?
A. Angry
B. Bored
C. Nervous but hopeful
D. Confused",C,C,Yes
deepseek,qwen2.5-1.5b-instruct,6,17,"Story: A child tells their friend the candy is in the kitchen even though it is actually in their pocket.
Question: What is the child trying to do?
A. Share the candy
B. Lose the candy
C. Clean the kitchen
D. Hide the candy",D,B,No
deepseek,qwen2.5-1.5b-instruct,6,18,"Story: Mia hides a toy in a drawer while Liam is watching. Later Liam leaves the room and Mia moves the toy to a box.
Question: Who knows the toy is in the box?
A. Liam only
B. Both Mia and Liam
C. Mia only
D. Neither",C,C,Yes
deepseek,qwen2.5-1.5b-instruct,6,19,"Story: Noah puts a coin in a jar. Emma watches. Noah leaves. Emma moves the coin to a drawer. Liam sees Emma move it.
Question: Where does Liam think Noah will look for the coin?
A. Drawer
B. Table
C. Shelf
D. Jar",D,A,No
deepseek,qwen2.5-1.5b-instruct,6,20,"Story: Ella believes her favorite mug is broken. Later she discovers it is actually fine.
Question: How will Ella most likely feel when she finds out?
A. Angry
B. Bored
C. Confused
D. Relieved",D,D,Yes
deepseek,qwen2.5-1.5b-instruct,7,1,"Story: Sam puts his watch in a drawer and leaves the room. While he is gone, Alex moves the watch to a box.
Question: Where will Sam look for the watch first?
A. Box
B. Table
C. Drawer
D. Shelf",C,A,No
deepseek,qwen2.5-1.5b-instruct,7,2,"Story: Nina thinks her cat ran away, but the cat is actually sleeping under the bed.
Question: How does Nina most likely feel before she checks under the bed?
A. Relieved
B. Proud
C. Excited
D. Worried",D,D,Yes
deepseek,qwen2.5-1.5b-instruct,7,3,"Story: Leo hides a coin in a cup. Emma is watching. Later Leo leaves the room and Emma moves the coin to a drawer.
Question: Who knows the coin was moved?
A. Leo only
B. Both Leo and Emma
C. Neither of them
D. Emma only",D,D,Yes
deepseek,qwen2.5-1.5b-instruct,7,4,"Story: You can see a dog behind a tree. Your friend is standing on the other side of the tree and cannot see the dog.
Question: What does your friend think is behind the tree?
A. A dog
B. A cat
C. A ball
D. Nothing",D,A,No
deepseek,qwen2.5-1.5b-instruct,7,5,"Story: Olivia hides a cookie in a jar. Jack watches. Olivia leaves the room. Jack moves the cookie to a cupboard.
Question: Where is the cookie really?
A. Jar
B. Table
C. Plate
D. Cupboard",D,D,Yes
deepseek,qwen2.5-1.5b-instruct,7,6,"Story: A child hides a toy in a drawer. Another child asks where it is. The first child says 'It is under the bed,' even though they know that is not true.
Question: Why did the child say this?
A. Because they forgot
B. Because they believe it is under the bed
C. To confuse the other child
D. Because they dislike toys",C,C,Yes
deepseek,qwen2.5-1.5b-instruct,7,7,"Story: Mark puts his keys in his backpack. Later someone moves the keys to a desk while Mark is outside.
Question: Where will Mark look for the keys first?
A. Desk
B. Pocket
C. Drawer
D. Backpack",D,B,No
deepseek,qwen2.5-1.5b-instruct,7,8,"Story: Sara thinks her lost phone is gone forever. Then she finds it in her jacket pocket.
Question: How will Sara most likely feel when she finds it?
A. Angry
B. Confused
C. Relieved
D. Bored",C,C,Yes
deepseek,qwen2.5-1.5b-instruct,7,9,"Story: Tom places a book in a cabinet while Maya watches. Later Tom leaves the room and Maya moves the book to a drawer.
Question: Does Tom know the book was moved?
A. Yes
B. No",B,B,Yes
deepseek,qwen2.5-1.5b-instruct,7,10,"Story: Anna hides a ball in a basket. Ben watches. Anna leaves the room. Ben moves the ball to a box. Clara sees Ben move it.
Question: Where does Clara think Anna will look for the ball?
A. Box
B. Table
C. Basket
D. Shelf",C,C,Yes
deepseek,qwen2.5-1.5b-instruct,7,11,"Story: Liam moves his friend's chair slightly before they sit down as a joke.
Question: What was Liam's likely intention?
A. To help his friend
B. To clean the room
C. To move furniture permanently
D. To make his friend laugh",D,D,Yes
deepseek,qwen2.5-1.5b-instruct,7,12,"Story: Emma puts a pen in a drawer and then goes outside to talk on the phone. While she is gone, Noah moves the pen to a box.
Question: Where will Emma look for the pen first?
A. Box
B. Table
C. Drawer
D. Bag",C,C,Yes
deepseek,qwen2.5-1.5b-instruct,7,13,"Story: Jake thinks his friend ignored his message, but actually the friend never received it.
Question: How might Jake feel?
A. Happy
B. Relaxed
C. Hurt
D. Proud",C,C,Yes
deepseek,qwen2.5-1.5b-instruct,7,14,"Story: A toy is behind a couch. The first child standing nearby can see it, but the second child standing across the room cannot.
Question: What does the second child believe?
A. The toy is visible
B. The toy is missing
C. The toy is broken
D. The toy is behind the couch",B,B,Yes
deepseek,qwen2.5-1.5b-instruct,7,15,"Story: Ava hides a ring in a bag. Later someone moves the ring to a drawer while Ava is outside.
Question: Where does Ava think the ring is?
A. Drawer
B. Shelf
C. Table
D. Bag",D,A,No
deepseek,qwen2.5-1.5b-instruct,7,16,"Story: Daniel studies very hard for a test and believes he will do well.
Question: How does Daniel most likely feel before taking the test?
A. Angry
B. Bored
C. Nervous but hopeful
D. Confused",C,C,Yes
deepseek,qwen2.5-1.5b-instruct,7,17,"Story: A child tells their friend the candy is in the kitchen even though it is actually in their pocket.
Question: What is the child trying to do?
A. Share the candy
B. Lose the candy
C. Clean the kitchen
D. Hide the candy",D,B,No
deepseek,qwen2.5-1.5b-instruct,7,18,"Story: Mia hides a toy in a drawer while Liam is watching. Later Liam leaves the room and Mia moves the toy to a box.
Question: Who knows the toy is in the box?
A. Liam only
B. Both Mia and Liam
C. Mia only
D. Neither",C,C,Yes
deepseek,qwen2.5-1.5b-instruct,7,19,"Story: Noah puts a coin in a jar. Emma watches. Noah leaves. Emma moves the coin to a drawer. Liam sees Emma move it.
Question: Where does Liam think Noah will look for the coin?
A. Drawer
B. Table
C. Shelf
D. Jar",D,A,No
deepseek,qwen2.5-1.5b-instruct,7,20,"Story: Ella believes her favorite mug is broken. Later she discovers it is actually fine.
Question: How will Ella most likely feel when she finds out?
A. Angry
B. Bored
C. Confused
D. Relieved",D,D,Yes
deepseek,qwen2.5-1.5b-instruct,8,1,"Story: Sam puts his watch in a drawer and leaves the room. While he is gone, Alex moves the watch to a box.
Question: Where will Sam look for the watch first?
A. Box
B. Table
C. Drawer
D. Shelf",C,C,Yes
deepseek,qwen2.5-1.5b-instruct,8,2,"Story: Nina thinks her cat ran away, but the cat is actually sleeping under the bed.
Question: How does Nina most likely feel before she checks under the bed?
A. Relieved
B. Proud
C. Excited
D. Worried",D,D,Yes
deepseek,qwen2.5-1.5b-instruct,8,3,"Story: Leo hides a coin in a cup. Emma is watching. Later Leo leaves the room and Emma moves the coin to a drawer.
Question: Who knows the coin was moved?
A. Leo only
B. Both Leo and Emma
C. Neither of them
D. Emma only",D,D,Yes
deepseek,qwen2.5-1.5b-instruct,8,4,"Story: You can see a dog behind a tree. Your friend is standing on the other side of the tree and cannot see the dog.
Question: What does your friend think is behind the tree?
A. A dog
B. A cat
C. A ball
D. Nothing",D,A,No
deepseek,qwen2.5-1.5b-instruct,8,5,"Story: Olivia hides a cookie in a jar. Jack watches. Olivia leaves the room. Jack moves the cookie to a cupboard.
Question: Where is the cookie really?
A. Jar
B. Table
C. Plate
D. Cupboard",D,D,Yes
deepseek,qwen2.5-1.5b-instruct,8,6,"Story: A child hides a toy in a drawer. Another child asks where it is. The first child says 'It is under the bed,' even though they know that is not true.
Question: Why did the child say this?
A. Because they forgot
B. Because they believe it is under the bed
C. To confuse the other child
D. Because they dislike toys",C,C,Yes
deepseek,qwen2.5-1.5b-instruct,8,7,"Story: Mark puts his keys in his backpack. Later someone moves the keys to a desk while Mark is outside.
Question: Where will Mark look for the keys first?
A. Desk
B. Pocket
C. Drawer
D. Backpack",D,A,No
deepseek,qwen2.5-1.5b-instruct,8,8,"Story: Sara thinks her lost phone is gone forever. Then she finds it in her jacket pocket.
Question: How will Sara most likely feel when she finds it?
A. Angry
B. Confused
C. Relieved
D. Bored",C,C,Yes
deepseek,qwen2.5-1.5b-instruct,8,9,"Story: Tom places a book in a cabinet while Maya watches. Later Tom leaves the room and Maya moves the book to a drawer.
Question: Does Tom know the book was moved?
A. Yes
B. No",B,B,Yes
deepseek,qwen2.5-1.5b-instruct,8,10,"Story: Anna hides a ball in a basket. Ben watches. Anna leaves the room. Ben moves the ball to a box. Clara sees Ben move it.
Question: Where does Clara think Anna will look for the ball?
A. Box
B. Table
C. Basket
D. Shelf",C,A,No
deepseek,qwen2.5-1.5b-instruct,8,11,"Story: Liam moves his friend's chair slightly before they sit down as a joke.
Question: What was Liam's likely intention?
A. To help his friend
B. To clean the room
C. To move furniture permanently
D. To make his friend laugh",D,D,Yes
deepseek,qwen2.5-1.5b-instruct,8,12,"Story: Emma puts a pen in a drawer and then goes outside to talk on the phone. While she is gone, Noah moves the pen to a box.
Question: Where will Emma look for the pen first?
A. Box
B. Table
C. Drawer
D. Bag",C,C,Yes
deepseek,qwen2.5-1.5b-instruct,8,13,"Story: Jake thinks his friend ignored his message, but actually the friend never received it.
Question: How might Jake feel?
A. Happy
B. Relaxed
C. Hurt
D. Proud",C,C,Yes
deepseek,qwen2.5-1.5b-instruct,8,14,"Story: A toy is behind a couch. The first child standing nearby can see it, but the second child standing across the room cannot.
Question: What does the second child believe?
A. The toy is visible
B. The toy is missing
C. The toy is broken
D. The toy is behind the couch",B,B,Yes
deepseek,qwen2.5-1.5b-instruct,8,15,"Story: Ava hides a ring in a bag. Later someone moves the ring to a drawer while Ava is outside.
Question: Where does Ava think the ring is?
A. Drawer
B. Shelf
C. Table
D. Bag",D,A,No
deepseek,qwen2.5-1.5b-instruct,8,16,"Story: Daniel studies very hard for a test and believes he will do well.
Question: How does Daniel most likely feel before taking the test?
A. Angry
B. Bored
C. Nervous but hopeful
D. Confused",C,C,Yes
deepseek,qwen2.5-1.5b-instruct,8,17,"Story: A child tells their friend the candy is in the kitchen even though it is actually in their pocket.
Question: What is the child trying to do?
A. Share the candy
B. Lose the candy
C. Clean the kitchen
D. Hide the candy",D,B,No
deepseek,qwen2.5-1.5b-instruct,8,18,"Story: Mia hides a toy in a drawer while Liam is watching. Later Liam leaves the room and Mia moves the toy to a box.
Question: Who knows the toy is in the box?
A. Liam only
B. Both Mia and Liam
C. Mia only
D. Neither",C,C,Yes
deepseek,qwen2.5-1.5b-instruct,8,19,"Story: Noah puts a coin in a jar. Emma watches. Noah leaves. Emma moves the coin to a drawer. Liam sees Emma move it.
Question: Where does Liam think Noah will look for the coin?
A. Drawer
B. Table
C. Shelf
D. Jar",D,A,No
deepseek,qwen2.5-1.5b-instruct,8,20,"Story: Ella believes her favorite mug is broken. Later she discovers it is actually fine.
Question: How will Ella most likely feel when she finds out?
A. Angry
B. Bored
C. Confused
D. Relieved",D,D,Yes
deepseek,qwen2.5-1.5b-instruct,9,1,"Story: Sam puts his watch in a drawer and leaves the room. While he is gone, Alex moves the watch to a box.
Question: Where will Sam look for the watch first?
A. Box
B. Table
C. Drawer
D. Shelf",C,C,Yes
deepseek,qwen2.5-1.5b-instruct,9,2,"Story: Nina thinks her cat ran away, but the cat is actually sleeping under the bed.
Question: How does Nina most likely feel before she checks under the bed?
A. Relieved
B. Proud
C. Excited
D. Worried",D,D,Yes
deepseek,qwen2.5-1.5b-instruct,9,3,"Story: Leo hides a coin in a cup. Emma is watching. Later Leo leaves the room and Emma moves the coin to a drawer.
Question: Who knows the coin was moved?
A. Leo only
B. Both Leo and Emma
C. Neither of them
D. Emma only",D,D,Yes
deepseek,qwen2.5-1.5b-instruct,9,4,"Story: You can see a dog behind a tree. Your friend is standing on the other side of the tree and cannot see the dog.
Question: What does your friend think is behind the tree?
A. A dog
B. A cat
C. A ball
D. Nothing",D,A,No
deepseek,qwen2.5-1.5b-instruct,9,5,"Story: Olivia hides a cookie in a jar. Jack watches. Olivia leaves the room. Jack moves the cookie to a cupboard.
Question: Where is the cookie really?
A. Jar
B. Table
C. Plate
D. Cupboard",D,D,Yes
deepseek,qwen2.5-1.5b-instruct,9,6,"Story: A child hides a toy in a drawer. Another child asks where it is. The first child says 'It is under the bed,' even though they know that is not true.
Question: Why did the child say this?
A. Because they forgot
B. Because they believe it is under the bed
C. To confuse the other child
D. Because they dislike toys",C,B,No
deepseek,qwen2.5-1.5b-instruct,9,7,"Story: Mark puts his keys in his backpack. Later someone moves the keys to a desk while Mark is outside.
Question: Where will Mark look for the keys first?
A. Desk
B. Pocket
C. Drawer
D. Backpack",D,A,No
deepseek,qwen2.5-1.5b-instruct,9,8,"Story: Sara thinks her lost phone is gone forever. Then she finds it in her jacket pocket.
Question: How will Sara most likely feel when she finds it?
A. Angry
B. Confused
C. Relieved
D. Bored",C,C,Yes
deepseek,qwen2.5-1.5b-instruct,9,9,"Story: Tom places a book in a cabinet while Maya watches. Later Tom leaves the room and Maya moves the book to a drawer.
Question: Does Tom know the book was moved?
A. Yes
B. No",B,B,Yes
deepseek,qwen2.5-1.5b-instruct,9,10,"Story: Anna hides a ball in a basket. Ben watches. Anna leaves the room. Ben moves the ball to a box. Clara sees Ben move it.
Question: Where does Clara think Anna will look for the ball?
A. Box
B. Table
C. Basket
D. Shelf",C,A,No
deepseek,qwen2.5-1.5b-instruct,9,11,"Story: Liam moves his friend's chair slightly before they sit down as a joke.
Question: What was Liam's likely intention?
A. To help his friend
B. To clean the room
C. To move furniture permanently
D. To make his friend laugh",D,D,Yes
deepseek,qwen2.5-1.5b-instruct,9,12,"Story: Emma puts a pen in a drawer and then goes outside to talk on the phone. While she is gone, Noah moves the pen to a box.
Question: Where will Emma look for the pen first?
A. Box
B. Table
C. Drawer
D. Bag",C,C,Yes
deepseek,qwen2.5-1.5b-instruct,9,13,"Story: Jake thinks his friend ignored his message, but actually the friend never received it.
Question: How might Jake feel?
A. Happy
B. Relaxed
C. Hurt
D. Proud",C,C,Yes
deepseek,qwen2.5-1.5b-instruct,9,14,"Story: A toy is behind a couch. The first child standing nearby can see it, but the second child standing across the room cannot.
Question: What does the second child believe?
A. The toy is visible
B. The toy is missing
C. The toy is broken
D. The toy is behind the couch",B,B,Yes
deepseek,qwen2.5-1.5b-instruct,9,15,"Story: Ava hides a ring in a bag. Later someone moves the ring to a drawer while Ava is outside.
Question: Where does Ava think the ring is?
A. Drawer
B. Shelf
C. Table
D. Bag",D,A,No
deepseek,qwen2.5-1.5b-instruct,9,16,"Story: Daniel studies very hard for a test and believes he will do well.
Question: How does Daniel most likely feel before taking the test?
A. Angry
B. Bored
C. Nervous but hopeful
D. Confused",C,C,Yes
deepseek,qwen2.5-1.5b-instruct,9,17,"Story: A child tells their friend the candy is in the kitchen even though it is actually in their pocket.
Question: What is the child trying to do?
A. Share the candy
B. Lose the candy
C. Clean the kitchen
D. Hide the candy",D,B,No
deepseek,qwen2.5-1.5b-instruct,9,18,"Story: Mia hides a toy in a drawer while Liam is watching. Later Liam leaves the room and Mia moves the toy to a box.
Question: Who knows the toy is in the box?
A. Liam only
B. Both Mia and Liam
C. Mia only
D. Neither",C,C,Yes
deepseek,qwen2.5-1.5b-instruct,9,19,"Story: Noah puts a coin in a jar. Emma watches. Noah leaves. Emma moves the coin to a drawer. Liam sees Emma move it.
Question: Where does Liam think Noah will look for the coin?
A. Drawer
B. Table
C. Shelf
D. Jar",D,A,No
deepseek,qwen2.5-1.5b-instruct,9,20,"Story: Ella believes her favorite mug is broken. Later she discovers it is actually fine.
Question: How will Ella most likely feel when she finds out?
A. Angry
B. Bored
C. Confused
D. Relieved",D,D,Yes
deepseek,qwen2.5-1.5b-instruct,10,1,"Story: Sam puts his watch in a drawer and leaves the room. While he is gone, Alex moves the watch to a box.
Question: Where will Sam look for the watch first?
A. Box
B. Table
C. Drawer
D. Shelf",C,C,Yes
deepseek,qwen2.5-1.5b-instruct,10,2,"Story: Nina thinks her cat ran away, but the cat is actually sleeping under the bed.
Question: How does Nina most likely feel before she checks under the bed?
A. Relieved
B. Proud
C. Excited
D. Worried",D,D,Yes
deepseek,qwen2.5-1.5b-instruct,10,3,"Story: Leo hides a coin in a cup. Emma is watching. Later Leo leaves the room and Emma moves the coin to a drawer.
Question: Who knows the coin was moved?
A. Leo only
B. Both Leo and Emma
C. Neither of them
D. Emma only",D,D,Yes
deepseek,qwen2.5-1.5b-instruct,10,4,"Story: You can see a dog behind a tree. Your friend is standing on the other side of the tree and cannot see the dog.
Question: What does your friend think is behind the tree?
A. A dog
B. A cat
C. A ball
D. Nothing",D,A,No
deepseek,qwen2.5-1.5b-instruct,10,5,"Story: Olivia hides a cookie in a jar. Jack watches. Olivia leaves the room. Jack moves the cookie to a cupboard.
Question: Where is the cookie really?
A. Jar
B. Table
C. Plate
D. Cupboard",D,D,Yes
deepseek,qwen2.5-1.5b-instruct,10,6,"Story: A child hides a toy in a drawer. Another child asks where it is. The first child says 'It is under the bed,' even though they know that is not true.
Question: Why did the child say this?
A. Because they forgot
B. Because they believe it is under the bed
C. To confuse the other child
D. Because they dislike toys",C,C,Yes
deepseek,qwen2.5-1.5b-instruct,10,7,"Story: Mark puts his keys in his backpack. Later someone moves the keys to a desk while Mark is outside.
Question: Where will Mark look for the keys first?
A. Desk
B. Pocket
C. Drawer
D. Backpack",D,A,No
deepseek,qwen2.5-1.5b-instruct,10,8,"Story: Sara thinks her lost phone is gone forever. Then she finds it in her jacket pocket.
Question: How will Sara most likely feel when she finds it?
A. Angry
B. Confused
C. Relieved
D. Bored",C,C,Yes
deepseek,qwen2.5-1.5b-instruct,10,9,"Story: Tom places a book in a cabinet while Maya watches. Later Tom leaves the room and Maya moves the book to a drawer.
Question: Does Tom know the book was moved?
A. Yes
B. No",B,B,Yes
deepseek,qwen2.5-1.5b-instruct,10,10,"Story: Anna hides a ball in a basket. Ben watches. Anna leaves the room. Ben moves the ball to a box. Clara sees Ben move it.
Question: Where does Clara think Anna will look for the ball?
A. Box
B. Table
C. Basket
D. Shelf",C,A,No
deepseek,qwen2.5-1.5b-instruct,10,11,"Story: Liam moves his friend's chair slightly before they sit down as a joke.
Question: What was Liam's likely intention?
A. To help his friend
B. To clean the room
C. To move furniture permanently
D. To make his friend laugh",D,D,Yes
deepseek,qwen2.5-1.5b-instruct,10,12,"Story: Emma puts a pen in a drawer and then goes outside to talk on the phone. While she is gone, Noah moves the pen to a box.
Question: Where will Emma look for the pen first?
A. Box
B. Table
C. Drawer
D. Bag",C,C,Yes
deepseek,qwen2.5-1.5b-instruct,10,13,"Story: Jake thinks his friend ignored his message, but actually the friend never received it.
Question: How might Jake feel?
A. Happy
B. Relaxed
C. Hurt
D. Proud",C,C,Yes
deepseek,qwen2.5-1.5b-instruct,10,14,"Story: A toy is behind a couch. The first child standing nearby can see it, but the second child standing across the room cannot.
Question: What does the second child believe?
A. The toy is visible
B. The toy is missing
C. The toy is broken
D. The toy is behind the couch",B,B,Yes
deepseek,qwen2.5-1.5b-instruct,10,15,"Story: Ava hides a ring in a bag. Later someone moves the ring to a drawer while Ava is outside.
Question: Where does Ava think the ring is?
A. Drawer
B. Shelf
C. Table
D. Bag",D,A,No
deepseek,qwen2.5-1.5b-instruct,10,16,"Story: Daniel studies very hard for a test and believes he will do well.
Question: How does Daniel most likely feel before taking the test?
A. Angry
B. Bored
C. Nervous but hopeful
D. Confused",C,C,Yes
deepseek,qwen2.5-1.5b-instruct,10,17,"Story: A child tells their friend the candy is in the kitchen even though it is actually in their pocket.
Question: What is the child trying to do?
A. Share the candy
B. Lose the candy
C. Clean the kitchen
D. Hide the candy",D,D,Yes
deepseek,qwen2.5-1.5b-instruct,10,18,"Story: Mia hides a toy in a drawer while Liam is watching. Later Liam leaves the room and Mia moves the toy to a box.
Question: Who knows the toy is in the box?
A. Liam only
B. Both Mia and Liam
C. Mia only
D. Neither",C,C,Yes
deepseek,qwen2.5-1.5b-instruct,10,19,"Story: Noah puts a coin in a jar. Emma watches. Noah leaves. Emma moves the coin to a drawer. Liam sees Emma move it.
Question: Where does Liam think Noah will look for the coin?
A. Drawer
B. Table
C. Shelf
D. Jar",D,A,No
deepseek,qwen2.5-1.5b-instruct,10,20,"Story: Ella believes her favorite mug is broken. Later she discovers it is actually fine.
Question: How will Ella most likely feel when she finds out?
A. Angry
B. Bored
C. Confused
D. Relieved",D,D,Yes
deepseek,qwen2.5-1.5b-instruct,11,1,"Story: Sam puts his watch in a drawer and leaves the room. While he is gone, Alex moves the watch to a box.
Question: Where will Sam look for the watch first?
A. Box
B. Table
C. Drawer
D. Shelf",C,C,Yes
deepseek,qwen2.5-1.5b-instruct,11,2,"Story: Nina thinks her cat ran away, but the cat is actually sleeping under the bed.
Question: How does Nina most likely feel before she checks under the bed?
A. Relieved
B. Proud
C. Excited
D. Worried",D,D,Yes
deepseek,qwen2.5-1.5b-instruct,11,3,"Story: Leo hides a coin in a cup. Emma is watching. Later Leo leaves the room and Emma moves the coin to a drawer.
Question: Who knows the coin was moved?
A. Leo only
B. Both Leo and Emma
C. Neither of them
D. Emma only",D,B,No
deepseek,qwen2.5-1.5b-instruct,11,4,"Story: You can see a dog behind a tree. Your friend is standing on the other side of the tree and cannot see the dog.
Question: What does your friend think is behind the tree?
A. A dog
B. A cat
C. A ball
D. Nothing",D,A,No
deepseek,qwen2.5-1.5b-instruct,11,5,"Story: Olivia hides a cookie in a jar. Jack watches. Olivia leaves the room. Jack moves the cookie to a cupboard.
Question: Where is the cookie really?
A. Jar
B. Table
C. Plate
D. Cupboard",D,D,Yes
deepseek,qwen2.5-1.5b-instruct,11,6,"Story: A child hides a toy in a drawer. Another child asks where it is. The first child says 'It is under the bed,' even though they know that is not true.
Question: Why did the child say this?
A. Because they forgot
B. Because they believe it is under the bed
C. To confuse the other child
D. Because they dislike toys",C,C,Yes
deepseek,qwen2.5-1.5b-instruct,11,7,"Story: Mark puts his keys in his backpack. Later someone moves the keys to a desk while Mark is outside.
Question: Where will Mark look for the keys first?
A. Desk
B. Pocket
C. Drawer
D. Backpack",D,B,No
deepseek,qwen2.5-1.5b-instruct,11,8,"Story: Sara thinks her lost phone is gone forever. Then she finds it in her jacket pocket.
Question: How will Sara most likely feel when she finds it?
A. Angry
B. Confused
C. Relieved
D. Bored",C,C,Yes
deepseek,qwen2.5-1.5b-instruct,11,9,"Story: Tom places a book in a cabinet while Maya watches. Later Tom leaves the room and Maya moves the book to a drawer.
Question: Does Tom know the book was moved?
A. Yes
B. No",B,B,Yes
deepseek,qwen2.5-1.5b-instruct,11,10,"Story: Anna hides a ball in a basket. Ben watches. Anna leaves the room. Ben moves the ball to a box. Clara sees Ben move it.
Question: Where does Clara think Anna will look for the ball?
A. Box
B. Table
C. Basket
D. Shelf",C,A,No
deepseek,qwen2.5-1.5b-instruct,11,11,"Story: Liam moves his friend's chair slightly before they sit down as a joke.
Question: What was Liam's likely intention?
A. To help his friend
B. To clean the room
C. To move furniture permanently
D. To make his friend laugh",D,D,Yes
deepseek,qwen2.5-1.5b-instruct,11,12,"Story: Emma puts a pen in a drawer and then goes outside to talk on the phone. While she is gone, Noah moves the pen to a box.
Question: Where will Emma look for the pen first?
A. Box
B. Table
C. Drawer
D. Bag",C,C,Yes
deepseek,qwen2.5-1.5b-instruct,11,13,"Story: Jake thinks his friend ignored his message, but actually the friend never received it.
Question: How might Jake feel?
A. Happy
B. Relaxed
C. Hurt
D. Proud",C,C,Yes
deepseek,qwen2.5-1.5b-instruct,11,14,"Story: A toy is behind a couch. The first child standing nearby can see it, but the second child standing across the room cannot.
Question: What does the second child believe?
A. The toy is visible
B. The toy is missing
C. The toy is broken
D. The toy is behind the couch",B,B,Yes
deepseek,qwen2.5-1.5b-instruct,11,15,"Story: Ava hides a ring in a bag. Later someone moves the ring to a drawer while Ava is outside.
Question: Where does Ava think the ring is?
A. Drawer
B. Shelf
C. Table
D. Bag",D,A,No
deepseek,qwen2.5-1.5b-instruct,11,16,"Story: Daniel studies very hard for a test and believes he will do well.
Question: How does Daniel most likely feel before taking the test?
A. Angry
B. Bored
C. Nervous but hopeful
D. Confused",C,C,Yes
deepseek,qwen2.5-1.5b-instruct,11,17,"Story: A child tells their friend the candy is in the kitchen even though it is actually in their pocket.
Question: What is the child trying to do?
A. Share the candy
B. Lose the candy
C. Clean the kitchen
D. Hide the candy",D,B,No
deepseek,qwen2.5-1.5b-instruct,11,18,"Story: Mia hides a toy in a drawer while Liam is watching. Later Liam leaves the room and Mia moves the toy to a box.
Question: Who knows the toy is in the box?
A. Liam only
B. Both Mia and Liam
C. Mia only
D. Neither",C,C,Yes
deepseek,qwen2.5-1.5b-instruct,11,19,"Story: Noah puts a coin in a jar. Emma watches. Noah leaves. Emma moves the coin to a drawer. Liam sees Emma move it.
Question: Where does Liam think Noah will look for the coin?
A. Drawer
B. Table
C. Shelf
D. Jar",D,A,No
deepseek,qwen2.5-1.5b-instruct,11,20,"Story: Ella believes her favorite mug is broken. Later she discovers it is actually fine.
Question: How will Ella most likely feel when she finds out?
A. Angry
B. Bored
C. Confused
D. Relieved",D,D,Yes
deepseek,qwen2.5-1.5b-instruct,12,1,"Story: Sam puts his watch in a drawer and leaves the room. While he is gone, Alex moves the watch to a box.
Question: Where will Sam look for the watch first?
A. Box
B. Table
C. Drawer
D. Shelf",C,C,Yes
deepseek,qwen2.5-1.5b-instruct,12,2,"Story: Nina thinks her cat ran away, but the cat is actually sleeping under the bed.
Question: How does Nina most likely feel before she checks under the bed?
A. Relieved
B. Proud
C. Excited
D. Worried",D,D,Yes
deepseek,qwen2.5-1.5b-instruct,12,3,"Story: Leo hides a coin in a cup. Emma is watching. Later Leo leaves the room and Emma moves the coin to a drawer.
Question: Who knows the coin was moved?
A. Leo only
B. Both Leo and Emma
C. Neither of them
D. Emma only",D,D,Yes
deepseek,qwen2.5-1.5b-instruct,12,4,"Story: You can see a dog behind a tree. Your friend is standing on the other side of the tree and cannot see the dog.
Question: What does your friend think is behind the tree?
A. A dog
B. A cat
C. A ball
D. Nothing",D,A,No
deepseek,qwen2.5-1.5b-instruct,12,5,"Story: Olivia hides a cookie in a jar. Jack watches. Olivia leaves the room. Jack moves the cookie to a cupboard.
Question: Where is the cookie really?
A. Jar
B. Table
C. Plate
D. Cupboard",D,D,Yes
deepseek,qwen2.5-1.5b-instruct,12,6,"Story: A child hides a toy in a drawer. Another child asks where it is. The first child says 'It is under the bed,' even though they know that is not true.
Question: Why did the child say this?
A. Because they forgot
B. Because they believe it is under the bed
C. To confuse the other child
D. Because they dislike toys",C,B,No
deepseek,qwen2.5-1.5b-instruct,12,7,"Story: Mark puts his keys in his backpack. Later someone moves the keys to a desk while Mark is outside.
Question: Where will Mark look for the keys first?
A. Desk
B. Pocket
C. Drawer
D. Backpack",D,B,No
deepseek,qwen2.5-1.5b-instruct,12,8,"Story: Sara thinks her lost phone is gone forever. Then she finds it in her jacket pocket.
Question: How will Sara most likely feel when she finds it?
A. Angry
B. Confused
C. Relieved
D. Bored",C,C,Yes
deepseek,qwen2.5-1.5b-instruct,12,9,"Story: Tom places a book in a cabinet while Maya watches. Later Tom leaves the room and Maya moves the book to a drawer.
Question: Does Tom know the book was moved?
A. Yes
B. No",B,B,Yes
deepseek,qwen2.5-1.5b-instruct,12,10,"Story: Anna hides a ball in a basket. Ben watches. Anna leaves the room. Ben moves the ball to a box. Clara sees Ben move it.
Question: Where does Clara think Anna will look for the ball?
A. Box
B. Table
C. Basket
D. Shelf",C,A,No
deepseek,qwen2.5-1.5b-instruct,12,11,"Story: Liam moves his friend's chair slightly before they sit down as a joke.
Question: What was Liam's likely intention?
A. To help his friend
B. To clean the room
C. To move furniture permanently
D. To make his friend laugh",D,D,Yes
deepseek,qwen2.5-1.5b-instruct,12,12,"Story: Emma puts a pen in a drawer and then goes outside to talk on the phone. While she is gone, Noah moves the pen to a box.
Question: Where will Emma look for the pen first?
A. Box
B. Table
C. Drawer
D. Bag",C,C,Yes
deepseek,qwen2.5-1.5b-instruct,12,13,"Story: Jake thinks his friend ignored his message, but actually the friend never received it.
Question: How might Jake feel?
A. Happy
B. Relaxed
C. Hurt
D. Proud",C,C,Yes
deepseek,qwen2.5-1.5b-instruct,12,14,"Story: A toy is behind a couch. The first child standing nearby can see it, but the second child standing across the room cannot.
Question: What does the second child believe?
A. The toy is visible
B. The toy is missing
C. The toy is broken
D. The toy is behind the couch",B,B,Yes
deepseek,qwen2.5-1.5b-instruct,12,15,"Story: Ava hides a ring in a bag. Later someone moves the ring to a drawer while Ava is outside.
Question: Where does Ava think the ring is?
A. Drawer
B. Shelf
C. Table
D. Bag",D,A,No
deepseek,qwen2.5-1.5b-instruct,12,16,"Story: Daniel studies very hard for a test and believes he will do well.
Question: How does Daniel most likely feel before taking the test?
A. Angry
B. Bored
C. Nervous but hopeful
D. Confused",C,C,Yes
deepseek,qwen2.5-1.5b-instruct,12,17,"Story: A child tells their friend the candy is in the kitchen even though it is actually in their pocket.
Question: What is the child trying to do?
A. Share the candy
B. Lose the candy
C. Clean the kitchen
D. Hide the candy",D,D,Yes
deepseek,qwen2.5-1.5b-instruct,12,18,"Story: Mia hides a toy in a drawer while Liam is watching. Later Liam leaves the room and Mia moves the toy to a box.
Question: Who knows the toy is in the box?
A. Liam only
B. Both Mia and Liam
C. Mia only
D. Neither",C,B,No
deepseek,qwen2.5-1.5b-instruct,12,19,"Story: Noah puts a coin in a jar. Emma watches. Noah leaves. Emma moves the coin to a drawer. Liam sees Emma move it.
Question: Where does Liam think Noah will look for the coin?
A. Drawer
B. Table
C. Shelf
D. Jar",D,A,No
deepseek,qwen2.5-1.5b-instruct,12,20,"Story: Ella believes her favorite mug is broken. Later she discovers it is actually fine.
Question: How will Ella most likely feel when she finds out?
A. Angry
B. Bored
C. Confused
D. Relieved",D,D,Yes
deepseek,qwen2.5-1.5b-instruct,13,1,"Story: Sam puts his watch in a drawer and leaves the room. While he is gone, Alex moves the watch to a box.
Question: Where will Sam look for the watch first?
A. Box
B. Table
C. Drawer
D. Shelf",C,C,Yes
deepseek,qwen2.5-1.5b-instruct,13,2,"Story: Nina thinks her cat ran away, but the cat is actually sleeping under the bed.
Question: How does Nina most likely feel before she checks under the bed?
A. Relieved
B. Proud
C. Excited
D. Worried",D,D,Yes
deepseek,qwen2.5-1.5b-instruct,13,3,"Story: Leo hides a coin in a cup. Emma is watching. Later Leo leaves the room and Emma moves the coin to a drawer.
Question: Who knows the coin was moved?
A. Leo only
B. Both Leo and Emma
C. Neither of them
D. Emma only",D,D,Yes
deepseek,qwen2.5-1.5b-instruct,13,4,"Story: You can see a dog behind a tree. Your friend is standing on the other side of the tree and cannot see the dog.
Question: What does your friend think is behind the tree?
A. A dog
B. A cat
C. A ball
D. Nothing",D,A,No
deepseek,qwen2.5-1.5b-instruct,13,5,"Story: Olivia hides a cookie in a jar. Jack watches. Olivia leaves the room. Jack moves the cookie to a cupboard.
Question: Where is the cookie really?
A. Jar
B. Table
C. Plate
D. Cupboard",D,D,Yes
deepseek,qwen2.5-1.5b-instruct,13,6,"Story: A child hides a toy in a drawer. Another child asks where it is. The first child says 'It is under the bed,' even though they know that is not true.
Question: Why did the child say this?
A. Because they forgot
B. Because they believe it is under the bed
C. To confuse the other child
D. Because they dislike toys",C,C,Yes
deepseek,qwen2.5-1.5b-instruct,13,7,"Story: Mark puts his keys in his backpack. Later someone moves the keys to a desk while Mark is outside.
Question: Where will Mark look for the keys first?
A. Desk
B. Pocket
C. Drawer
D. Backpack",D,A,No
deepseek,qwen2.5-1.5b-instruct,13,8,"Story: Sara thinks her lost phone is gone forever. Then she finds it in her jacket pocket.
Question: How will Sara most likely feel when she finds it?
A. Angry
B. Confused
C. Relieved
D. Bored",C,C,Yes
deepseek,qwen2.5-1.5b-instruct,13,9,"Story: Tom places a book in a cabinet while Maya watches. Later Tom leaves the room and Maya moves the book to a drawer.
Question: Does Tom know the book was moved?
A. Yes
B. No",B,B,Yes
deepseek,qwen2.5-1.5b-instruct,13,10,"Story: Anna hides a ball in a basket. Ben watches. Anna leaves the room. Ben moves the ball to a box. Clara sees Ben move it.
Question: Where does Clara think Anna will look for the ball?
A. Box
B. Table
C. Basket
D. Shelf",C,A,No
deepseek,qwen2.5-1.5b-instruct,13,11,"Story: Liam moves his friend's chair slightly before they sit down as a joke.
Question: What was Liam's likely intention?
A. To help his friend
B. To clean the room
C. To move furniture permanently
D. To make his friend laugh",D,D,Yes
deepseek,qwen2.5-1.5b-instruct,13,12,"Story: Emma puts a pen in a drawer and then goes outside to talk on the phone. While she is gone, Noah moves the pen to a box.
Question: Where will Emma look for the pen first?
A. Box
B. Table
C. Drawer
D. Bag",C,C,Yes
deepseek,qwen2.5-1.5b-instruct,13,13,"Story: Jake thinks his friend ignored his message, but actually the friend never received it.
Question: How might Jake feel?
A. Happy
B. Relaxed
C. Hurt
D. Proud",C,C,Yes
deepseek,qwen2.5-1.5b-instruct,13,14,"Story: A toy is behind a couch. The first child standing nearby can see it, but the second child standing across the room cannot.
Question: What does the second child believe?
A. The toy is visible
B. The toy is missing
C. The toy is broken
D. The toy is behind the couch",B,B,Yes
deepseek,qwen2.5-1.5b-instruct,13,15,"Story: Ava hides a ring in a bag. Later someone moves the ring to a drawer while Ava is outside.
Question: Where does Ava think the ring is?
A. Drawer
B. Shelf
C. Table
D. Bag",D,A,No
deepseek,qwen2.5-1.5b-instruct,13,16,"Story: Daniel studies very hard for a test and believes he will do well.
Question: How does Daniel most likely feel before taking the test?
A. Angry
B. Bored
C. Nervous but hopeful
D. Confused",C,C,Yes
deepseek,qwen2.5-1.5b-instruct,13,17,"Story: A child tells their friend the candy is in the kitchen even though it is actually in their pocket.
Question: What is the child trying to do?
A. Share the candy
B. Lose the candy
C. Clean the kitchen
D. Hide the candy",D,B,No
deepseek,qwen2.5-1.5b-instruct,13,18,"Story: Mia hides a toy in a drawer while Liam is watching. Later Liam leaves the room and Mia moves the toy to a box.
Question: Who knows the toy is in the box?
A. Liam only
B. Both Mia and Liam
C. Mia only
D. Neither",C,C,Yes
deepseek,qwen2.5-1.5b-instruct,13,19,"Story: Noah puts a coin in a jar. Emma watches. Noah leaves. Emma moves the coin to a drawer. Liam sees Emma move it.
Question: Where does Liam think Noah will look for the coin?
A. Drawer
B. Table
C. Shelf
D. Jar",D,A,No
deepseek,qwen2.5-1.5b-instruct,13,20,"Story: Ella believes her favorite mug is broken. Later she discovers it is actually fine.
Question: How will Ella most likely feel when she finds out?
A. Angry
B. Bored
C. Confused
D. Relieved",D,D,Yes
deepseek,qwen2.5-1.5b-instruct,14,1,"Story: Sam puts his watch in a drawer and leaves the room. While he is gone, Alex moves the watch to a box.
Question: Where will Sam look for the watch first?
A. Box
B. Table
C. Drawer
D. Shelf",C,C,Yes
deepseek,qwen2.5-1.5b-instruct,14,2,"Story: Nina thinks her cat ran away, but the cat is actually sleeping under the bed.
Question: How does Nina most likely feel before she checks under the bed?
A. Relieved
B. Proud
C. Excited
D. Worried",D,D,Yes
deepseek,qwen2.5-1.5b-instruct,14,3,"Story: Leo hides a coin in a cup. Emma is watching. Later Leo leaves the room and Emma moves the coin to a drawer.
Question: Who knows the coin was moved?
A. Leo only
B. Both Leo and Emma
C. Neither of them
D. Emma only",D,B,No
deepseek,qwen2.5-1.5b-instruct,14,4,"Story: You can see a dog behind a tree. Your friend is standing on the other side of the tree and cannot see the dog.
Question: What does your friend think is behind the tree?
A. A dog
B. A cat
C. A ball
D. Nothing",D,A,No
deepseek,qwen2.5-1.5b-instruct,14,5,"Story: Olivia hides a cookie in a jar. Jack watches. Olivia leaves the room. Jack moves the cookie to a cupboard.
Question: Where is the cookie really?
A. Jar
B. Table
C. Plate
D. Cupboard",D,D,Yes
deepseek,qwen2.5-1.5b-instruct,14,6,"Story: A child hides a toy in a drawer. Another child asks where it is. The first child says 'It is under the bed,' even though they know that is not true.
Question: Why did the child say this?
A. Because they forgot
B. Because they believe it is under the bed
C. To confuse the other child
D. Because they dislike toys",C,C,Yes
deepseek,qwen2.5-1.5b-instruct,14,7,"Story: Mark puts his keys in his backpack. Later someone moves the keys to a desk while Mark is outside.
Question: Where will Mark look for the keys first?
A. Desk
B. Pocket
C. Drawer
D. Backpack",D,B,No
deepseek,qwen2.5-1.5b-instruct,14,8,"Story: Sara thinks her lost phone is gone forever. Then she finds it in her jacket pocket.
Question: How will Sara most likely feel when she finds it?
A. Angry
B. Confused
C. Relieved
D. Bored",C,C,Yes
deepseek,qwen2.5-1.5b-instruct,14,9,"Story: Tom places a book in a cabinet while Maya watches. Later Tom leaves the room and Maya moves the book to a drawer.
Question: Does Tom know the book was moved?
A. Yes
B. No",B,B,Yes
deepseek,qwen2.5-1.5b-instruct,14,10,"Story: Anna hides a ball in a basket. Ben watches. Anna leaves the room. Ben moves the ball to a box. Clara sees Ben move it.
Question: Where does Clara think Anna will look for the ball?
A. Box
B. Table
C. Basket
D. Shelf",C,A,No
deepseek,qwen2.5-1.5b-instruct,14,11,"Story: Liam moves his friend's chair slightly before they sit down as a joke.
Question: What was Liam's likely intention?
A. To help his friend
B. To clean the room
C. To move furniture permanently
D. To make his friend laugh",D,D,Yes
deepseek,qwen2.5-1.5b-instruct,14,12,"Story: Emma puts a pen in a drawer and then goes outside to talk on the phone. While she is gone, Noah moves the pen to a box.
Question: Where will Emma look for the pen first?
A. Box
B. Table
C. Drawer
D. Bag",C,C,Yes
deepseek,qwen2.5-1.5b-instruct,14,13,"Story: Jake thinks his friend ignored his message, but actually the friend never received it.
Question: How might Jake feel?
A. Happy
B. Relaxed
C. Hurt
D. Proud",C,C,Yes
deepseek,qwen2.5-1.5b-instruct,14,14,"Story: A toy is behind a couch. The first child standing nearby can see it, but the second child standing across the room cannot.
Question: What does the second child believe?
A. The toy is visible
B. The toy is missing
C. The toy is broken
D. The toy is behind the couch",B,B,Yes
deepseek,qwen2.5-1.5b-instruct,14,15,"Story: Ava hides a ring in a bag. Later someone moves the ring to a drawer while Ava is outside.
Question: Where does Ava think the ring is?
A. Drawer
B. Shelf
C. Table
D. Bag",D,A,No
deepseek,qwen2.5-1.5b-instruct,14,16,"Story: Daniel studies very hard for a test and believes he will do well.
Question: How does Daniel most likely feel before taking the test?
A. Angry
B. Bored
C. Nervous but hopeful
D. Confused",C,C,Yes
deepseek,qwen2.5-1.5b-instruct,14,17,"Story: A child tells their friend the candy is in the kitchen even though it is actually in their pocket.
Question: What is the child trying to do?
A. Share the candy
B. Lose the candy
C. Clean the kitchen
D. Hide the candy",D,D,Yes
deepseek,qwen2.5-1.5b-instruct,14,18,"Story: Mia hides a toy in a drawer while Liam is watching. Later Liam leaves the room and Mia moves the toy to a box.
Question: Who knows the toy is in the box?
A. Liam only
B. Both Mia and Liam
C. Mia only
D. Neither",C,C,Yes
deepseek,qwen2.5-1.5b-instruct,14,19,"Story: Noah puts a coin in a jar. Emma watches. Noah leaves. Emma moves the coin to a drawer. Liam sees Emma move it.
Question: Where does Liam think Noah will look for the coin?
A. Drawer
B. Table
C. Shelf
D. Jar",D,A,No
deepseek,qwen2.5-1.5b-instruct,14,20,"Story: Ella believes her favorite mug is broken. Later she discovers it is actually fine.
Question: How will Ella most likely feel when she finds out?
A. Angry
B. Bored
C. Confused
D. Relieved",D,D,Yes
deepseek,qwen2.5-1.5b-instruct,15,1,"Story: Sam puts his watch in a drawer and leaves the room. While he is gone, Alex moves the watch to a box.
Question: Where will Sam look for the watch first?
A. Box
B. Table
C. Drawer
D. Shelf",C,C,Yes
deepseek,qwen2.5-1.5b-instruct,15,2,"Story: Nina thinks her cat ran away, but the cat is actually sleeping under the bed.
Question: How does Nina most likely feel before she checks under the bed?
A. Relieved
B. Proud
C. Excited
D. Worried",D,D,Yes
deepseek,qwen2.5-1.5b-instruct,15,3,"Story: Leo hides a coin in a cup. Emma is watching. Later Leo leaves the room and Emma moves the coin to a drawer.
Question: Who knows the coin was moved?
A. Leo only
B. Both Leo and Emma
C. Neither of them
D. Emma only",D,D,Yes
deepseek,qwen2.5-1.5b-instruct,15,4,"Story: You can see a dog behind a tree. Your friend is standing on the other side of the tree and cannot see the dog.
Question: What does your friend think is behind the tree?
A. A dog
B. A cat
C. A ball
D. Nothing",D,A,No
deepseek,qwen2.5-1.5b-instruct,15,5,"Story: Olivia hides a cookie in a jar. Jack watches. Olivia leaves the room. Jack moves the cookie to a cupboard.
Question: Where is the cookie really?
A. Jar
B. Table
C. Plate
D. Cupboard",D,D,Yes
deepseek,qwen2.5-1.5b-instruct,15,6,"Story: A child hides a toy in a drawer. Another child asks where it is. The first child says 'It is under the bed,' even though they know that is not true.
Question: Why did the child say this?
A. Because they forgot
B. Because they believe it is under the bed
C. To confuse the other child
D. Because they dislike toys",C,C,Yes
deepseek,qwen2.5-1.5b-instruct,15,7,"Story: Mark puts his keys in his backpack. Later someone moves the keys to a desk while Mark is outside.
Question: Where will Mark look for the keys first?
A. Desk
B. Pocket
C. Drawer
D. Backpack",D,A,No
deepseek,qwen2.5-1.5b-instruct,15,8,"Story: Sara thinks her lost phone is gone forever. Then she finds it in her jacket pocket.
Question: How will Sara most likely feel when she finds it?
A. Angry
B. Confused
C. Relieved
D. Bored",C,C,Yes
deepseek,qwen2.5-1.5b-instruct,15,9,"Story: Tom places a book in a cabinet while Maya watches. Later Tom leaves the room and Maya moves the book to a drawer.
Question: Does Tom know the book was moved?
A. Yes
B. No",B,B,Yes
deepseek,qwen2.5-1.5b-instruct,15,10,"Story: Anna hides a ball in a basket. Ben watches. Anna leaves the room. Ben moves the ball to a box. Clara sees Ben move it.
Question: Where does Clara think Anna will look for the ball?
A. Box
B. Table
C. Basket
D. Shelf",C,A,No
deepseek,qwen2.5-1.5b-instruct,15,11,"Story: Liam moves his friend's chair slightly before they sit down as a joke.
Question: What was Liam's likely intention?
A. To help his friend
B. To clean the room
C. To move furniture permanently
D. To make his friend laugh",D,D,Yes
deepseek,qwen2.5-1.5b-instruct,15,12,"Story: Emma puts a pen in a drawer and then goes outside to talk on the phone. While she is gone, Noah moves the pen to a box.
Question: Where will Emma look for the pen first?
A. Box
B. Table
C. Drawer
D. Bag",C,C,Yes
deepseek,qwen2.5-1.5b-instruct,15,13,"Story: Jake thinks his friend ignored his message, but actually the friend never received it.
Question: How might Jake feel?
A. Happy
B. Relaxed
C. Hurt
D. Proud",C,C,Yes
deepseek,qwen2.5-1.5b-instruct,15,14,"Story: A toy is behind a couch. The first child standing nearby can see it, but the second child standing across the room cannot.
Question: What does the second child believe?
A. The toy is visible
B. The toy is missing
C. The toy is broken
D. The toy is behind the couch",B,B,Yes
deepseek,qwen2.5-1.5b-instruct,15,15,"Story: Ava hides a ring in a bag. Later someone moves the ring to a drawer while Ava is outside.
Question: Where does Ava think the ring is?
A. Drawer
B. Shelf
C. Table
D. Bag",D,A,No
deepseek,qwen2.5-1.5b-instruct,15,16,"Story: Daniel studies very hard for a test and believes he will do well.
Question: How does Daniel most likely feel before taking the test?
A. Angry
B. Bored
C. Nervous but hopeful
D. Confused",C,C,Yes
deepseek,qwen2.5-1.5b-instruct,15,17,"Story: A child tells their friend the candy is in the kitchen even though it is actually in their pocket.
Question: What is the child trying to do?
A. Share the candy
B. Lose the candy
C. Clean the kitchen
D. Hide the candy",D,B,No
deepseek,qwen2.5-1.5b-instruct,15,18,"Story: Mia hides a toy in a drawer while Liam is watching. Later Liam leaves the room and Mia moves the toy to a box.
Question: Who knows the toy is in the box?
A. Liam only
B. Both Mia and Liam
C. Mia only
D. Neither",C,C,Yes
deepseek,qwen2.5-1.5b-instruct,15,19,"Story: Noah puts a coin in a jar. Emma watches. Noah leaves. Emma moves the coin to a drawer. Liam sees Emma move it.
Question: Where does Liam think Noah will look for the coin?
A. Drawer
B. Table
C. Shelf
D. Jar",D,A,No
deepseek,qwen2.5-1.5b-instruct,15,20,"Story: Ella believes her favorite mug is broken. Later she discovers it is actually fine.
Question: How will Ella most likely feel when she finds out?
A. Angry
B. Bored
C. Confused
D. Relieved",D,D,Yes
deepseek,qwen2.5-1.5b-instruct,16,1,"Story: Sam puts his watch in a drawer and leaves the room. While he is gone, Alex moves the watch to a box.
Question: Where will Sam look for the watch first?
A. Box
B. Table
C. Drawer
D. Shelf",C,C,Yes
deepseek,qwen2.5-1.5b-instruct,16,2,"Story: Nina thinks her cat ran away, but the cat is actually sleeping under the bed.
Question: How does Nina most likely feel before she checks under the bed?
A. Relieved
B. Proud
C. Excited
D. Worried",D,D,Yes
deepseek,qwen2.5-1.5b-instruct,16,3,"Story: Leo hides a coin in a cup. Emma is watching. Later Leo leaves the room and Emma moves the coin to a drawer.
Question: Who knows the coin was moved?
A. Leo only
B. Both Leo and Emma
C. Neither of them
D. Emma only",D,D,Yes
deepseek,qwen2.5-1.5b-instruct,16,4,"Story: You can see a dog behind a tree. Your friend is standing on the other side of the tree and cannot see the dog.
Question: What does your friend think is behind the tree?
A. A dog
B. A cat
C. A ball
D. Nothing",D,A,No
deepseek,qwen2.5-1.5b-instruct,16,5,"Story: Olivia hides a cookie in a jar. Jack watches. Olivia leaves the room. Jack moves the cookie to a cupboard.
Question: Where is the cookie really?
A. Jar
B. Table
C. Plate
D. Cupboard",D,D,Yes
deepseek,qwen2.5-1.5b-instruct,16,6,"Story: A child hides a toy in a drawer. Another child asks where it is. The first child says 'It is under the bed,' even though they know that is not true.
Question: Why did the child say this?
A. Because they forgot
B. Because they believe it is under the bed
C. To confuse the other child
D. Because they dislike toys",C,C,Yes
deepseek,qwen2.5-1.5b-instruct,16,7,"Story: Mark puts his keys in his backpack. Later someone moves the keys to a desk while Mark is outside.
Question: Where will Mark look for the keys first?
A. Desk
B. Pocket
C. Drawer
D. Backpack",D,B,No
deepseek,qwen2.5-1.5b-instruct,16,8,"Story: Sara thinks her lost phone is gone forever. Then she finds it in her jacket pocket.
Question: How will Sara most likely feel when she finds it?
A. Angry
B. Confused
C. Relieved
D. Bored",C,C,Yes
deepseek,qwen2.5-1.5b-instruct,16,9,"Story: Tom places a book in a cabinet while Maya watches. Later Tom leaves the room and Maya moves the book to a drawer.
Question: Does Tom know the book was moved?
A. Yes
B. No",B,B,Yes
deepseek,qwen2.5-1.5b-instruct,16,10,"Story: Anna hides a ball in a basket. Ben watches. Anna leaves the room. Ben moves the ball to a box. Clara sees Ben move it.
Question: Where does Clara think Anna will look for the ball?
A. Box
B. Table
C. Basket
D. Shelf",C,A,No
deepseek,qwen2.5-1.5b-instruct,16,11,"Story: Liam moves his friend's chair slightly before they sit down as a joke.
Question: What was Liam's likely intention?
A. To help his friend
B. To clean the room
C. To move furniture permanently
D. To make his friend laugh",D,D,Yes
deepseek,qwen2.5-1.5b-instruct,16,12,"Story: Emma puts a pen in a drawer and then goes outside to talk on the phone. While she is gone, Noah moves the pen to a box.
Question: Where will Emma look for the pen first?
A. Box
B. Table
C. Drawer
D. Bag",C,C,Yes
deepseek,qwen2.5-1.5b-instruct,16,13,"Story: Jake thinks his friend ignored his message, but actually the friend never received it.
Question: How might Jake feel?
A. Happy
B. Relaxed
C. Hurt
D. Proud",C,C,Yes
deepseek,qwen2.5-1.5b-instruct,16,14,"Story: A toy is behind a couch. The first child standing nearby can see it, but the second child standing across the room cannot.
Question: What does the second child believe?
A. The toy is visible
B. The toy is missing
C. The toy is broken
D. The toy is behind the couch",B,B,Yes
deepseek,qwen2.5-1.5b-instruct,16,15,"Story: Ava hides a ring in a bag. Later someone moves the ring to a drawer while Ava is outside.
Question: Where does Ava think the ring is?
A. Drawer
B. Shelf
C. Table
D. Bag",D,A,No
deepseek,qwen2.5-1.5b-instruct,16,16,"Story: Daniel studies very hard for a test and believes he will do well.
Question: How does Daniel most likely feel before taking the test?
A. Angry
B. Bored
C. Nervous but hopeful
D. Confused",C,C,Yes
deepseek,qwen2.5-1.5b-instruct,16,17,"Story: A child tells their friend the candy is in the kitchen even though it is actually in their pocket.
Question: What is the child trying to do?
A. Share the candy
B. Lose the candy
C. Clean the kitchen
D. Hide the candy",D,B,No
deepseek,qwen2.5-1.5b-instruct,16,18,"Story: Mia hides a toy in a drawer while Liam is watching. Later Liam leaves the room and Mia moves the toy to a box.
Question: Who knows the toy is in the box?
A. Liam only
B. Both Mia and Liam
C. Mia only
D. Neither",C,C,Yes
deepseek,qwen2.5-1.5b-instruct,16,19,"Story: Noah puts a coin in a jar. Emma watches. Noah leaves. Emma moves the coin to a drawer. Liam sees Emma move it.
Question: Where does Liam think Noah will look for the coin?
A. Drawer
B. Table
C. Shelf
D. Jar",D,A,No
deepseek,qwen2.5-1.5b-instruct,16,20,"Story: Ella believes her favorite mug is broken. Later she discovers it is actually fine.
Question: How will Ella most likely feel when she finds out?
A. Angry
B. Bored
C. Confused
D. Relieved",D,D,Yes
deepseek,qwen2.5-1.5b-instruct,17,1,"Story: Sam puts his watch in a drawer and leaves the room. While he is gone, Alex moves the watch to a box.
Question: Where will Sam look for the watch first?
A. Box
B. Table
C. Drawer
D. Shelf",C,C,Yes
deepseek,qwen2.5-1.5b-instruct,17,2,"Story: Nina thinks her cat ran away, but the cat is actually sleeping under the bed.
Question: How does Nina most likely feel before she checks under the bed?
A. Relieved
B. Proud
C. Excited
D. Worried",D,D,Yes
deepseek,qwen2.5-1.5b-instruct,17,3,"Story: Leo hides a coin in a cup. Emma is watching. Later Leo leaves the room and Emma moves the coin to a drawer.
Question: Who knows the coin was moved?
A. Leo only
B. Both Leo and Emma
C. Neither of them
D. Emma only",D,D,Yes
deepseek,qwen2.5-1.5b-instruct,17,4,"Story: You can see a dog behind a tree. Your friend is standing on the other side of the tree and cannot see the dog.
Question: What does your friend think is behind the tree?
A. A dog
B. A cat
C. A ball
D. Nothing",D,A,No
deepseek,qwen2.5-1.5b-instruct,17,5,"Story: Olivia hides a cookie in a jar. Jack watches. Olivia leaves the room. Jack moves the cookie to a cupboard.
Question: Where is the cookie really?
A. Jar
B. Table
C. Plate
D. Cupboard",D,D,Yes
deepseek,qwen2.5-1.5b-instruct,17,6,"Story: A child hides a toy in a drawer. Another child asks where it is. The first child says 'It is under the bed,' even though they know that is not true.
Question: Why did the child say this?
A. Because they forgot
B. Because they believe it is under the bed
C. To confuse the other child
D. Because they dislike toys",C,C,Yes
deepseek,qwen2.5-1.5b-instruct,17,7,"Story: Mark puts his keys in his backpack. Later someone moves the keys to a desk while Mark is outside.
Question: Where will Mark look for the keys first?
A. Desk
B. Pocket
C. Drawer
D. Backpack",D,B,No
deepseek,qwen2.5-1.5b-instruct,17,8,"Story: Sara thinks her lost phone is gone forever. Then she finds it in her jacket pocket.
Question: How will Sara most likely feel when she finds it?
A. Angry
B. Confused
C. Relieved
D. Bored",C,C,Yes
deepseek,qwen2.5-1.5b-instruct,17,9,"Story: Tom places a book in a cabinet while Maya watches. Later Tom leaves the room and Maya moves the book to a drawer.
Question: Does Tom know the book was moved?
A. Yes
B. No",B,B,Yes
deepseek,qwen2.5-1.5b-instruct,17,10,"Story: Anna hides a ball in a basket. Ben watches. Anna leaves the room. Ben moves the ball to a box. Clara sees Ben move it.
Question: Where does Clara think Anna will look for the ball?
A. Box
B. Table
C. Basket
D. Shelf",C,C,Yes
deepseek,qwen2.5-1.5b-instruct,17,11,"Story: Liam moves his friend's chair slightly before they sit down as a joke.
Question: What was Liam's likely intention?
A. To help his friend
B. To clean the room
C. To move furniture permanently
D. To make his friend laugh",D,D,Yes
deepseek,qwen2.5-1.5b-instruct,17,12,"Story: Emma puts a pen in a drawer and then goes outside to talk on the phone. While she is gone, Noah moves the pen to a box.
Question: Where will Emma look for the pen first?
A. Box
B. Table
C. Drawer
D. Bag",C,C,Yes
deepseek,qwen2.5-1.5b-instruct,17,13,"Story: Jake thinks his friend ignored his message, but actually the friend never received it.
Question: How might Jake feel?
A. Happy
B. Relaxed
C. Hurt
D. Proud",C,C,Yes
deepseek,qwen2.5-1.5b-instruct,17,14,"Story: A toy is behind a couch. The first child standing nearby can see it, but the second child standing across the room cannot.
Question: What does the second child believe?
A. The toy is visible
B. The toy is missing
C. The toy is broken
D. The toy is behind the couch",B,B,Yes
deepseek,qwen2.5-1.5b-instruct,17,15,"Story: Ava hides a ring in a bag. Later someone moves the ring to a drawer while Ava is outside.
Question: Where does Ava think the ring is?
A. Drawer
B. Shelf
C. Table
D. Bag",D,A,No
deepseek,qwen2.5-1.5b-instruct,17,16,"Story: Daniel studies very hard for a test and believes he will do well.
Question: How does Daniel most likely feel before taking the test?
A. Angry
B. Bored
C. Nervous but hopeful
D. Confused",C,C,Yes
deepseek,qwen2.5-1.5b-instruct,17,17,"Story: A child tells their friend the candy is in the kitchen even though it is actually in their pocket.
Question: What is the child trying to do?
A. Share the candy
B. Lose the candy
C. Clean the kitchen
D. Hide the candy",D,B,No
deepseek,qwen2.5-1.5b-instruct,17,18,"Story: Mia hides a toy in a drawer while Liam is watching. Later Liam leaves the room and Mia moves the toy to a box.
Question: Who knows the toy is in the box?
A. Liam only
B. Both Mia and Liam
C. Mia only
D. Neither",C,C,Yes
deepseek,qwen2.5-1.5b-instruct,17,19,"Story: Noah puts a coin in a jar. Emma watches. Noah leaves. Emma moves the coin to a drawer. Liam sees Emma move it.
Question: Where does Liam think Noah will look for the coin?
A. Drawer
B. Table
C. Shelf
D. Jar",D,A,No
deepseek,qwen2.5-1.5b-instruct,17,20,"Story: Ella believes her favorite mug is broken. Later she discovers it is actually fine.
Question: How will Ella most likely feel when she finds out?
A. Angry
B. Bored
C. Confused
D. Relieved",D,D,Yes
deepseek,qwen2.5-1.5b-instruct,18,1,"Story: Sam puts his watch in a drawer and leaves the room. While he is gone, Alex moves the watch to a box.
Question: Where will Sam look for the watch first?
A. Box
B. Table
C. Drawer
D. Shelf",C,C,Yes
deepseek,qwen2.5-1.5b-instruct,18,2,"Story: Nina thinks her cat ran away, but the cat is actually sleeping under the bed.
Question: How does Nina most likely feel before she checks under the bed?
A. Relieved
B. Proud
C. Excited
D. Worried",D,D,Yes
deepseek,qwen2.5-1.5b-instruct,18,3,"Story: Leo hides a coin in a cup. Emma is watching. Later Leo leaves the room and Emma moves the coin to a drawer.
Question: Who knows the coin was moved?
A. Leo only
B. Both Leo and Emma
C. Neither of them
D. Emma only",D,D,Yes
deepseek,qwen2.5-1.5b-instruct,18,4,"Story: You can see a dog behind a tree. Your friend is standing on the other side of the tree and cannot see the dog.
Question: What does your friend think is behind the tree?
A. A dog
B. A cat
C. A ball
D. Nothing",D,A,No
deepseek,qwen2.5-1.5b-instruct,18,5,"Story: Olivia hides a cookie in a jar. Jack watches. Olivia leaves the room. Jack moves the cookie to a cupboard.
Question: Where is the cookie really?
A. Jar
B. Table
C. Plate
D. Cupboard",D,D,Yes
deepseek,qwen2.5-1.5b-instruct,18,6,"Story: A child hides a toy in a drawer. Another child asks where it is. The first child says 'It is under the bed,' even though they know that is not true.
Question: Why did the child say this?
A. Because they forgot
B. Because they believe it is under the bed
C. To confuse the other child
D. Because they dislike toys",C,B,No
deepseek,qwen2.5-1.5b-instruct,18,7,"Story: Mark puts his keys in his backpack. Later someone moves the keys to a desk while Mark is outside.
Question: Where will Mark look for the keys first?
A. Desk
B. Pocket
C. Drawer
D. Backpack",D,A,No
deepseek,qwen2.5-1.5b-instruct,18,8,"Story: Sara thinks her lost phone is gone forever. Then she finds it in her jacket pocket.
Question: How will Sara most likely feel when she finds it?
A. Angry
B. Confused
C. Relieved
D. Bored",C,C,Yes
deepseek,qwen2.5-1.5b-instruct,18,9,"Story: Tom places a book in a cabinet while Maya watches. Later Tom leaves the room and Maya moves the book to a drawer.
Question: Does Tom know the book was moved?
A. Yes
B. No",B,B,Yes
deepseek,qwen2.5-1.5b-instruct,18,10,"Story: Anna hides a ball in a basket. Ben watches. Anna leaves the room. Ben moves the ball to a box. Clara sees Ben move it.
Question: Where does Clara think Anna will look for the ball?
A. Box
B. Table
C. Basket
D. Shelf",C,A,No
deepseek,qwen2.5-1.5b-instruct,18,11,"Story: Liam moves his friend's chair slightly before they sit down as a joke.
Question: What was Liam's likely intention?
A. To help his friend
B. To clean the room
C. To move furniture permanently
D. To make his friend laugh",D,D,Yes
deepseek,qwen2.5-1.5b-instruct,18,12,"Story: Emma puts a pen in a drawer and then goes outside to talk on the phone. While she is gone, Noah moves the pen to a box.
Question: Where will Emma look for the pen first?
A. Box
B. Table
C. Drawer
D. Bag",C,C,Yes
deepseek,qwen2.5-1.5b-instruct,18,13,"Story: Jake thinks his friend ignored his message, but actually the friend never received it.
Question: How might Jake feel?
A. Happy
B. Relaxed
C. Hurt
D. Proud",C,C,Yes
deepseek,qwen2.5-1.5b-instruct,18,14,"Story: A toy is behind a couch. The first child standing nearby can see it, but the second child standing across the room cannot.
Question: What does the second child believe?
A. The toy is visible
B. The toy is missing
C. The toy is broken
D. The toy is behind the couch",B,B,Yes
deepseek,qwen2.5-1.5b-instruct,18,15,"Story: Ava hides a ring in a bag. Later someone moves the ring to a drawer while Ava is outside.
Question: Where does Ava think the ring is?
A. Drawer
B. Shelf
C. Table
D. Bag",D,A,No
deepseek,qwen2.5-1.5b-instruct,18,16,"Story: Daniel studies very hard for a test and believes he will do well.
Question: How does Daniel most likely feel before taking the test?
A. Angry
B. Bored
C. Nervous but hopeful
D. Confused",C,C,Yes
deepseek,qwen2.5-1.5b-instruct,18,17,"Story: A child tells their friend the candy is in the kitchen even though it is actually in their pocket.
Question: What is the child trying to do?
A. Share the candy
B. Lose the candy
C. Clean the kitchen
D. Hide the candy",D,B,No
deepseek,qwen2.5-1.5b-instruct,18,18,"Story: Mia hides a toy in a drawer while Liam is watching. Later Liam leaves the room and Mia moves the toy to a box.
Question: Who knows the toy is in the box?
A. Liam only
B. Both Mia and Liam
C. Mia only
D. Neither",C,C,Yes
deepseek,qwen2.5-1.5b-instruct,18,19,"Story: Noah puts a coin in a jar. Emma watches. Noah leaves. Emma moves the coin to a drawer. Liam sees Emma move it.
Question: Where does Liam think Noah will look for the coin?
A. Drawer
B. Table
C. Shelf
D. Jar",D,A,No
deepseek,qwen2.5-1.5b-instruct,18,20,"Story: Ella believes her favorite mug is broken. Later she discovers it is actually fine.
Question: How will Ella most likely feel when she finds out?
A. Angry
B. Bored
C. Confused
D. Relieved",D,D,Yes
deepseek,qwen2.5-1.5b-instruct,19,1,"Story: Sam puts his watch in a drawer and leaves the room. While he is gone, Alex moves the watch to a box.
Question: Where will Sam look for the watch first?
A. Box
B. Table
C. Drawer
D. Shelf",C,C,Yes
deepseek,qwen2.5-1.5b-instruct,19,2,"Story: Nina thinks her cat ran away, but the cat is actually sleeping under the bed.
Question: How does Nina most likely feel before she checks under the bed?
A. Relieved
B. Proud
C. Excited
D. Worried",D,D,Yes
deepseek,qwen2.5-1.5b-instruct,19,3,"Story: Leo hides a coin in a cup. Emma is watching. Later Leo leaves the room and Emma moves the coin to a drawer.
Question: Who knows the coin was moved?
A. Leo only
B. Both Leo and Emma
C. Neither of them
D. Emma only",D,D,Yes
deepseek,qwen2.5-1.5b-instruct,19,4,"Story: You can see a dog behind a tree. Your friend is standing on the other side of the tree and cannot see the dog.
Question: What does your friend think is behind the tree?
A. A dog
B. A cat
C. A ball
D. Nothing",D,A,No
deepseek,qwen2.5-1.5b-instruct,19,5,"Story: Olivia hides a cookie in a jar. Jack watches. Olivia leaves the room. Jack moves the cookie to a cupboard.
Question: Where is the cookie really?
A. Jar
B. Table
C. Plate
D. Cupboard",D,D,Yes
deepseek,qwen2.5-1.5b-instruct,19,6,"Story: A child hides a toy in a drawer. Another child asks where it is. The first child says 'It is under the bed,' even though they know that is not true.
Question: Why did the child say this?
A. Because they forgot
B. Because they believe it is under the bed
C. To confuse the other child
D. Because they dislike toys",C,C,Yes
deepseek,qwen2.5-1.5b-instruct,19,7,"Story: Mark puts his keys in his backpack. Later someone moves the keys to a desk while Mark is outside.
Question: Where will Mark look for the keys first?
A. Desk
B. Pocket
C. Drawer
D. Backpack",D,D,Yes
deepseek,qwen2.5-1.5b-instruct,19,8,"Story: Sara thinks her lost phone is gone forever. Then she finds it in her jacket pocket.
Question: How will Sara most likely feel when she finds it?
A. Angry
B. Confused
C. Relieved
D. Bored",C,C,Yes
deepseek,qwen2.5-1.5b-instruct,19,9,"Story: Tom places a book in a cabinet while Maya watches. Later Tom leaves the room and Maya moves the book to a drawer.
Question: Does Tom know the book was moved?
A. Yes
B. No",B,B,Yes
deepseek,qwen2.5-1.5b-instruct,19,10,"Story: Anna hides a ball in a basket. Ben watches. Anna leaves the room. Ben moves the ball to a box. Clara sees Ben move it.
Question: Where does Clara think Anna will look for the ball?
A. Box
B. Table
C. Basket
D. Shelf",C,A,No
deepseek,qwen2.5-1.5b-instruct,19,11,"Story: Liam moves his friend's chair slightly before they sit down as a joke.
Question: What was Liam's likely intention?
A. To help his friend
B. To clean the room
C. To move furniture permanently
D. To make his friend laugh",D,D,Yes
deepseek,qwen2.5-1.5b-instruct,19,12,"Story: Emma puts a pen in a drawer and then goes outside to talk on the phone. While she is gone, Noah moves the pen to a box.
Question: Where will Emma look for the pen first?
A. Box
B. Table
C. Drawer
D. Bag",C,C,Yes
deepseek,qwen2.5-1.5b-instruct,19,13,"Story: Jake thinks his friend ignored his message, but actually the friend never received it.
Question: How might Jake feel?
A. Happy
B. Relaxed
C. Hurt
D. Proud",C,C,Yes
deepseek,qwen2.5-1.5b-instruct,19,14,"Story: A toy is behind a couch. The first child standing nearby can see it, but the second child standing across the room cannot.
Question: What does the second child believe?
A. The toy is visible
B. The toy is missing
C. The toy is broken
D. The toy is behind the couch",B,B,Yes
deepseek,qwen2.5-1.5b-instruct,19,15,"Story: Ava hides a ring in a bag. Later someone moves the ring to a drawer while Ava is outside.
Question: Where does Ava think the ring is?
A. Drawer
B. Shelf
C. Table
D. Bag",D,A,No
deepseek,qwen2.5-1.5b-instruct,19,16,"Story: Daniel studies very hard for a test and believes he will do well.
Question: How does Daniel most likely feel before taking the test?
A. Angry
B. Bored
C. Nervous but hopeful
D. Confused",C,C,Yes
deepseek,qwen2.5-1.5b-instruct,19,17,"Story: A child tells their friend the candy is in the kitchen even though it is actually in their pocket.
Question: What is the child trying to do?
A. Share the candy
B. Lose the candy
C. Clean the kitchen
D. Hide the candy",D,B,No
deepseek,qwen2.5-1.5b-instruct,19,18,"Story: Mia hides a toy in a drawer while Liam is watching. Later Liam leaves the room and Mia moves the toy to a box.
Question: Who knows the toy is in the box?
A. Liam only
B. Both Mia and Liam
C. Mia only
D. Neither",C,C,Yes
deepseek,qwen2.5-1.5b-instruct,19,19,"Story: Noah puts a coin in a jar. Emma watches. Noah leaves. Emma moves the coin to a drawer. Liam sees Emma move it.
Question: Where does Liam think Noah will look for the coin?
A. Drawer
B. Table
C. Shelf
D. Jar",D,A,No
deepseek,qwen2.5-1.5b-instruct,19,20,"Story: Ella believes her favorite mug is broken. Later she discovers it is actually fine.
Question: How will Ella most likely feel when she finds out?
A. Angry
B. Bored
C. Confused
D. Relieved",D,D,Yes
deepseek,qwen2.5-1.5b-instruct,20,1,"Story: Sam puts his watch in a drawer and leaves the room. While he is gone, Alex moves the watch to a box.
Question: Where will Sam look for the watch first?
A. Box
B. Table
C. Drawer
D. Shelf",C,C,Yes
deepseek,qwen2.5-1.5b-instruct,20,2,"Story: Nina thinks her cat ran away, but the cat is actually sleeping under the bed.
Question: How does Nina most likely feel before she checks under the bed?
A. Relieved
B. Proud
C. Excited
D. Worried",D,D,Yes
deepseek,qwen2.5-1.5b-instruct,20,3,"Story: Leo hides a coin in a cup. Emma is watching. Later Leo leaves the room and Emma moves the coin to a drawer.
Question: Who knows the coin was moved?
A. Leo only
B. Both Leo and Emma
C. Neither of them
D. Emma only",D,B,No
deepseek,qwen2.5-1.5b-instruct,20,4,"Story: You can see a dog behind a tree. Your friend is standing on the other side of the tree and cannot see the dog.
Question: What does your friend think is behind the tree?
A. A dog
B. A cat
C. A ball
D. Nothing",D,A,No
deepseek,qwen2.5-1.5b-instruct,20,5,"Story: Olivia hides a cookie in a jar. Jack watches. Olivia leaves the room. Jack moves the cookie to a cupboard.
Question: Where is the cookie really?
A. Jar
B. Table
C. Plate
D. Cupboard",D,D,Yes
deepseek,qwen2.5-1.5b-instruct,20,6,"Story: A child hides a toy in a drawer. Another child asks where it is. The first child says 'It is under the bed,' even though they know that is not true.
Question: Why did the child say this?
A. Because they forgot
B. Because they believe it is under the bed
C. To confuse the other child
D. Because they dislike toys",C,C,Yes
deepseek,qwen2.5-1.5b-instruct,20,7,"Story: Mark puts his keys in his backpack. Later someone moves the keys to a desk while Mark is outside.
Question: Where will Mark look for the keys first?
A. Desk
B. Pocket
C. Drawer
D. Backpack",D,D,Yes
deepseek,qwen2.5-1.5b-instruct,20,8,"Story: Sara thinks her lost phone is gone forever. Then she finds it in her jacket pocket.
Question: How will Sara most likely feel when she finds it?
A. Angry
B. Confused
C. Relieved
D. Bored",C,C,Yes
deepseek,qwen2.5-1.5b-instruct,20,9,"Story: Tom places a book in a cabinet while Maya watches. Later Tom leaves the room and Maya moves the book to a drawer.
Question: Does Tom know the book was moved?
A. Yes
B. No",B,B,Yes
deepseek,qwen2.5-1.5b-instruct,20,10,"Story: Anna hides a ball in a basket. Ben watches. Anna leaves the room. Ben moves the ball to a box. Clara sees Ben move it.
Question: Where does Clara think Anna will look for the ball?
A. Box
B. Table
C. Basket
D. Shelf",C,A,No
deepseek,qwen2.5-1.5b-instruct,20,11,"Story: Liam moves his friend's chair slightly before they sit down as a joke.
Question: What was Liam's likely intention?
A. To help his friend
B. To clean the room
C. To move furniture permanently
D. To make his friend laugh",D,D,Yes
deepseek,qwen2.5-1.5b-instruct,20,12,"Story: Emma puts a pen in a drawer and then goes outside to talk on the phone. While she is gone, Noah moves the pen to a box.
Question: Where will Emma look for the pen first?
A. Box
B. Table
C. Drawer
D. Bag",C,C,Yes
deepseek,qwen2.5-1.5b-instruct,20,13,"Story: Jake thinks his friend ignored his message, but actually the friend never received it.
Question: How might Jake feel?
A. Happy
B. Relaxed
C. Hurt
D. Proud",C,C,Yes
deepseek,qwen2.5-1.5b-instruct,20,14,"Story: A toy is behind a couch. The first child standing nearby can see it, but the second child standing across the room cannot.
Question: What does the second child believe?
A. The toy is visible
B. The toy is missing
C. The toy is broken
D. The toy is behind the couch",B,B,Yes
deepseek,qwen2.5-1.5b-instruct,20,15,"Story: Ava hides a ring in a bag. Later someone moves the ring to a drawer while Ava is outside.
Question: Where does Ava think the ring is?
A. Drawer
B. Shelf
C. Table
D. Bag",D,A,No
deepseek,qwen2.5-1.5b-instruct,20,16,"Story: Daniel studies very hard for a test and believes he will do well.
Question: How does Daniel most likely feel before taking the test?
A. Angry
B. Bored
C. Nervous but hopeful
D. Confused",C,C,Yes
deepseek,qwen2.5-1.5b-instruct,20,17,"Story: A child tells their friend the candy is in the kitchen even though it is actually in their pocket.
Question: What is the child trying to do?
A. Share the candy
B. Lose the candy
C. Clean the kitchen
D. Hide the candy",D,B,No
deepseek,qwen2.5-1.5b-instruct,20,18,"Story: Mia hides a toy in a drawer while Liam is watching. Later Liam leaves the room and Mia moves the toy to a box.
Question: Who knows the toy is in the box?
A. Liam only
B. Both Mia and Liam
C. Mia only
D. Neither",C,C,Yes
deepseek,qwen2.5-1.5b-instruct,20,19,"Story: Noah puts a coin in a jar. Emma watches. Noah leaves. Emma moves the coin to a drawer. Liam sees Emma move it.
Question: Where does Liam think Noah will look for the coin?
A. Drawer
B. Table
C. Shelf
D. Jar",D,A,No
deepseek,qwen2.5-1.5b-instruct,20,20,"Story: Ella believes her favorite mug is broken. Later she discovers it is actually fine.
Question: How will Ella most likely feel when she finds out?
A. Angry
B. Bored
C. Confused
D. Relieved",D,D,Yes
deepseek,deepseek-r1-distill-llama-8b,1,1,"Story: Sam puts his watch in a drawer and leaves the room. While he is gone, Alex moves the watch to a box.
Question: Where will Sam look for the watch first?
A. Box
B. Table
C. Drawer
D. Shelf",C,C,Yes
deepseek,deepseek-r1-distill-llama-8b,1,2,"Story: Nina thinks her cat ran away, but the cat is actually sleeping under the bed.
Question: How does Nina most likely feel before she checks under the bed?
A. Relieved
B. Proud
C. Excited
D. Worried",D,D,Yes
deepseek,deepseek-r1-distill-llama-8b,1,3,"Story: Leo hides a coin in a cup. Emma is watching. Later Leo leaves the room and Emma moves the coin to a drawer.
Question: Who knows the coin was moved?
A. Leo only
B. Both Leo and Emma
C. Neither of them
D. Emma only",D,D,Yes
deepseek,deepseek-r1-distill-llama-8b,1,4,"Story: You can see a dog behind a tree. Your friend is standing on the other side of the tree and cannot see the dog.
Question: What does your friend think is behind the tree?
A. A dog
B. A cat
C. A ball
D. Nothing",D,D,Yes
deepseek,deepseek-r1-distill-llama-8b,1,5,"Story: Olivia hides a cookie in a jar. Jack watches. Olivia leaves the room. Jack moves the cookie to a cupboard.
Question: Where is the cookie really?
A. Jar
B. Table
C. Plate
D. Cupboard",D,D,Yes
deepseek,deepseek-r1-distill-llama-8b,1,6,"Story: A child hides a toy in a drawer. Another child asks where it is. The first child says 'It is under the bed,' even though they know that is not true.
Question: Why did the child say this?
A. Because they forgot
B. Because they believe it is under the bed
C. To confuse the other child
D. Because they dislike toys",C,C,Yes
deepseek,deepseek-r1-distill-llama-8b,1,7,"Story: Mark puts his keys in his backpack. Later someone moves the keys to a desk while Mark is outside.
Question: Where will Mark look for the keys first?
A. Desk
B. Pocket
C. Drawer
D. Backpack",D,A,No
deepseek,deepseek-r1-distill-llama-8b,1,8,"Story: Sara thinks her lost phone is gone forever. Then she finds it in her jacket pocket.
Question: How will Sara most likely feel when she finds it?
A. Angry
B. Confused
C. Relieved
D. Bored",C,C,Yes
deepseek,deepseek-r1-distill-llama-8b,1,9,"Story: Tom places a book in a cabinet while Maya watches. Later Tom leaves the room and Maya moves the book to a drawer.
Question: Does Tom know the book was moved?
A. Yes
B. No",B,B,Yes
deepseek,deepseek-r1-distill-llama-8b,1,10,"Story: Anna hides a ball in a basket. Ben watches. Anna leaves the room. Ben moves the ball to a box. Clara sees Ben move it.
Question: Where does Clara think Anna will look for the ball?
A. Box
B. Table
C. Basket
D. Shelf",C,C,Yes
deepseek,deepseek-r1-distill-llama-8b,1,11,"Story: Liam moves his friend's chair slightly before they sit down as a joke.
Question: What was Liam's likely intention?
A. To help his friend
B. To clean the room
C. To move furniture permanently
D. To make his friend laugh",D,D,Yes
deepseek,deepseek-r1-distill-llama-8b,1,12,"Story: Emma puts a pen in a drawer and then goes outside to talk on the phone. While she is gone, Noah moves the pen to a box.
Question: Where will Emma look for the pen first?
A. Box
B. Table
C. Drawer
D. Bag",C,C,Yes
deepseek,deepseek-r1-distill-llama-8b,1,13,"Story: Jake thinks his friend ignored his message, but actually the friend never received it.
Question: How might Jake feel?
A. Happy
B. Relaxed
C. Hurt
D. Proud",C,C,Yes
deepseek,deepseek-r1-distill-llama-8b,1,14,"Story: A toy is behind a couch. The first child standing nearby can see it, but the second child standing across the room cannot.
Question: What does the second child believe?
A. The toy is visible
B. The toy is missing
C. The toy is broken
D. The toy is behind the couch",B,D,No
deepseek,deepseek-r1-distill-llama-8b,1,15,"Story: Ava hides a ring in a bag. Later someone moves the ring to a drawer while Ava is outside.
Question: Where does Ava think the ring is?
A. Drawer
B. Shelf
C. Table
D. Bag",D,D,Yes
deepseek,deepseek-r1-distill-llama-8b,1,16,"Story: Daniel studies very hard for a test and believes he will do well.
Question: How does Daniel most likely feel before taking the test?
A. Angry
B. Bored
C. Nervous but hopeful
D. Confused",C,C,Yes
deepseek,deepseek-r1-distill-llama-8b,1,17,"Story: A child tells their friend the candy is in the kitchen even though it is actually in their pocket.
Question: What is the child trying to do?
A. Share the candy
B. Lose the candy
C. Clean the kitchen
D. Hide the candy",D,D,Yes
deepseek,deepseek-r1-distill-llama-8b,1,18,"Story: Mia hides a toy in a drawer while Liam is watching. Later Liam leaves the room and Mia moves the toy to a box.
Question: Who knows the toy is in the box?
A. Liam only
B. Both Mia and Liam
C. Mia only
D. Neither",C,C,Yes
deepseek,deepseek-r1-distill-llama-8b,1,19,"Story: Noah puts a coin in a jar. Emma watches. Noah leaves. Emma moves the coin to a drawer. Liam sees Emma move it.
Question: Where does Liam think Noah will look for the coin?
A. Drawer
B. Table
C. Shelf
D. Jar",D,A,No
deepseek,deepseek-r1-distill-llama-8b,1,20,"Story: Ella believes her favorite mug is broken. Later she discovers it is actually fine.
Question: How will Ella most likely feel when she finds out?
A. Angry
B. Bored
C. Confused
D. Relieved",D,D,Yes
deepseek,deepseek-r1-distill-llama-8b,2,1,"Story: Sam puts his watch in a drawer and leaves the room. While he is gone, Alex moves the watch to a box.
Question: Where will Sam look for the watch first?
A. Box
B. Table
C. Drawer
D. Shelf",C,C,Yes
deepseek,deepseek-r1-distill-llama-8b,2,2,"Story: Nina thinks her cat ran away, but the cat is actually sleeping under the bed.
Question: How does Nina most likely feel before she checks under the bed?
A. Relieved
B. Proud
C. Excited
D. Worried",D,D,Yes
deepseek,deepseek-r1-distill-llama-8b,2,3,"Story: Leo hides a coin in a cup. Emma is watching. Later Leo leaves the room and Emma moves the coin to a drawer.
Question: Who knows the coin was moved?
A. Leo only
B. Both Leo and Emma
C. Neither of them
D. Emma only",D,D,Yes
deepseek,deepseek-r1-distill-llama-8b,2,4,"Story: You can see a dog behind a tree. Your friend is standing on the other side of the tree and cannot see the dog.
Question: What does your friend think is behind the tree?
A. A dog
B. A cat
C. A ball
D. Nothing",D,D,Yes
deepseek,deepseek-r1-distill-llama-8b,2,5,"Story: Olivia hides a cookie in a jar. Jack watches. Olivia leaves the room. Jack moves the cookie to a cupboard.
Question: Where is the cookie really?
A. Jar
B. Table
C. Plate
D. Cupboard",D,D,Yes
deepseek,deepseek-r1-distill-llama-8b,2,6,"Story: A child hides a toy in a drawer. Another child asks where it is. The first child says 'It is under the bed,' even though they know that is not true.
Question: Why did the child say this?
A. Because they forgot
B. Because they believe it is under the bed
C. To confuse the other child
D. Because they dislike toys",C,C,Yes
deepseek,deepseek-r1-distill-llama-8b,2,7,"Story: Mark puts his keys in his backpack. Later someone moves the keys to a desk while Mark is outside.
Question: Where will Mark look for the keys first?
A. Desk
B. Pocket
C. Drawer
D. Backpack",D,A,No
deepseek,deepseek-r1-distill-llama-8b,2,8,"Story: Sara thinks her lost phone is gone forever. Then she finds it in her jacket pocket.
Question: How will Sara most likely feel when she finds it?
A. Angry
B. Confused
C. Relieved
D. Bored",C,C,Yes
deepseek,deepseek-r1-distill-llama-8b,2,9,"Story: Tom places a book in a cabinet while Maya watches. Later Tom leaves the room and Maya moves the book to a drawer.
Question: Does Tom know the book was moved?
A. Yes
B. No",B,B,Yes
deepseek,deepseek-r1-distill-llama-8b,2,10,"Story: Anna hides a ball in a basket. Ben watches. Anna leaves the room. Ben moves the ball to a box. Clara sees Ben move it.
Question: Where does Clara think Anna will look for the ball?
A. Box
B. Table
C. Basket
D. Shelf",C,C,Yes
deepseek,deepseek-r1-distill-llama-8b,2,11,"Story: Liam moves his friend's chair slightly before they sit down as a joke.
Question: What was Liam's likely intention?
A. To help his friend
B. To clean the room
C. To move furniture permanently
D. To make his friend laugh",D,D,Yes
deepseek,deepseek-r1-distill-llama-8b,2,12,"Story: Emma puts a pen in a drawer and then goes outside to talk on the phone. While she is gone, Noah moves the pen to a box.
Question: Where will Emma look for the pen first?
A. Box
B. Table
C. Drawer
D. Bag",C,C,Yes
deepseek,deepseek-r1-distill-llama-8b,2,13,"Story: Jake thinks his friend ignored his message, but actually the friend never received it.
Question: How might Jake feel?
A. Happy
B. Relaxed
C. Hurt
D. Proud",C,C,Yes
deepseek,deepseek-r1-distill-llama-8b,2,14,"Story: A toy is behind a couch. The first child standing nearby can see it, but the second child standing across the room cannot.
Question: What does the second child believe?
A. The toy is visible
B. The toy is missing
C. The toy is broken
D. The toy is behind the couch",B,B,Yes
deepseek,deepseek-r1-distill-llama-8b,2,15,"Story: Ava hides a ring in a bag. Later someone moves the ring to a drawer while Ava is outside.
Question: Where does Ava think the ring is?
A. Drawer
B. Shelf
C. Table
D. Bag",D,D,Yes
deepseek,deepseek-r1-distill-llama-8b,2,16,"Story: Daniel studies very hard for a test and believes he will do well.
Question: How does Daniel most likely feel before taking the test?
A. Angry
B. Bored
C. Nervous but hopeful
D. Confused",C,C,Yes
deepseek,deepseek-r1-distill-llama-8b,2,17,"Story: A child tells their friend the candy is in the kitchen even though it is actually in their pocket.
Question: What is the child trying to do?
A. Share the candy
B. Lose the candy
C. Clean the kitchen
D. Hide the candy",D,D,Yes
deepseek,deepseek-r1-distill-llama-8b,2,18,"Story: Mia hides a toy in a drawer while Liam is watching. Later Liam leaves the room and Mia moves the toy to a box.
Question: Who knows the toy is in the box?
A. Liam only
B. Both Mia and Liam
C. Mia only
D. Neither",C,C,Yes
deepseek,deepseek-r1-distill-llama-8b,2,19,"Story: Noah puts a coin in a jar. Emma watches. Noah leaves. Emma moves the coin to a drawer. Liam sees Emma move it.
Question: Where does Liam think Noah will look for the coin?
A. Drawer
B. Table
C. Shelf
D. Jar",D,A,No
deepseek,deepseek-r1-distill-llama-8b,2,20,"Story: Ella believes her favorite mug is broken. Later she discovers it is actually fine.
Question: How will Ella most likely feel when she finds out?
A. Angry
B. Bored
C. Confused
D. Relieved",D,D,Yes
deepseek,deepseek-r1-distill-llama-8b,3,1,"Story: Sam puts his watch in a drawer and leaves the room. While he is gone, Alex moves the watch to a box.
Question: Where will Sam look for the watch first?
A. Box
B. Table
C. Drawer
D. Shelf",C,C,Yes
deepseek,deepseek-r1-distill-llama-8b,3,2,"Story: Nina thinks her cat ran away, but the cat is actually sleeping under the bed.
Question: How does Nina most likely feel before she checks under the bed?
A. Relieved
B. Proud
C. Excited
D. Worried",D,D,Yes
deepseek,deepseek-r1-distill-llama-8b,3,3,"Story: Leo hides a coin in a cup. Emma is watching. Later Leo leaves the room and Emma moves the coin to a drawer.
Question: Who knows the coin was moved?
A. Leo only
B. Both Leo and Emma
C. Neither of them
D. Emma only",D,D,Yes
deepseek,deepseek-r1-distill-llama-8b,3,4,"Story: You can see a dog behind a tree. Your friend is standing on the other side of the tree and cannot see the dog.
Question: What does your friend think is behind the tree?
A. A dog
B. A cat
C. A ball
D. Nothing",D,D,Yes
deepseek,deepseek-r1-distill-llama-8b,3,5,"Story: Olivia hides a cookie in a jar. Jack watches. Olivia leaves the room. Jack moves the cookie to a cupboard.
Question: Where is the cookie really?
A. Jar
B. Table
C. Plate
D. Cupboard",D,D,Yes
deepseek,deepseek-r1-distill-llama-8b,3,6,"Story: A child hides a toy in a drawer. Another child asks where it is. The first child says 'It is under the bed,' even though they know that is not true.
Question: Why did the child say this?
A. Because they forgot
B. Because they believe it is under the bed
C. To confuse the other child
D. Because they dislike toys",C,C,Yes
deepseek,deepseek-r1-distill-llama-8b,3,7,"Story: Mark puts his keys in his backpack. Later someone moves the keys to a desk while Mark is outside.
Question: Where will Mark look for the keys first?
A. Desk
B. Pocket
C. Drawer
D. Backpack",D,D,Yes
deepseek,deepseek-r1-distill-llama-8b,3,8,"Story: Sara thinks her lost phone is gone forever. Then she finds it in her jacket pocket.
Question: How will Sara most likely feel when she finds it?
A. Angry
B. Confused
C. Relieved
D. Bored",C,C,Yes
deepseek,deepseek-r1-distill-llama-8b,3,9,"Story: Tom places a book in a cabinet while Maya watches. Later Tom leaves the room and Maya moves the book to a drawer.
Question: Does Tom know the book was moved?
A. Yes
B. No",B,B,Yes
deepseek,deepseek-r1-distill-llama-8b,3,10,"Story: Anna hides a ball in a basket. Ben watches. Anna leaves the room. Ben moves the ball to a box. Clara sees Ben move it.
Question: Where does Clara think Anna will look for the ball?
A. Box
B. Table
C. Basket
D. Shelf",C,A,No
deepseek,deepseek-r1-distill-llama-8b,3,11,"Story: Liam moves his friend's chair slightly before they sit down as a joke.
Question: What was Liam's likely intention?
A. To help his friend
B. To clean the room
C. To move furniture permanently
D. To make his friend laugh",D,D,Yes
deepseek,deepseek-r1-distill-llama-8b,3,12,"Story: Emma puts a pen in a drawer and then goes outside to talk on the phone. While she is gone, Noah moves the pen to a box.
Question: Where will Emma look for the pen first?
A. Box
B. Table
C. Drawer
D. Bag",C,C,Yes
deepseek,deepseek-r1-distill-llama-8b,3,13,"Story: Jake thinks his friend ignored his message, but actually the friend never received it.
Question: How might Jake feel?
A. Happy
B. Relaxed
C. Hurt
D. Proud",C,C,Yes
deepseek,deepseek-r1-distill-llama-8b,3,14,"Story: A toy is behind a couch. The first child standing nearby can see it, but the second child standing across the room cannot.
Question: What does the second child believe?
A. The toy is visible
B. The toy is missing
C. The toy is broken
D. The toy is behind the couch",B,D,No
deepseek,deepseek-r1-distill-llama-8b,3,15,"Story: Ava hides a ring in a bag. Later someone moves the ring to a drawer while Ava is outside.
Question: Where does Ava think the ring is?
A. Drawer
B. Shelf
C. Table
D. Bag",D,D,Yes
deepseek,deepseek-r1-distill-llama-8b,3,16,"Story: Daniel studies very hard for a test and believes he will do well.
Question: How does Daniel most likely feel before taking the test?
A. Angry
B. Bored
C. Nervous but hopeful
D. Confused",C,C,Yes
deepseek,deepseek-r1-distill-llama-8b,3,17,"Story: A child tells their friend the candy is in the kitchen even though it is actually in their pocket.
Question: What is the child trying to do?
A. Share the candy
B. Lose the candy
C. Clean the kitchen
D. Hide the candy",D,D,Yes
deepseek,deepseek-r1-distill-llama-8b,3,18,"Story: Mia hides a toy in a drawer while Liam is watching. Later Liam leaves the room and Mia moves the toy to a box.
Question: Who knows the toy is in the box?
A. Liam only
B. Both Mia and Liam
C. Mia only
D. Neither",C,C,Yes
deepseek,deepseek-r1-distill-llama-8b,3,19,"Story: Noah puts a coin in a jar. Emma watches. Noah leaves. Emma moves the coin to a drawer. Liam sees Emma move it.
Question: Where does Liam think Noah will look for the coin?
A. Drawer
B. Table
C. Shelf
D. Jar",D,D,Yes
deepseek,deepseek-r1-distill-llama-8b,3,20,"Story: Ella believes her favorite mug is broken. Later she discovers it is actually fine.
Question: How will Ella most likely feel when she finds out?
A. Angry
B. Bored
C. Confused
D. Relieved",D,D,Yes
deepseek,deepseek-r1-distill-llama-8b,4,1,"Story: Sam puts his watch in a drawer and leaves the room. While he is gone, Alex moves the watch to a box.
Question: Where will Sam look for the watch first?
A. Box
B. Table
C. Drawer
D. Shelf",C,C,Yes
deepseek,deepseek-r1-distill-llama-8b,4,2,"Story: Nina thinks her cat ran away, but the cat is actually sleeping under the bed.
Question: How does Nina most likely feel before she checks under the bed?
A. Relieved
B. Proud
C. Excited
D. Worried",D,A,No
deepseek,deepseek-r1-distill-llama-8b,4,3,"Story: Leo hides a coin in a cup. Emma is watching. Later Leo leaves the room and Emma moves the coin to a drawer.
Question: Who knows the coin was moved?
A. Leo only
B. Both Leo and Emma
C. Neither of them
D. Emma only",D,D,Yes
deepseek,deepseek-r1-distill-llama-8b,4,4,"Story: You can see a dog behind a tree. Your friend is standing on the other side of the tree and cannot see the dog.
Question: What does your friend think is behind the tree?
A. A dog
B. A cat
C. A ball
D. Nothing",D,D,Yes
deepseek,deepseek-r1-distill-llama-8b,4,5,"Story: Olivia hides a cookie in a jar. Jack watches. Olivia leaves the room. Jack moves the cookie to a cupboard.
Question: Where is the cookie really?
A. Jar
B. Table
C. Plate
D. Cupboard",D,D,Yes
deepseek,deepseek-r1-distill-llama-8b,4,6,"Story: A child hides a toy in a drawer. Another child asks where it is. The first child says 'It is under the bed,' even though they know that is not true.
Question: Why did the child say this?
A. Because they forgot
B. Because they believe it is under the bed
C. To confuse the other child
D. Because they dislike toys",C,C,Yes
deepseek,deepseek-r1-distill-llama-8b,4,7,"Story: Mark puts his keys in his backpack. Later someone moves the keys to a desk while Mark is outside.
Question: Where will Mark look for the keys first?
A. Desk
B. Pocket
C. Drawer
D. Backpack",D,D,Yes
deepseek,deepseek-r1-distill-llama-8b,4,8,"Story: Sara thinks her lost phone is gone forever. Then she finds it in her jacket pocket.
Question: How will Sara most likely feel when she finds it?
A. Angry
B. Confused
C. Relieved
D. Bored",C,C,Yes
deepseek,deepseek-r1-distill-llama-8b,4,9,"Story: Tom places a book in a cabinet while Maya watches. Later Tom leaves the room and Maya moves the book to a drawer.
Question: Does Tom know the book was moved?
A. Yes
B. No",B,B,Yes
deepseek,deepseek-r1-distill-llama-8b,4,10,"Story: Anna hides a ball in a basket. Ben watches. Anna leaves the room. Ben moves the ball to a box. Clara sees Ben move it.
Question: Where does Clara think Anna will look for the ball?
A. Box
B. Table
C. Basket
D. Shelf",C,A,No
deepseek,deepseek-r1-distill-llama-8b,4,11,"Story: Liam moves his friend's chair slightly before they sit down as a joke.
Question: What was Liam's likely intention?
A. To help his friend
B. To clean the room
C. To move furniture permanently
D. To make his friend laugh",D,D,Yes
deepseek,deepseek-r1-distill-llama-8b,4,12,"Story: Emma puts a pen in a drawer and then goes outside to talk on the phone. While she is gone, Noah moves the pen to a box.
Question: Where will Emma look for the pen first?
A. Box
B. Table
C. Drawer
D. Bag",C,C,Yes
deepseek,deepseek-r1-distill-llama-8b,4,13,"Story: Jake thinks his friend ignored his message, but actually the friend never received it.
Question: How might Jake feel?
A. Happy
B. Relaxed
C. Hurt
D. Proud",C,C,Yes
deepseek,deepseek-r1-distill-llama-8b,4,14,"Story: A toy is behind a couch. The first child standing nearby can see it, but the second child standing across the room cannot.
Question: What does the second child believe?
A. The toy is visible
B. The toy is missing
C. The toy is broken
D. The toy is behind the couch",B,B,Yes
deepseek,deepseek-r1-distill-llama-8b,4,15,"Story: Ava hides a ring in a bag. Later someone moves the ring to a drawer while Ava is outside.
Question: Where does Ava think the ring is?
A. Drawer
B. Shelf
C. Table
D. Bag",D,A,No
deepseek,deepseek-r1-distill-llama-8b,4,16,"Story: Daniel studies very hard for a test and believes he will do well.
Question: How does Daniel most likely feel before taking the test?
A. Angry
B. Bored
C. Nervous but hopeful
D. Confused",C,C,Yes
deepseek,deepseek-r1-distill-llama-8b,4,17,"Story: A child tells their friend the candy is in the kitchen even though it is actually in their pocket.
Question: What is the child trying to do?
A. Share the candy
B. Lose the candy
C. Clean the kitchen
D. Hide the candy",D,D,Yes
deepseek,deepseek-r1-distill-llama-8b,4,18,"Story: Mia hides a toy in a drawer while Liam is watching. Later Liam leaves the room and Mia moves the toy to a box.
Question: Who knows the toy is in the box?
A. Liam only
B. Both Mia and Liam
C. Mia only
D. Neither",C,C,Yes
deepseek,deepseek-r1-distill-llama-8b,4,19,"Story: Noah puts a coin in a jar. Emma watches. Noah leaves. Emma moves the coin to a drawer. Liam sees Emma move it.
Question: Where does Liam think Noah will look for the coin?
A. Drawer
B. Table
C. Shelf
D. Jar",D,A,No
deepseek,deepseek-r1-distill-llama-8b,4,20,"Story: Ella believes her favorite mug is broken. Later she discovers it is actually fine.
Question: How will Ella most likely feel when she finds out?
A. Angry
B. Bored
C. Confused
D. Relieved",D,D,Yes
deepseek,deepseek-r1-distill-llama-8b,5,1,"Story: Sam puts his watch in a drawer and leaves the room. While he is gone, Alex moves the watch to a box.
Question: Where will Sam look for the watch first?
A. Box
B. Table
C. Drawer
D. Shelf",C,C,Yes
deepseek,deepseek-r1-distill-llama-8b,5,2,"Story: Nina thinks her cat ran away, but the cat is actually sleeping under the bed.
Question: How does Nina most likely feel before she checks under the bed?
A. Relieved
B. Proud
C. Excited
D. Worried",D,D,Yes
deepseek,deepseek-r1-distill-llama-8b,5,3,"Story: Leo hides a coin in a cup. Emma is watching. Later Leo leaves the room and Emma moves the coin to a drawer.
Question: Who knows the coin was moved?
A. Leo only
B. Both Leo and Emma
C. Neither of them
D. Emma only",D,B,No
deepseek,deepseek-r1-distill-llama-8b,5,4,"Story: You can see a dog behind a tree. Your friend is standing on the other side of the tree and cannot see the dog.
Question: What does your friend think is behind the tree?
A. A dog
B. A cat
C. A ball
D. Nothing",D,D,Yes
deepseek,deepseek-r1-distill-llama-8b,5,5,"Story: Olivia hides a cookie in a jar. Jack watches. Olivia leaves the room. Jack moves the cookie to a cupboard.
Question: Where is the cookie really?
A. Jar
B. Table
C. Plate
D. Cupboard",D,D,Yes
deepseek,deepseek-r1-distill-llama-8b,5,6,"Story: A child hides a toy in a drawer. Another child asks where it is. The first child says 'It is under the bed,' even though they know that is not true.
Question: Why did the child say this?
A. Because they forgot
B. Because they believe it is under the bed
C. To confuse the other child
D. Because they dislike toys",C,C,Yes
deepseek,deepseek-r1-distill-llama-8b,5,7,"Story: Mark puts his keys in his backpack. Later someone moves the keys to a desk while Mark is outside.
Question: Where will Mark look for the keys first?
A. Desk
B. Pocket
C. Drawer
D. Backpack",D,A,No
deepseek,deepseek-r1-distill-llama-8b,5,8,"Story: Sara thinks her lost phone is gone forever. Then she finds it in her jacket pocket.
Question: How will Sara most likely feel when she finds it?
A. Angry
B. Confused
C. Relieved
D. Bored",C,C,Yes
deepseek,deepseek-r1-distill-llama-8b,5,9,"Story: Tom places a book in a cabinet while Maya watches. Later Tom leaves the room and Maya moves the book to a drawer.
Question: Does Tom know the book was moved?
A. Yes
B. No",B,B,Yes
deepseek,deepseek-r1-distill-llama-8b,5,10,"Story: Anna hides a ball in a basket. Ben watches. Anna leaves the room. Ben moves the ball to a box. Clara sees Ben move it.
Question: Where does Clara think Anna will look for the ball?
A. Box
B. Table
C. Basket
D. Shelf",C,C,Yes
deepseek,deepseek-r1-distill-llama-8b,5,11,"Story: Liam moves his friend's chair slightly before they sit down as a joke.
Question: What was Liam's likely intention?
A. To help his friend
B. To clean the room
C. To move furniture permanently
D. To make his friend laugh",D,D,Yes
deepseek,deepseek-r1-distill-llama-8b,5,12,"Story: Emma puts a pen in a drawer and then goes outside to talk on the phone. While she is gone, Noah moves the pen to a box.
Question: Where will Emma look for the pen first?
A. Box
B. Table
C. Drawer
D. Bag",C,C,Yes
deepseek,deepseek-r1-distill-llama-8b,5,13,"Story: Jake thinks his friend ignored his message, but actually the friend never received it.
Question: How might Jake feel?
A. Happy
B. Relaxed
C. Hurt
D. Proud",C,C,Yes
deepseek,deepseek-r1-distill-llama-8b,5,14,"Story: A toy is behind a couch. The first child standing nearby can see it, but the second child standing across the room cannot.
Question: What does the second child believe?
A. The toy is visible
B. The toy is missing
C. The toy is broken
D. The toy is behind the couch",B,D,No
deepseek,deepseek-r1-distill-llama-8b,5,15,"Story: Ava hides a ring in a bag. Later someone moves the ring to a drawer while Ava is outside.
Question: Where does Ava think the ring is?
A. Drawer
B. Shelf
C. Table
D. Bag",D,B,No
deepseek,deepseek-r1-distill-llama-8b,5,16,"Story: Daniel studies very hard for a test and believes he will do well.
Question: How does Daniel most likely feel before taking the test?
A. Angry
B. Bored
C. Nervous but hopeful
D. Confused",C,C,Yes
deepseek,deepseek-r1-distill-llama-8b,5,17,"Story: A child tells their friend the candy is in the kitchen even though it is actually in their pocket.
Question: What is the child trying to do?
A. Share the candy
B. Lose the candy
C. Clean the kitchen
D. Hide the candy",D,D,Yes
deepseek,deepseek-r1-distill-llama-8b,5,18,"Story: Mia hides a toy in a drawer while Liam is watching. Later Liam leaves the room and Mia moves the toy to a box.
Question: Who knows the toy is in the box?
A. Liam only
B. Both Mia and Liam
C. Mia only
D. Neither",C,C,Yes
deepseek,deepseek-r1-distill-llama-8b,5,19,"Story: Noah puts a coin in a jar. Emma watches. Noah leaves. Emma moves the coin to a drawer. Liam sees Emma move it.
Question: Where does Liam think Noah will look for the coin?
A. Drawer
B. Table
C. Shelf
D. Jar",D,D,Yes
deepseek,deepseek-r1-distill-llama-8b,5,20,"Story: Ella believes her favorite mug is broken. Later she discovers it is actually fine.
Question: How will Ella most likely feel when she finds out?
A. Angry
B. Bored
C. Confused
D. Relieved",D,D,Yes
deepseek,deepseek-r1-distill-llama-8b,6,1,"Story: Sam puts his watch in a drawer and leaves the room. While he is gone, Alex moves the watch to a box.
Question: Where will Sam look for the watch first?
A. Box
B. Table
C. Drawer
D. Shelf",C,C,Yes
deepseek,deepseek-r1-distill-llama-8b,6,2,"Story: Nina thinks her cat ran away, but the cat is actually sleeping under the bed.
Question: How does Nina most likely feel before she checks under the bed?
A. Relieved
B. Proud
C. Excited
D. Worried",D,D,Yes
deepseek,deepseek-r1-distill-llama-8b,6,3,"Story: Leo hides a coin in a cup. Emma is watching. Later Leo leaves the room and Emma moves the coin to a drawer.
Question: Who knows the coin was moved?
A. Leo only
B. Both Leo and Emma
C. Neither of them
D. Emma only",D,D,Yes
deepseek,deepseek-r1-distill-llama-8b,6,4,"Story: You can see a dog behind a tree. Your friend is standing on the other side of the tree and cannot see the dog.
Question: What does your friend think is behind the tree?
A. A dog
B. A cat
C. A ball
D. Nothing",D,D,Yes
deepseek,deepseek-r1-distill-llama-8b,6,5,"Story: Olivia hides a cookie in a jar. Jack watches. Olivia leaves the room. Jack moves the cookie to a cupboard.
Question: Where is the cookie really?
A. Jar
B. Table
C. Plate
D. Cupboard",D,D,Yes
deepseek,deepseek-r1-distill-llama-8b,6,6,"Story: A child hides a toy in a drawer. Another child asks where it is. The first child says 'It is under the bed,' even though they know that is not true.
Question: Why did the child say this?
A. Because they forgot
B. Because they believe it is under the bed
C. To confuse the other child
D. Because they dislike toys",C,C,Yes
deepseek,deepseek-r1-distill-llama-8b,6,7,"Story: Mark puts his keys in his backpack. Later someone moves the keys to a desk while Mark is outside.
Question: Where will Mark look for the keys first?
A. Desk
B. Pocket
C. Drawer
D. Backpack",D,D,Yes
deepseek,deepseek-r1-distill-llama-8b,6,8,"Story: Sara thinks her lost phone is gone forever. Then she finds it in her jacket pocket.
Question: How will Sara most likely feel when she finds it?
A. Angry
B. Confused
C. Relieved
D. Bored",C,C,Yes
deepseek,deepseek-r1-distill-llama-8b,6,9,"Story: Tom places a book in a cabinet while Maya watches. Later Tom leaves the room and Maya moves the book to a drawer.
Question: Does Tom know the book was moved?
A. Yes
B. No",B,B,Yes
deepseek,deepseek-r1-distill-llama-8b,6,10,"Story: Anna hides a ball in a basket. Ben watches. Anna leaves the room. Ben moves the ball to a box. Clara sees Ben move it.
Question: Where does Clara think Anna will look for the ball?
A. Box
B. Table
C. Basket
D. Shelf",C,C,Yes
deepseek,deepseek-r1-distill-llama-8b,6,11,"Story: Liam moves his friend's chair slightly before they sit down as a joke.
Question: What was Liam's likely intention?
A. To help his friend
B. To clean the room
C. To move furniture permanently
D. To make his friend laugh",D,D,Yes
deepseek,deepseek-r1-distill-llama-8b,6,12,"Story: Emma puts a pen in a drawer and then goes outside to talk on the phone. While she is gone, Noah moves the pen to a box.
Question: Where will Emma look for the pen first?
A. Box
B. Table
C. Drawer
D. Bag",C,C,Yes
deepseek,deepseek-r1-distill-llama-8b,6,13,"Story: Jake thinks his friend ignored his message, but actually the friend never received it.
Question: How might Jake feel?
A. Happy
B. Relaxed
C. Hurt
D. Proud",C,C,Yes
deepseek,deepseek-r1-distill-llama-8b,6,14,"Story: A toy is behind a couch. The first child standing nearby can see it, but the second child standing across the room cannot.
Question: What does the second child believe?
A. The toy is visible
B. The toy is missing
C. The toy is broken
D. The toy is behind the couch",B,D,No
deepseek,deepseek-r1-distill-llama-8b,6,15,"Story: Ava hides a ring in a bag. Later someone moves the ring to a drawer while Ava is outside.
Question: Where does Ava think the ring is?
A. Drawer
B. Shelf
C. Table
D. Bag",D,D,Yes
deepseek,deepseek-r1-distill-llama-8b,6,16,"Story: Daniel studies very hard for a test and believes he will do well.
Question: How does Daniel most likely feel before taking the test?
A. Angry
B. Bored
C. Nervous but hopeful
D. Confused",C,C,Yes
deepseek,deepseek-r1-distill-llama-8b,6,17,"Story: A child tells their friend the candy is in the kitchen even though it is actually in their pocket.
Question: What is the child trying to do?
A. Share the candy
B. Lose the candy
C. Clean the kitchen
D. Hide the candy",D,D,Yes
deepseek,deepseek-r1-distill-llama-8b,6,18,"Story: Mia hides a toy in a drawer while Liam is watching. Later Liam leaves the room and Mia moves the toy to a box.
Question: Who knows the toy is in the box?
A. Liam only
B. Both Mia and Liam
C. Mia only
D. Neither",C,C,Yes
deepseek,deepseek-r1-distill-llama-8b,6,19,"Story: Noah puts a coin in a jar. Emma watches. Noah leaves. Emma moves the coin to a drawer. Liam sees Emma move it.
Question: Where does Liam think Noah will look for the coin?
A. Drawer
B. Table
C. Shelf
D. Jar",D,A,No
deepseek,deepseek-r1-distill-llama-8b,6,20,"Story: Ella believes her favorite mug is broken. Later she discovers it is actually fine.
Question: How will Ella most likely feel when she finds out?
A. Angry
B. Bored
C. Confused
D. Relieved",D,D,Yes
deepseek,deepseek-r1-distill-llama-8b,7,1,"Story: Sam puts his watch in a drawer and leaves the room. While he is gone, Alex moves the watch to a box.
Question: Where will Sam look for the watch first?
A. Box
B. Table
C. Drawer
D. Shelf",C,C,Yes
deepseek,deepseek-r1-distill-llama-8b,7,2,"Story: Nina thinks her cat ran away, but the cat is actually sleeping under the bed.
Question: How does Nina most likely feel before she checks under the bed?
A. Relieved
B. Proud
C. Excited
D. Worried",D,D,Yes
deepseek,deepseek-r1-distill-llama-8b,7,3,"Story: Leo hides a coin in a cup. Emma is watching. Later Leo leaves the room and Emma moves the coin to a drawer.
Question: Who knows the coin was moved?
A. Leo only
B. Both Leo and Emma
C. Neither of them
D. Emma only",D,B,No
deepseek,deepseek-r1-distill-llama-8b,7,4,"Story: You can see a dog behind a tree. Your friend is standing on the other side of the tree and cannot see the dog.
Question: What does your friend think is behind the tree?
A. A dog
B. A cat
C. A ball
D. Nothing",D,D,Yes
deepseek,deepseek-r1-distill-llama-8b,7,5,"Story: Olivia hides a cookie in a jar. Jack watches. Olivia leaves the room. Jack moves the cookie to a cupboard.
Question: Where is the cookie really?
A. Jar
B. Table
C. Plate
D. Cupboard",D,D,Yes
deepseek,deepseek-r1-distill-llama-8b,7,6,"Story: A child hides a toy in a drawer. Another child asks where it is. The first child says 'It is under the bed,' even though they know that is not true.
Question: Why did the child say this?
A. Because they forgot
B. Because they believe it is under the bed
C. To confuse the other child
D. Because they dislike toys",C,C,Yes
deepseek,deepseek-r1-distill-llama-8b,7,7,"Story: Mark puts his keys in his backpack. Later someone moves the keys to a desk while Mark is outside.
Question: Where will Mark look for the keys first?
A. Desk
B. Pocket
C. Drawer
D. Backpack",D,D,Yes
deepseek,deepseek-r1-distill-llama-8b,7,8,"Story: Sara thinks her lost phone is gone forever. Then she finds it in her jacket pocket.
Question: How will Sara most likely feel when she finds it?
A. Angry
B. Confused
C. Relieved
D. Bored",C,C,Yes
deepseek,deepseek-r1-distill-llama-8b,7,9,"Story: Tom places a book in a cabinet while Maya watches. Later Tom leaves the room and Maya moves the book to a drawer.
Question: Does Tom know the book was moved?
A. Yes
B. No",B,B,Yes
deepseek,deepseek-r1-distill-llama-8b,7,10,"Story: Anna hides a ball in a basket. Ben watches. Anna leaves the room. Ben moves the ball to a box. Clara sees Ben move it.
Question: Where does Clara think Anna will look for the ball?
A. Box
B. Table
C. Basket
D. Shelf",C,A,No
deepseek,deepseek-r1-distill-llama-8b,7,11,"Story: Liam moves his friend's chair slightly before they sit down as a joke.
Question: What was Liam's likely intention?
A. To help his friend
B. To clean the room
C. To move furniture permanently
D. To make his friend laugh",D,D,Yes
deepseek,deepseek-r1-distill-llama-8b,7,12,"Story: Emma puts a pen in a drawer and then goes outside to talk on the phone. While she is gone, Noah moves the pen to a box.
Question: Where will Emma look for the pen first?
A. Box
B. Table
C. Drawer
D. Bag",C,C,Yes
deepseek,deepseek-r1-distill-llama-8b,7,13,"Story: Jake thinks his friend ignored his message, but actually the friend never received it.
Question: How might Jake feel?
A. Happy
B. Relaxed
C. Hurt
D. Proud",C,C,Yes
deepseek,deepseek-r1-distill-llama-8b,7,14,"Story: A toy is behind a couch. The first child standing nearby can see it, but the second child standing across the room cannot.
Question: What does the second child believe?
A. The toy is visible
B. The toy is missing
C. The toy is broken
D. The toy is behind the couch",B,D,No
deepseek,deepseek-r1-distill-llama-8b,7,15,"Story: Ava hides a ring in a bag. Later someone moves the ring to a drawer while Ava is outside.
Question: Where does Ava think the ring is?
A. Drawer
B. Shelf
C. Table
D. Bag",D,D,Yes
deepseek,deepseek-r1-distill-llama-8b,7,16,"Story: Daniel studies very hard for a test and believes he will do well.
Question: How does Daniel most likely feel before taking the test?
A. Angry
B. Bored
C. Nervous but hopeful
D. Confused",C,C,Yes
deepseek,deepseek-r1-distill-llama-8b,7,17,"Story: A child tells their friend the candy is in the kitchen even though it is actually in their pocket.
Question: What is the child trying to do?
A. Share the candy
B. Lose the candy
C. Clean the kitchen
D. Hide the candy",D,D,Yes
deepseek,deepseek-r1-distill-llama-8b,7,18,"Story: Mia hides a toy in a drawer while Liam is watching. Later Liam leaves the room and Mia moves the toy to a box.
Question: Who knows the toy is in the box?
A. Liam only
B. Both Mia and Liam
C. Mia only
D. Neither",C,C,Yes
deepseek,deepseek-r1-distill-llama-8b,7,19,"Story: Noah puts a coin in a jar. Emma watches. Noah leaves. Emma moves the coin to a drawer. Liam sees Emma move it.
Question: Where does Liam think Noah will look for the coin?
A. Drawer
B. Table
C. Shelf
D. Jar",D,D,Yes
deepseek,deepseek-r1-distill-llama-8b,7,20,"Story: Ella believes her favorite mug is broken. Later she discovers it is actually fine.
Question: How will Ella most likely feel when she finds out?
A. Angry
B. Bored
C. Confused
D. Relieved",D,D,Yes
deepseek,deepseek-r1-distill-llama-8b,8,1,"Story: Sam puts his watch in a drawer and leaves the room. While he is gone, Alex moves the watch to a box.
Question: Where will Sam look for the watch first?
A. Box
B. Table
C. Drawer
D. Shelf",C,C,Yes
deepseek,deepseek-r1-distill-llama-8b,8,2,"Story: Nina thinks her cat ran away, but the cat is actually sleeping under the bed.
Question: How does Nina most likely feel before she checks under the bed?
A. Relieved
B. Proud
C. Excited
D. Worried",D,D,Yes
deepseek,deepseek-r1-distill-llama-8b,8,3,"Story: Leo hides a coin in a cup. Emma is watching. Later Leo leaves the room and Emma moves the coin to a drawer.
Question: Who knows the coin was moved?
A. Leo only
B. Both Leo and Emma
C. Neither of them
D. Emma only",D,D,Yes
deepseek,deepseek-r1-distill-llama-8b,8,4,"Story: You can see a dog behind a tree. Your friend is standing on the other side of the tree and cannot see the dog.
Question: What does your friend think is behind the tree?
A. A dog
B. A cat
C. A ball
D. Nothing",D,D,Yes
deepseek,deepseek-r1-distill-llama-8b,8,5,"Story: Olivia hides a cookie in a jar. Jack watches. Olivia leaves the room. Jack moves the cookie to a cupboard.
Question: Where is the cookie really?
A. Jar
B. Table
C. Plate
D. Cupboard",D,D,Yes
deepseek,deepseek-r1-distill-llama-8b,8,6,"Story: A child hides a toy in a drawer. Another child asks where it is. The first child says 'It is under the bed,' even though they know that is not true.
Question: Why did the child say this?
A. Because they forgot
B. Because they believe it is under the bed
C. To confuse the other child
D. Because they dislike toys",C,C,Yes
deepseek,deepseek-r1-distill-llama-8b,8,7,"Story: Mark puts his keys in his backpack. Later someone moves the keys to a desk while Mark is outside.
Question: Where will Mark look for the keys first?
A. Desk
B. Pocket
C. Drawer
D. Backpack",D,D,Yes
deepseek,deepseek-r1-distill-llama-8b,8,8,"Story: Sara thinks her lost phone is gone forever. Then she finds it in her jacket pocket.
Question: How will Sara most likely feel when she finds it?
A. Angry
B. Confused
C. Relieved
D. Bored",C,C,Yes
deepseek,deepseek-r1-distill-llama-8b,8,9,"Story: Tom places a book in a cabinet while Maya watches. Later Tom leaves the room and Maya moves the book to a drawer.
Question: Does Tom know the book was moved?
A. Yes
B. No",B,B,Yes
deepseek,deepseek-r1-distill-llama-8b,8,10,"Story: Anna hides a ball in a basket. Ben watches. Anna leaves the room. Ben moves the ball to a box. Clara sees Ben move it.
Question: Where does Clara think Anna will look for the ball?
A. Box
B. Table
C. Basket
D. Shelf",C,C,Yes
deepseek,deepseek-r1-distill-llama-8b,8,11,"Story: Liam moves his friend's chair slightly before they sit down as a joke.
Question: What was Liam's likely intention?
A. To help his friend
B. To clean the room
C. To move furniture permanently
D. To make his friend laugh",D,D,Yes
deepseek,deepseek-r1-distill-llama-8b,8,12,"Story: Emma puts a pen in a drawer and then goes outside to talk on the phone. While she is gone, Noah moves the pen to a box.
Question: Where will Emma look for the pen first?
A. Box
B. Table
C. Drawer
D. Bag",C,C,Yes
deepseek,deepseek-r1-distill-llama-8b,8,13,"Story: Jake thinks his friend ignored his message, but actually the friend never received it.
Question: How might Jake feel?
A. Happy
B. Relaxed
C. Hurt
D. Proud",C,C,Yes
deepseek,deepseek-r1-distill-llama-8b,8,14,"Story: A toy is behind a couch. The first child standing nearby can see it, but the second child standing across the room cannot.
Question: What does the second child believe?
A. The toy is visible
B. The toy is missing
C. The toy is broken
D. The toy is behind the couch",B,B,Yes
deepseek,deepseek-r1-distill-llama-8b,8,15,"Story: Ava hides a ring in a bag. Later someone moves the ring to a drawer while Ava is outside.
Question: Where does Ava think the ring is?
A. Drawer
B. Shelf
C. Table
D. Bag",D,D,Yes
deepseek,deepseek-r1-distill-llama-8b,8,16,"Story: Daniel studies very hard for a test and believes he will do well.
Question: How does Daniel most likely feel before taking the test?
A. Angry
B. Bored
C. Nervous but hopeful
D. Confused",C,C,Yes
deepseek,deepseek-r1-distill-llama-8b,8,17,"Story: A child tells their friend the candy is in the kitchen even though it is actually in their pocket.
Question: What is the child trying to do?
A. Share the candy
B. Lose the candy
C. Clean the kitchen
D. Hide the candy",D,D,Yes
deepseek,deepseek-r1-distill-llama-8b,8,18,"Story: Mia hides a toy in a drawer while Liam is watching. Later Liam leaves the room and Mia moves the toy to a box.
Question: Who knows the toy is in the box?
A. Liam only
B. Both Mia and Liam
C. Mia only
D. Neither",C,C,Yes
deepseek,deepseek-r1-distill-llama-8b,8,19,"Story: Noah puts a coin in a jar. Emma watches. Noah leaves. Emma moves the coin to a drawer. Liam sees Emma move it.
Question: Where does Liam think Noah will look for the coin?
A. Drawer
B. Table
C. Shelf
D. Jar",D,A,No
deepseek,deepseek-r1-distill-llama-8b,8,20,"Story: Ella believes her favorite mug is broken. Later she discovers it is actually fine.
Question: How will Ella most likely feel when she finds out?
A. Angry
B. Bored
C. Confused
D. Relieved",D,D,Yes
deepseek,deepseek-r1-distill-llama-8b,9,1,"Story: Sam puts his watch in a drawer and leaves the room. While he is gone, Alex moves the watch to a box.
Question: Where will Sam look for the watch first?
A. Box
B. Table
C. Drawer
D. Shelf",C,C,Yes
deepseek,deepseek-r1-distill-llama-8b,9,2,"Story: Nina thinks her cat ran away, but the cat is actually sleeping under the bed.
Question: How does Nina most likely feel before she checks under the bed?
A. Relieved
B. Proud
C. Excited
D. Worried",D,D,Yes
deepseek,deepseek-r1-distill-llama-8b,9,3,"Story: Leo hides a coin in a cup. Emma is watching. Later Leo leaves the room and Emma moves the coin to a drawer.
Question: Who knows the coin was moved?
A. Leo only
B. Both Leo and Emma
C. Neither of them
D. Emma only",D,D,Yes
deepseek,deepseek-r1-distill-llama-8b,9,4,"Story: You can see a dog behind a tree. Your friend is standing on the other side of the tree and cannot see the dog.
Question: What does your friend think is behind the tree?
A. A dog
B. A cat
C. A ball
D. Nothing",D,D,Yes
deepseek,deepseek-r1-distill-llama-8b,9,5,"Story: Olivia hides a cookie in a jar. Jack watches. Olivia leaves the room. Jack moves the cookie to a cupboard.
Question: Where is the cookie really?
A. Jar
B. Table
C. Plate
D. Cupboard",D,D,Yes
deepseek,deepseek-r1-distill-llama-8b,9,6,"Story: A child hides a toy in a drawer. Another child asks where it is. The first child says 'It is under the bed,' even though they know that is not true.
Question: Why did the child say this?
A. Because they forgot
B. Because they believe it is under the bed
C. To confuse the other child
D. Because they dislike toys",C,C,Yes
deepseek,deepseek-r1-distill-llama-8b,9,7,"Story: Mark puts his keys in his backpack. Later someone moves the keys to a desk while Mark is outside.
Question: Where will Mark look for the keys first?
A. Desk
B. Pocket
C. Drawer
D. Backpack",D,D,Yes
deepseek,deepseek-r1-distill-llama-8b,9,8,"Story: Sara thinks her lost phone is gone forever. Then she finds it in her jacket pocket.
Question: How will Sara most likely feel when she finds it?
A. Angry
B. Confused
C. Relieved
D. Bored",C,C,Yes
deepseek,deepseek-r1-distill-llama-8b,9,9,"Story: Tom places a book in a cabinet while Maya watches. Later Tom leaves the room and Maya moves the book to a drawer.
Question: Does Tom know the book was moved?
A. Yes
B. No",B,B,Yes
deepseek,deepseek-r1-distill-llama-8b,9,10,"Story: Anna hides a ball in a basket. Ben watches. Anna leaves the room. Ben moves the ball to a box. Clara sees Ben move it.
Question: Where does Clara think Anna will look for the ball?
A. Box
B. Table
C. Basket
D. Shelf",C,A,No
deepseek,deepseek-r1-distill-llama-8b,9,11,"Story: Liam moves his friend's chair slightly before they sit down as a joke.
Question: What was Liam's likely intention?
A. To help his friend
B. To clean the room
C. To move furniture permanently
D. To make his friend laugh",D,D,Yes
deepseek,deepseek-r1-distill-llama-8b,9,12,"Story: Emma puts a pen in a drawer and then goes outside to talk on the phone. While she is gone, Noah moves the pen to a box.
Question: Where will Emma look for the pen first?
A. Box
B. Table
C. Drawer
D. Bag",C,C,Yes
deepseek,deepseek-r1-distill-llama-8b,9,13,"Story: Jake thinks his friend ignored his message, but actually the friend never received it.
Question: How might Jake feel?
A. Happy
B. Relaxed
C. Hurt
D. Proud",C,C,Yes
deepseek,deepseek-r1-distill-llama-8b,9,14,"Story: A toy is behind a couch. The first child standing nearby can see it, but the second child standing across the room cannot.
Question: What does the second child believe?
A. The toy is visible
B. The toy is missing
C. The toy is broken
D. The toy is behind the couch",B,D,No
deepseek,deepseek-r1-distill-llama-8b,9,15,"Story: Ava hides a ring in a bag. Later someone moves the ring to a drawer while Ava is outside.
Question: Where does Ava think the ring is?
A. Drawer
B. Shelf
C. Table
D. Bag",D,D,Yes
deepseek,deepseek-r1-distill-llama-8b,9,16,"Story: Daniel studies very hard for a test and believes he will do well.
Question: How does Daniel most likely feel before taking the test?
A. Angry
B. Bored
C. Nervous but hopeful
D. Confused",C,C,Yes
deepseek,deepseek-r1-distill-llama-8b,9,17,"Story: A child tells their friend the candy is in the kitchen even though it is actually in their pocket.
Question: What is the child trying to do?
A. Share the candy
B. Lose the candy
C. Clean the kitchen
D. Hide the candy",D,D,Yes
deepseek,deepseek-r1-distill-llama-8b,9,18,"Story: Mia hides a toy in a drawer while Liam is watching. Later Liam leaves the room and Mia moves the toy to a box.
Question: Who knows the toy is in the box?
A. Liam only
B. Both Mia and Liam
C. Mia only
D. Neither",C,C,Yes
deepseek,deepseek-r1-distill-llama-8b,9,19,"Story: Noah puts a coin in a jar. Emma watches. Noah leaves. Emma moves the coin to a drawer. Liam sees Emma move it.
Question: Where does Liam think Noah will look for the coin?
A. Drawer
B. Table
C. Shelf
D. Jar",D,D,Yes
deepseek,deepseek-r1-distill-llama-8b,9,20,"Story: Ella believes her favorite mug is broken. Later she discovers it is actually fine.
Question: How will Ella most likely feel when she finds out?
A. Angry
B. Bored
C. Confused
D. Relieved",D,D,Yes
deepseek,deepseek-r1-distill-llama-8b,10,1,"Story: Sam puts his watch in a drawer and leaves the room. While he is gone, Alex moves the watch to a box.
Question: Where will Sam look for the watch first?
A. Box
B. Table
C. Drawer
D. Shelf",C,C,Yes
deepseek,deepseek-r1-distill-llama-8b,10,2,"Story: Nina thinks her cat ran away, but the cat is actually sleeping under the bed.
Question: How does Nina most likely feel before she checks under the bed?
A. Relieved
B. Proud
C. Excited
D. Worried",D,D,Yes
deepseek,deepseek-r1-distill-llama-8b,10,3,"Story: Leo hides a coin in a cup. Emma is watching. Later Leo leaves the room and Emma moves the coin to a drawer.
Question: Who knows the coin was moved?
A. Leo only
B. Both Leo and Emma
C. Neither of them
D. Emma only",D,D,Yes
deepseek,deepseek-r1-distill-llama-8b,10,4,"Story: You can see a dog behind a tree. Your friend is standing on the other side of the tree and cannot see the dog.
Question: What does your friend think is behind the tree?
A. A dog
B. A cat
C. A ball
D. Nothing",D,A,No
deepseek,deepseek-r1-distill-llama-8b,10,5,"Story: Olivia hides a cookie in a jar. Jack watches. Olivia leaves the room. Jack moves the cookie to a cupboard.
Question: Where is the cookie really?
A. Jar
B. Table
C. Plate
D. Cupboard",D,D,Yes
deepseek,deepseek-r1-distill-llama-8b,10,6,"Story: A child hides a toy in a drawer. Another child asks where it is. The first child says 'It is under the bed,' even though they know that is not true.
Question: Why did the child say this?
A. Because they forgot
B. Because they believe it is under the bed
C. To confuse the other child
D. Because they dislike toys",C,C,Yes
deepseek,deepseek-r1-distill-llama-8b,10,7,"Story: Mark puts his keys in his backpack. Later someone moves the keys to a desk while Mark is outside.
Question: Where will Mark look for the keys first?
A. Desk
B. Pocket
C. Drawer
D. Backpack",D,D,Yes
deepseek,deepseek-r1-distill-llama-8b,10,8,"Story: Sara thinks her lost phone is gone forever. Then she finds it in her jacket pocket.
Question: How will Sara most likely feel when she finds it?
A. Angry
B. Confused
C. Relieved
D. Bored",C,C,Yes
deepseek,deepseek-r1-distill-llama-8b,10,9,"Story: Tom places a book in a cabinet while Maya watches. Later Tom leaves the room and Maya moves the book to a drawer.
Question: Does Tom know the book was moved?
A. Yes
B. No",B,B,Yes
deepseek,deepseek-r1-distill-llama-8b,10,10,"Story: Anna hides a ball in a basket. Ben watches. Anna leaves the room. Ben moves the ball to a box. Clara sees Ben move it.
Question: Where does Clara think Anna will look for the ball?
A. Box
B. Table
C. Basket
D. Shelf",C,C,Yes
deepseek,deepseek-r1-distill-llama-8b,10,11,"Story: Liam moves his friend's chair slightly before they sit down as a joke.
Question: What was Liam's likely intention?
A. To help his friend
B. To clean the room
C. To move furniture permanently
D. To make his friend laugh",D,D,Yes
deepseek,deepseek-r1-distill-llama-8b,10,12,"Story: Emma puts a pen in a drawer and then goes outside to talk on the phone. While she is gone, Noah moves the pen to a box.
Question: Where will Emma look for the pen first?
A. Box
B. Table
C. Drawer
D. Bag",C,C,Yes
deepseek,deepseek-r1-distill-llama-8b,10,13,"Story: Jake thinks his friend ignored his message, but actually the friend never received it.
Question: How might Jake feel?
A. Happy
B. Relaxed
C. Hurt
D. Proud",C,C,Yes
deepseek,deepseek-r1-distill-llama-8b,10,14,"Story: A toy is behind a couch. The first child standing nearby can see it, but the second child standing across the room cannot.
Question: What does the second child believe?
A. The toy is visible
B. The toy is missing
C. The toy is broken
D. The toy is behind the couch",B,D,No
deepseek,deepseek-r1-distill-llama-8b,10,15,"Story: Ava hides a ring in a bag. Later someone moves the ring to a drawer while Ava is outside.
Question: Where does Ava think the ring is?
A. Drawer
B. Shelf
C. Table
D. Bag",D,D,Yes
deepseek,deepseek-r1-distill-llama-8b,10,16,"Story: Daniel studies very hard for a test and believes he will do well.
Question: How does Daniel most likely feel before taking the test?
A. Angry
B. Bored
C. Nervous but hopeful
D. Confused",C,C,Yes
deepseek,deepseek-r1-distill-llama-8b,10,17,"Story: A child tells their friend the candy is in the kitchen even though it is actually in their pocket.
Question: What is the child trying to do?
A. Share the candy
B. Lose the candy
C. Clean the kitchen
D. Hide the candy",D,D,Yes
deepseek,deepseek-r1-distill-llama-8b,10,18,"Story: Mia hides a toy in a drawer while Liam is watching. Later Liam leaves the room and Mia moves the toy to a box.
Question: Who knows the toy is in the box?
A. Liam only
B. Both Mia and Liam
C. Mia only
D. Neither",C,C,Yes
deepseek,deepseek-r1-distill-llama-8b,10,19,"Story: Noah puts a coin in a jar. Emma watches. Noah leaves. Emma moves the coin to a drawer. Liam sees Emma move it.
Question: Where does Liam think Noah will look for the coin?
A. Drawer
B. Table
C. Shelf
D. Jar",D,D,Yes
deepseek,deepseek-r1-distill-llama-8b,10,20,"Story: Ella believes her favorite mug is broken. Later she discovers it is actually fine.
Question: How will Ella most likely feel when she finds out?
A. Angry
B. Bored
C. Confused
D. Relieved",D,D,Yes
deepseek,deepseek-r1-distill-llama-8b,11,1,"Story: Sam puts his watch in a drawer and leaves the room. While he is gone, Alex moves the watch to a box.
Question: Where will Sam look for the watch first?
A. Box
B. Table
C. Drawer
D. Shelf",C,C,Yes
deepseek,deepseek-r1-distill-llama-8b,11,2,"Story: Nina thinks her cat ran away, but the cat is actually sleeping under the bed.
Question: How does Nina most likely feel before she checks under the bed?
A. Relieved
B. Proud
C. Excited
D. Worried",D,D,Yes
deepseek,deepseek-r1-distill-llama-8b,11,3,"Story: Leo hides a coin in a cup. Emma is watching. Later Leo leaves the room and Emma moves the coin to a drawer.
Question: Who knows the coin was moved?
A. Leo only
B. Both Leo and Emma
C. Neither of them
D. Emma only",D,D,Yes
deepseek,deepseek-r1-distill-llama-8b,11,4,"Story: You can see a dog behind a tree. Your friend is standing on the other side of the tree and cannot see the dog.
Question: What does your friend think is behind the tree?
A. A dog
B. A cat
C. A ball
D. Nothing",D,D,Yes
deepseek,deepseek-r1-distill-llama-8b,11,5,"Story: Olivia hides a cookie in a jar. Jack watches. Olivia leaves the room. Jack moves the cookie to a cupboard.
Question: Where is the cookie really?
A. Jar
B. Table
C. Plate
D. Cupboard",D,D,Yes
deepseek,deepseek-r1-distill-llama-8b,11,6,"Story: A child hides a toy in a drawer. Another child asks where it is. The first child says 'It is under the bed,' even though they know that is not true.
Question: Why did the child say this?
A. Because they forgot
B. Because they believe it is under the bed
C. To confuse the other child
D. Because they dislike toys",C,C,Yes
deepseek,deepseek-r1-distill-llama-8b,11,7,"Story: Mark puts his keys in his backpack. Later someone moves the keys to a desk while Mark is outside.
Question: Where will Mark look for the keys first?
A. Desk
B. Pocket
C. Drawer
D. Backpack",D,D,Yes
deepseek,deepseek-r1-distill-llama-8b,11,8,"Story: Sara thinks her lost phone is gone forever. Then she finds it in her jacket pocket.
Question: How will Sara most likely feel when she finds it?
A. Angry
B. Confused
C. Relieved
D. Bored",C,C,Yes
deepseek,deepseek-r1-distill-llama-8b,11,9,"Story: Tom places a book in a cabinet while Maya watches. Later Tom leaves the room and Maya moves the book to a drawer.
Question: Does Tom know the book was moved?
A. Yes
B. No",B,B,Yes
deepseek,deepseek-r1-distill-llama-8b,11,10,"Story: Anna hides a ball in a basket. Ben watches. Anna leaves the room. Ben moves the ball to a box. Clara sees Ben move it.
Question: Where does Clara think Anna will look for the ball?
A. Box
B. Table
C. Basket
D. Shelf",C,C,Yes
deepseek,deepseek-r1-distill-llama-8b,11,11,"Story: Liam moves his friend's chair slightly before they sit down as a joke.
Question: What was Liam's likely intention?
A. To help his friend
B. To clean the room
C. To move furniture permanently
D. To make his friend laugh",D,D,Yes
deepseek,deepseek-r1-distill-llama-8b,11,12,"Story: Emma puts a pen in a drawer and then goes outside to talk on the phone. While she is gone, Noah moves the pen to a box.
Question: Where will Emma look for the pen first?
A. Box
B. Table
C. Drawer
D. Bag",C,A,No
deepseek,deepseek-r1-distill-llama-8b,11,13,"Story: Jake thinks his friend ignored his message, but actually the friend never received it.
Question: How might Jake feel?
A. Happy
B. Relaxed
C. Hurt
D. Proud",C,C,Yes
deepseek,deepseek-r1-distill-llama-8b,11,14,"Story: A toy is behind a couch. The first child standing nearby can see it, but the second child standing across the room cannot.
Question: What does the second child believe?
A. The toy is visible
B. The toy is missing
C. The toy is broken
D. The toy is behind the couch",B,B,Yes
deepseek,deepseek-r1-distill-llama-8b,11,15,"Story: Ava hides a ring in a bag. Later someone moves the ring to a drawer while Ava is outside.
Question: Where does Ava think the ring is?
A. Drawer
B. Shelf
C. Table
D. Bag",D,D,Yes
deepseek,deepseek-r1-distill-llama-8b,11,16,"Story: Daniel studies very hard for a test and believes he will do well.
Question: How does Daniel most likely feel before taking the test?
A. Angry
B. Bored
C. Nervous but hopeful
D. Confused",C,C,Yes
deepseek,deepseek-r1-distill-llama-8b,11,17,"Story: A child tells their friend the candy is in the kitchen even though it is actually in their pocket.
Question: What is the child trying to do?
A. Share the candy
B. Lose the candy
C. Clean the kitchen
D. Hide the candy",D,D,Yes
deepseek,deepseek-r1-distill-llama-8b,11,18,"Story: Mia hides a toy in a drawer while Liam is watching. Later Liam leaves the room and Mia moves the toy to a box.
Question: Who knows the toy is in the box?
A. Liam only
B. Both Mia and Liam
C. Mia only
D. Neither",C,C,Yes
deepseek,deepseek-r1-distill-llama-8b,11,19,"Story: Noah puts a coin in a jar. Emma watches. Noah leaves. Emma moves the coin to a drawer. Liam sees Emma move it.
Question: Where does Liam think Noah will look for the coin?
A. Drawer
B. Table
C. Shelf
D. Jar",D,A,No
deepseek,deepseek-r1-distill-llama-8b,11,20,"Story: Ella believes her favorite mug is broken. Later she discovers it is actually fine.
Question: How will Ella most likely feel when she finds out?
A. Angry
B. Bored
C. Confused
D. Relieved",D,D,Yes
deepseek,deepseek-r1-distill-llama-8b,12,1,"Story: Sam puts his watch in a drawer and leaves the room. While he is gone, Alex moves the watch to a box.
Question: Where will Sam look for the watch first?
A. Box
B. Table
C. Drawer
D. Shelf",C,B,No
deepseek,deepseek-r1-distill-llama-8b,12,2,"Story: Nina thinks her cat ran away, but the cat is actually sleeping under the bed.
Question: How does Nina most likely feel before she checks under the bed?
A. Relieved
B. Proud
C. Excited
D. Worried",D,D,Yes
deepseek,deepseek-r1-distill-llama-8b,12,3,"Story: Leo hides a coin in a cup. Emma is watching. Later Leo leaves the room and Emma moves the coin to a drawer.
Question: Who knows the coin was moved?
A. Leo only
B. Both Leo and Emma
C. Neither of them
D. Emma only",D,D,Yes
deepseek,deepseek-r1-distill-llama-8b,12,4,"Story: You can see a dog behind a tree. Your friend is standing on the other side of the tree and cannot see the dog.
Question: What does your friend think is behind the tree?
A. A dog
B. A cat
C. A ball
D. Nothing",D,D,Yes
deepseek,deepseek-r1-distill-llama-8b,12,5,"Story: Olivia hides a cookie in a jar. Jack watches. Olivia leaves the room. Jack moves the cookie to a cupboard.
Question: Where is the cookie really?
A. Jar
B. Table
C. Plate
D. Cupboard",D,D,Yes
deepseek,deepseek-r1-distill-llama-8b,12,6,"Story: A child hides a toy in a drawer. Another child asks where it is. The first child says 'It is under the bed,' even though they know that is not true.
Question: Why did the child say this?
A. Because they forgot
B. Because they believe it is under the bed
C. To confuse the other child
D. Because they dislike toys",C,C,Yes
deepseek,deepseek-r1-distill-llama-8b,12,7,"Story: Mark puts his keys in his backpack. Later someone moves the keys to a desk while Mark is outside.
Question: Where will Mark look for the keys first?
A. Desk
B. Pocket
C. Drawer
D. Backpack",D,D,Yes
deepseek,deepseek-r1-distill-llama-8b,12,8,"Story: Sara thinks her lost phone is gone forever. Then she finds it in her jacket pocket.
Question: How will Sara most likely feel when she finds it?
A. Angry
B. Confused
C. Relieved
D. Bored",C,C,Yes
deepseek,deepseek-r1-distill-llama-8b,12,9,"Story: Tom places a book in a cabinet while Maya watches. Later Tom leaves the room and Maya moves the book to a drawer.
Question: Does Tom know the book was moved?
A. Yes
B. No",B,B,Yes
deepseek,deepseek-r1-distill-llama-8b,12,10,"Story: Anna hides a ball in a basket. Ben watches. Anna leaves the room. Ben moves the ball to a box. Clara sees Ben move it.
Question: Where does Clara think Anna will look for the ball?
A. Box
B. Table
C. Basket
D. Shelf",C,C,Yes
deepseek,deepseek-r1-distill-llama-8b,12,11,"Story: Liam moves his friend's chair slightly before they sit down as a joke.
Question: What was Liam's likely intention?
A. To help his friend
B. To clean the room
C. To move furniture permanently
D. To make his friend laugh",D,D,Yes
deepseek,deepseek-r1-distill-llama-8b,12,12,"Story: Emma puts a pen in a drawer and then goes outside to talk on the phone. While she is gone, Noah moves the pen to a box.
Question: Where will Emma look for the pen first?
A. Box
B. Table
C. Drawer
D. Bag",C,C,Yes
deepseek,deepseek-r1-distill-llama-8b,12,13,"Story: Jake thinks his friend ignored his message, but actually the friend never received it.
Question: How might Jake feel?
A. Happy
B. Relaxed
C. Hurt
D. Proud",C,B,No
deepseek,deepseek-r1-distill-llama-8b,12,14,"Story: A toy is behind a couch. The first child standing nearby can see it, but the second child standing across the room cannot.
Question: What does the second child believe?
A. The toy is visible
B. The toy is missing
C. The toy is broken
D. The toy is behind the couch",B,D,No
deepseek,deepseek-r1-distill-llama-8b,12,15,"Story: Ava hides a ring in a bag. Later someone moves the ring to a drawer while Ava is outside.
Question: Where does Ava think the ring is?
A. Drawer
B. Shelf
C. Table
D. Bag",D,A,No
deepseek,deepseek-r1-distill-llama-8b,12,16,"Story: Daniel studies very hard for a test and believes he will do well.
Question: How does Daniel most likely feel before taking the test?
A. Angry
B. Bored
C. Nervous but hopeful
D. Confused",C,C,Yes
deepseek,deepseek-r1-distill-llama-8b,12,17,"Story: A child tells their friend the candy is in the kitchen even though it is actually in their pocket.
Question: What is the child trying to do?
A. Share the candy
B. Lose the candy
C. Clean the kitchen
D. Hide the candy",D,D,Yes
deepseek,deepseek-r1-distill-llama-8b,12,18,"Story: Mia hides a toy in a drawer while Liam is watching. Later Liam leaves the room and Mia moves the toy to a box.
Question: Who knows the toy is in the box?
A. Liam only
B. Both Mia and Liam
C. Mia only
D. Neither",C,C,Yes
deepseek,deepseek-r1-distill-llama-8b,12,19,"Story: Noah puts a coin in a jar. Emma watches. Noah leaves. Emma moves the coin to a drawer. Liam sees Emma move it.
Question: Where does Liam think Noah will look for the coin?
A. Drawer
B. Table
C. Shelf
D. Jar",D,D,Yes
deepseek,deepseek-r1-distill-llama-8b,12,20,"Story: Ella believes her favorite mug is broken. Later she discovers it is actually fine.
Question: How will Ella most likely feel when she finds out?
A. Angry
B. Bored
C. Confused
D. Relieved",D,D,Yes
deepseek,deepseek-r1-distill-llama-8b,13,1,"Story: Sam puts his watch in a drawer and leaves the room. While he is gone, Alex moves the watch to a box.
Question: Where will Sam look for the watch first?
A. Box
B. Table
C. Drawer
D. Shelf",C,C,Yes
deepseek,deepseek-r1-distill-llama-8b,13,2,"Story: Nina thinks her cat ran away, but the cat is actually sleeping under the bed.
Question: How does Nina most likely feel before she checks under the bed?
A. Relieved
B. Proud
C. Excited
D. Worried",D,D,Yes
deepseek,deepseek-r1-distill-llama-8b,13,3,"Story: Leo hides a coin in a cup. Emma is watching. Later Leo leaves the room and Emma moves the coin to a drawer.
Question: Who knows the coin was moved?
A. Leo only
B. Both Leo and Emma
C. Neither of them
D. Emma only",D,D,Yes
deepseek,deepseek-r1-distill-llama-8b,13,4,"Story: You can see a dog behind a tree. Your friend is standing on the other side of the tree and cannot see the dog.
Question: What does your friend think is behind the tree?
A. A dog
B. A cat
C. A ball
D. Nothing",D,D,Yes
deepseek,deepseek-r1-distill-llama-8b,13,5,"Story: Olivia hides a cookie in a jar. Jack watches. Olivia leaves the room. Jack moves the cookie to a cupboard.
Question: Where is the cookie really?
A. Jar
B. Table
C. Plate
D. Cupboard",D,D,Yes
deepseek,deepseek-r1-distill-llama-8b,13,6,"Story: A child hides a toy in a drawer. Another child asks where it is. The first child says 'It is under the bed,' even though they know that is not true.
Question: Why did the child say this?
A. Because they forgot
B. Because they believe it is under the bed
C. To confuse the other child
D. Because they dislike toys",C,C,Yes
deepseek,deepseek-r1-distill-llama-8b,13,7,"Story: Mark puts his keys in his backpack. Later someone moves the keys to a desk while Mark is outside.
Question: Where will Mark look for the keys first?
A. Desk
B. Pocket
C. Drawer
D. Backpack",D,D,Yes
deepseek,deepseek-r1-distill-llama-8b,13,8,"Story: Sara thinks her lost phone is gone forever. Then she finds it in her jacket pocket.
Question: How will Sara most likely feel when she finds it?
A. Angry
B. Confused
C. Relieved
D. Bored",C,C,Yes
deepseek,deepseek-r1-distill-llama-8b,13,9,"Story: Tom places a book in a cabinet while Maya watches. Later Tom leaves the room and Maya moves the book to a drawer.
Question: Does Tom know the book was moved?
A. Yes
B. No",B,B,Yes
deepseek,deepseek-r1-distill-llama-8b,13,10,"Story: Anna hides a ball in a basket. Ben watches. Anna leaves the room. Ben moves the ball to a box. Clara sees Ben move it.
Question: Where does Clara think Anna will look for the ball?
A. Box
B. Table
C. Basket
D. Shelf",C,A,No
deepseek,deepseek-r1-distill-llama-8b,13,11,"Story: Liam moves his friend's chair slightly before they sit down as a joke.
Question: What was Liam's likely intention?
A. To help his friend
B. To clean the room
C. To move furniture permanently
D. To make his friend laugh",D,D,Yes
deepseek,deepseek-r1-distill-llama-8b,13,12,"Story: Emma puts a pen in a drawer and then goes outside to talk on the phone. While she is gone, Noah moves the pen to a box.
Question: Where will Emma look for the pen first?
A. Box
B. Table
C. Drawer
D. Bag",C,C,Yes
deepseek,deepseek-r1-distill-llama-8b,13,13,"Story: Jake thinks his friend ignored his message, but actually the friend never received it.
Question: How might Jake feel?
A. Happy
B. Relaxed
C. Hurt
D. Proud",C,C,Yes
deepseek,deepseek-r1-distill-llama-8b,13,14,"Story: A toy is behind a couch. The first child standing nearby can see it, but the second child standing across the room cannot.
Question: What does the second child believe?
A. The toy is visible
B. The toy is missing
C. The toy is broken
D. The toy is behind the couch",B,D,No
deepseek,deepseek-r1-distill-llama-8b,13,15,"Story: Ava hides a ring in a bag. Later someone moves the ring to a drawer while Ava is outside.
Question: Where does Ava think the ring is?
A. Drawer
B. Shelf
C. Table
D. Bag",D,D,Yes
deepseek,deepseek-r1-distill-llama-8b,13,16,"Story: Daniel studies very hard for a test and believes he will do well.
Question: How does Daniel most likely feel before taking the test?
A. Angry
B. Bored
C. Nervous but hopeful
D. Confused",C,C,Yes
deepseek,deepseek-r1-distill-llama-8b,13,17,"Story: A child tells their friend the candy is in the kitchen even though it is actually in their pocket.
Question: What is the child trying to do?
A. Share the candy
B. Lose the candy
C. Clean the kitchen
D. Hide the candy",D,D,Yes
deepseek,deepseek-r1-distill-llama-8b,13,18,"Story: Mia hides a toy in a drawer while Liam is watching. Later Liam leaves the room and Mia moves the toy to a box.
Question: Who knows the toy is in the box?
A. Liam only
B. Both Mia and Liam
C. Mia only
D. Neither",C,C,Yes
deepseek,deepseek-r1-distill-llama-8b,13,19,"Story: Noah puts a coin in a jar. Emma watches. Noah leaves. Emma moves the coin to a drawer. Liam sees Emma move it.
Question: Where does Liam think Noah will look for the coin?
A. Drawer
B. Table
C. Shelf
D. Jar",D,A,No
deepseek,deepseek-r1-distill-llama-8b,13,20,"Story: Ella believes her favorite mug is broken. Later she discovers it is actually fine.
Question: How will Ella most likely feel when she finds out?
A. Angry
B. Bored
C. Confused
D. Relieved",D,D,Yes
deepseek,deepseek-r1-distill-llama-8b,14,1,"Story: Sam puts his watch in a drawer and leaves the room. While he is gone, Alex moves the watch to a box.
Question: Where will Sam look for the watch first?
A. Box
B. Table
C. Drawer
D. Shelf",C,C,Yes
deepseek,deepseek-r1-distill-llama-8b,14,2,"Story: Nina thinks her cat ran away, but the cat is actually sleeping under the bed.
Question: How does Nina most likely feel before she checks under the bed?
A. Relieved
B. Proud
C. Excited
D. Worried",D,D,Yes
deepseek,deepseek-r1-distill-llama-8b,14,3,"Story: Leo hides a coin in a cup. Emma is watching. Later Leo leaves the room and Emma moves the coin to a drawer.
Question: Who knows the coin was moved?
A. Leo only
B. Both Leo and Emma
C. Neither of them
D. Emma only",D,D,Yes
deepseek,deepseek-r1-distill-llama-8b,14,4,"Story: You can see a dog behind a tree. Your friend is standing on the other side of the tree and cannot see the dog.
Question: What does your friend think is behind the tree?
A. A dog
B. A cat
C. A ball
D. Nothing",D,D,Yes
deepseek,deepseek-r1-distill-llama-8b,14,5,"Story: Olivia hides a cookie in a jar. Jack watches. Olivia leaves the room. Jack moves the cookie to a cupboard.
Question: Where is the cookie really?
A. Jar
B. Table
C. Plate
D. Cupboard",D,D,Yes
deepseek,deepseek-r1-distill-llama-8b,14,6,"Story: A child hides a toy in a drawer. Another child asks where it is. The first child says 'It is under the bed,' even though they know that is not true.
Question: Why did the child say this?
A. Because they forgot
B. Because they believe it is under the bed
C. To confuse the other child
D. Because they dislike toys",C,C,Yes
deepseek,deepseek-r1-distill-llama-8b,14,7,"Story: Mark puts his keys in his backpack. Later someone moves the keys to a desk while Mark is outside.
Question: Where will Mark look for the keys first?
A. Desk
B. Pocket
C. Drawer
D. Backpack",D,D,Yes
deepseek,deepseek-r1-distill-llama-8b,14,8,"Story: Sara thinks her lost phone is gone forever. Then she finds it in her jacket pocket.
Question: How will Sara most likely feel when she finds it?
A. Angry
B. Confused
C. Relieved
D. Bored",C,C,Yes
deepseek,deepseek-r1-distill-llama-8b,14,9,"Story: Tom places a book in a cabinet while Maya watches. Later Tom leaves the room and Maya moves the book to a drawer.
Question: Does Tom know the book was moved?
A. Yes
B. No",B,B,Yes
deepseek,deepseek-r1-distill-llama-8b,14,10,"Story: Anna hides a ball in a basket. Ben watches. Anna leaves the room. Ben moves the ball to a box. Clara sees Ben move it.
Question: Where does Clara think Anna will look for the ball?
A. Box
B. Table
C. Basket
D. Shelf",C,C,Yes
deepseek,deepseek-r1-distill-llama-8b,14,11,"Story: Liam moves his friend's chair slightly before they sit down as a joke.
Question: What was Liam's likely intention?
A. To help his friend
B. To clean the room
C. To move furniture permanently
D. To make his friend laugh",D,D,Yes
deepseek,deepseek-r1-distill-llama-8b,14,12,"Story: Emma puts a pen in a drawer and then goes outside to talk on the phone. While she is gone, Noah moves the pen to a box.
Question: Where will Emma look for the pen first?
A. Box
B. Table
C. Drawer
D. Bag",C,C,Yes
deepseek,deepseek-r1-distill-llama-8b,14,13,"Story: Jake thinks his friend ignored his message, but actually the friend never received it.
Question: How might Jake feel?
A. Happy
B. Relaxed
C. Hurt
D. Proud",C,C,Yes
deepseek,deepseek-r1-distill-llama-8b,14,14,"Story: A toy is behind a couch. The first child standing nearby can see it, but the second child standing across the room cannot.
Question: What does the second child believe?
A. The toy is visible
B. The toy is missing
C. The toy is broken
D. The toy is behind the couch",B,B,Yes
deepseek,deepseek-r1-distill-llama-8b,14,15,"Story: Ava hides a ring in a bag. Later someone moves the ring to a drawer while Ava is outside.
Question: Where does Ava think the ring is?
A. Drawer
B. Shelf
C. Table
D. Bag",D,D,Yes
deepseek,deepseek-r1-distill-llama-8b,14,16,"Story: Daniel studies very hard for a test and believes he will do well.
Question: How does Daniel most likely feel before taking the test?
A. Angry
B. Bored
C. Nervous but hopeful
D. Confused",C,C,Yes
deepseek,deepseek-r1-distill-llama-8b,14,17,"Story: A child tells their friend the candy is in the kitchen even though it is actually in their pocket.
Question: What is the child trying to do?
A. Share the candy
B. Lose the candy
C. Clean the kitchen
D. Hide the candy",D,D,Yes
deepseek,deepseek-r1-distill-llama-8b,14,18,"Story: Mia hides a toy in a drawer while Liam is watching. Later Liam leaves the room and Mia moves the toy to a box.
Question: Who knows the toy is in the box?
A. Liam only
B. Both Mia and Liam
C. Mia only
D. Neither",C,C,Yes
deepseek,deepseek-r1-distill-llama-8b,14,19,"Story: Noah puts a coin in a jar. Emma watches. Noah leaves. Emma moves the coin to a drawer. Liam sees Emma move it.
Question: Where does Liam think Noah will look for the coin?
A. Drawer
B. Table
C. Shelf
D. Jar",D,D,Yes
deepseek,deepseek-r1-distill-llama-8b,14,20,"Story: Ella believes her favorite mug is broken. Later she discovers it is actually fine.
Question: How will Ella most likely feel when she finds out?
A. Angry
B. Bored
C. Confused
D. Relieved",D,D,Yes
deepseek,deepseek-r1-distill-llama-8b,15,1,"Story: Sam puts his watch in a drawer and leaves the room. While he is gone, Alex moves the watch to a box.
Question: Where will Sam look for the watch first?
A. Box
B. Table
C. Drawer
D. Shelf",C,C,Yes
deepseek,deepseek-r1-distill-llama-8b,15,2,"Story: Nina thinks her cat ran away, but the cat is actually sleeping under the bed.
Question: How does Nina most likely feel before she checks under the bed?
A. Relieved
B. Proud
C. Excited
D. Worried",D,D,Yes
deepseek,deepseek-r1-distill-llama-8b,15,3,"Story: Leo hides a coin in a cup. Emma is watching. Later Leo leaves the room and Emma moves the coin to a drawer.
Question: Who knows the coin was moved?
A. Leo only
B. Both Leo and Emma
C. Neither of them
D. Emma only",D,D,Yes
deepseek,deepseek-r1-distill-llama-8b,15,4,"Story: You can see a dog behind a tree. Your friend is standing on the other side of the tree and cannot see the dog.
Question: What does your friend think is behind the tree?
A. A dog
B. A cat
C. A ball
D. Nothing",D,D,Yes
deepseek,deepseek-r1-distill-llama-8b,15,5,"Story: Olivia hides a cookie in a jar. Jack watches. Olivia leaves the room. Jack moves the cookie to a cupboard.
Question: Where is the cookie really?
A. Jar
B. Table
C. Plate
D. Cupboard",D,D,Yes
deepseek,deepseek-r1-distill-llama-8b,15,6,"Story: A child hides a toy in a drawer. Another child asks where it is. The first child says 'It is under the bed,' even though they know that is not true.
Question: Why did the child say this?
A. Because they forgot
B. Because they believe it is under the bed
C. To confuse the other child
D. Because they dislike toys",C,C,Yes
deepseek,deepseek-r1-distill-llama-8b,15,7,"Story: Mark puts his keys in his backpack. Later someone moves the keys to a desk while Mark is outside.
Question: Where will Mark look for the keys first?
A. Desk
B. Pocket
C. Drawer
D. Backpack",D,A,No
deepseek,deepseek-r1-distill-llama-8b,15,8,"Story: Sara thinks her lost phone is gone forever. Then she finds it in her jacket pocket.
Question: How will Sara most likely feel when she finds it?
A. Angry
B. Confused
C. Relieved
D. Bored",C,C,Yes
deepseek,deepseek-r1-distill-llama-8b,15,9,"Story: Tom places a book in a cabinet while Maya watches. Later Tom leaves the room and Maya moves the book to a drawer.
Question: Does Tom know the book was moved?
A. Yes
B. No",B,B,Yes
deepseek,deepseek-r1-distill-llama-8b,15,10,"Story: Anna hides a ball in a basket. Ben watches. Anna leaves the room. Ben moves the ball to a box. Clara sees Ben move it.
Question: Where does Clara think Anna will look for the ball?
A. Box
B. Table
C. Basket
D. Shelf",C,A,No
deepseek,deepseek-r1-distill-llama-8b,15,11,"Story: Liam moves his friend's chair slightly before they sit down as a joke.
Question: What was Liam's likely intention?
A. To help his friend
B. To clean the room
C. To move furniture permanently
D. To make his friend laugh",D,D,Yes
deepseek,deepseek-r1-distill-llama-8b,15,12,"Story: Emma puts a pen in a drawer and then goes outside to talk on the phone. While she is gone, Noah moves the pen to a box.
Question: Where will Emma look for the pen first?
A. Box
B. Table
C. Drawer
D. Bag",C,C,Yes
deepseek,deepseek-r1-distill-llama-8b,15,13,"Story: Jake thinks his friend ignored his message, but actually the friend never received it.
Question: How might Jake feel?
A. Happy
B. Relaxed
C. Hurt
D. Proud",C,C,Yes
deepseek,deepseek-r1-distill-llama-8b,15,14,"Story: A toy is behind a couch. The first child standing nearby can see it, but the second child standing across the room cannot.
Question: What does the second child believe?
A. The toy is visible
B. The toy is missing
C. The toy is broken
D. The toy is behind the couch",B,D,No
deepseek,deepseek-r1-distill-llama-8b,15,15,"Story: Ava hides a ring in a bag. Later someone moves the ring to a drawer while Ava is outside.
Question: Where does Ava think the ring is?
A. Drawer
B. Shelf
C. Table
D. Bag",D,A,No
deepseek,deepseek-r1-distill-llama-8b,15,16,"Story: Daniel studies very hard for a test and believes he will do well.
Question: How does Daniel most likely feel before taking the test?
A. Angry
B. Bored
C. Nervous but hopeful
D. Confused",C,C,Yes
deepseek,deepseek-r1-distill-llama-8b,15,17,"Story: A child tells their friend the candy is in the kitchen even though it is actually in their pocket.
Question: What is the child trying to do?
A. Share the candy
B. Lose the candy
C. Clean the kitchen
D. Hide the candy",D,D,Yes
deepseek,deepseek-r1-distill-llama-8b,15,18,"Story: Mia hides a toy in a drawer while Liam is watching. Later Liam leaves the room and Mia moves the toy to a box.
Question: Who knows the toy is in the box?
A. Liam only
B. Both Mia and Liam
C. Mia only
D. Neither",C,C,Yes
deepseek,deepseek-r1-distill-llama-8b,15,19,"Story: Noah puts a coin in a jar. Emma watches. Noah leaves. Emma moves the coin to a drawer. Liam sees Emma move it.
Question: Where does Liam think Noah will look for the coin?
A. Drawer
B. Table
C. Shelf
D. Jar",D,A,No
deepseek,deepseek-r1-distill-llama-8b,15,20,"Story: Ella believes her favorite mug is broken. Later she discovers it is actually fine.
Question: How will Ella most likely feel when she finds out?
A. Angry
B. Bored
C. Confused
D. Relieved",D,D,Yes
deepseek,deepseek-r1-distill-llama-8b,16,1,"Story: Sam puts his watch in a drawer and leaves the room. While he is gone, Alex moves the watch to a box.
Question: Where will Sam look for the watch first?
A. Box
B. Table
C. Drawer
D. Shelf",C,C,Yes
deepseek,deepseek-r1-distill-llama-8b,16,2,"Story: Nina thinks her cat ran away, but the cat is actually sleeping under the bed.
Question: How does Nina most likely feel before she checks under the bed?
A. Relieved
B. Proud
C. Excited
D. Worried",D,D,Yes
deepseek,deepseek-r1-distill-llama-8b,16,3,"Story: Leo hides a coin in a cup. Emma is watching. Later Leo leaves the room and Emma moves the coin to a drawer.
Question: Who knows the coin was moved?
A. Leo only
B. Both Leo and Emma
C. Neither of them
D. Emma only",D,D,Yes
deepseek,deepseek-r1-distill-llama-8b,16,4,"Story: You can see a dog behind a tree. Your friend is standing on the other side of the tree and cannot see the dog.
Question: What does your friend think is behind the tree?
A. A dog
B. A cat
C. A ball
D. Nothing",D,D,Yes
deepseek,deepseek-r1-distill-llama-8b,16,5,"Story: Olivia hides a cookie in a jar. Jack watches. Olivia leaves the room. Jack moves the cookie to a cupboard.
Question: Where is the cookie really?
A. Jar
B. Table
C. Plate
D. Cupboard",D,D,Yes
deepseek,deepseek-r1-distill-llama-8b,16,6,"Story: A child hides a toy in a drawer. Another child asks where it is. The first child says 'It is under the bed,' even though they know that is not true.
Question: Why did the child say this?
A. Because they forgot
B. Because they believe it is under the bed
C. To confuse the other child
D. Because they dislike toys",C,C,Yes
deepseek,deepseek-r1-distill-llama-8b,16,7,"Story: Mark puts his keys in his backpack. Later someone moves the keys to a desk while Mark is outside.
Question: Where will Mark look for the keys first?
A. Desk
B. Pocket
C. Drawer
D. Backpack",D,D,Yes
deepseek,deepseek-r1-distill-llama-8b,16,8,"Story: Sara thinks her lost phone is gone forever. Then she finds it in her jacket pocket.
Question: How will Sara most likely feel when she finds it?
A. Angry
B. Confused
C. Relieved
D. Bored",C,C,Yes
deepseek,deepseek-r1-distill-llama-8b,16,9,"Story: Tom places a book in a cabinet while Maya watches. Later Tom leaves the room and Maya moves the book to a drawer.
Question: Does Tom know the book was moved?
A. Yes
B. No",B,B,Yes
deepseek,deepseek-r1-distill-llama-8b,16,10,"Story: Anna hides a ball in a basket. Ben watches. Anna leaves the room. Ben moves the ball to a box. Clara sees Ben move it.
Question: Where does Clara think Anna will look for the ball?
A. Box
B. Table
C. Basket
D. Shelf",C,C,Yes
deepseek,deepseek-r1-distill-llama-8b,16,11,"Story: Liam moves his friend's chair slightly before they sit down as a joke.
Question: What was Liam's likely intention?
A. To help his friend
B. To clean the room
C. To move furniture permanently
D. To make his friend laugh",D,D,Yes
deepseek,deepseek-r1-distill-llama-8b,16,12,"Story: Emma puts a pen in a drawer and then goes outside to talk on the phone. While she is gone, Noah moves the pen to a box.
Question: Where will Emma look for the pen first?
A. Box
B. Table
C. Drawer
D. Bag",C,C,Yes
deepseek,deepseek-r1-distill-llama-8b,16,13,"Story: Jake thinks his friend ignored his message, but actually the friend never received it.
Question: How might Jake feel?
A. Happy
B. Relaxed
C. Hurt
D. Proud",C,C,Yes
deepseek,deepseek-r1-distill-llama-8b,16,14,"Story: A toy is behind a couch. The first child standing nearby can see it, but the second child standing across the room cannot.
Question: What does the second child believe?
A. The toy is visible
B. The toy is missing
C. The toy is broken
D. The toy is behind the couch",B,B,Yes
deepseek,deepseek-r1-distill-llama-8b,16,15,"Story: Ava hides a ring in a bag. Later someone moves the ring to a drawer while Ava is outside.
Question: Where does Ava think the ring is?
A. Drawer
B. Shelf
C. Table
D. Bag",D,D,Yes
deepseek,deepseek-r1-distill-llama-8b,16,16,"Story: Daniel studies very hard for a test and believes he will do well.
Question: How does Daniel most likely feel before taking the test?
A. Angry
B. Bored
C. Nervous but hopeful
D. Confused",C,C,Yes
deepseek,deepseek-r1-distill-llama-8b,16,17,"Story: A child tells their friend the candy is in the kitchen even though it is actually in their pocket.
Question: What is the child trying to do?
A. Share the candy
B. Lose the candy
C. Clean the kitchen
D. Hide the candy",D,D,Yes
deepseek,deepseek-r1-distill-llama-8b,16,18,"Story: Mia hides a toy in a drawer while Liam is watching. Later Liam leaves the room and Mia moves the toy to a box.
Question: Who knows the toy is in the box?
A. Liam only
B. Both Mia and Liam
C. Mia only
D. Neither",C,C,Yes
deepseek,deepseek-r1-distill-llama-8b,16,19,"Story: Noah puts a coin in a jar. Emma watches. Noah leaves. Emma moves the coin to a drawer. Liam sees Emma move it.
Question: Where does Liam think Noah will look for the coin?
A. Drawer
B. Table
C. Shelf
D. Jar",D,A,No
deepseek,deepseek-r1-distill-llama-8b,16,20,"Story: Ella believes her favorite mug is broken. Later she discovers it is actually fine.
Question: How will Ella most likely feel when she finds out?
A. Angry
B. Bored
C. Confused
D. Relieved",D,D,Yes
deepseek,deepseek-r1-distill-llama-8b,17,1,"Story: Sam puts his watch in a drawer and leaves the room. While he is gone, Alex moves the watch to a box.
Question: Where will Sam look for the watch first?
A. Box
B. Table
C. Drawer
D. Shelf",C,C,Yes
deepseek,deepseek-r1-distill-llama-8b,17,2,"Story: Nina thinks her cat ran away, but the cat is actually sleeping under the bed.
Question: How does Nina most likely feel before she checks under the bed?
A. Relieved
B. Proud
C. Excited
D. Worried",D,D,Yes
deepseek,deepseek-r1-distill-llama-8b,17,3,"Story: Leo hides a coin in a cup. Emma is watching. Later Leo leaves the room and Emma moves the coin to a drawer.
Question: Who knows the coin was moved?
A. Leo only
B. Both Leo and Emma
C. Neither of them
D. Emma only",D,D,Yes
deepseek,deepseek-r1-distill-llama-8b,17,4,"Story: You can see a dog behind a tree. Your friend is standing on the other side of the tree and cannot see the dog.
Question: What does your friend think is behind the tree?
A. A dog
B. A cat
C. A ball
D. Nothing",D,D,Yes
deepseek,deepseek-r1-distill-llama-8b,17,5,"Story: Olivia hides a cookie in a jar. Jack watches. Olivia leaves the room. Jack moves the cookie to a cupboard.
Question: Where is the cookie really?
A. Jar
B. Table
C. Plate
D. Cupboard",D,D,Yes
deepseek,deepseek-r1-distill-llama-8b,17,6,"Story: A child hides a toy in a drawer. Another child asks where it is. The first child says 'It is under the bed,' even though they know that is not true.
Question: Why did the child say this?
A. Because they forgot
B. Because they believe it is under the bed
C. To confuse the other child
D. Because they dislike toys",C,C,Yes
deepseek,deepseek-r1-distill-llama-8b,17,7,"Story: Mark puts his keys in his backpack. Later someone moves the keys to a desk while Mark is outside.
Question: Where will Mark look for the keys first?
A. Desk
B. Pocket
C. Drawer
D. Backpack",D,D,Yes
deepseek,deepseek-r1-distill-llama-8b,17,8,"Story: Sara thinks her lost phone is gone forever. Then she finds it in her jacket pocket.
Question: How will Sara most likely feel when she finds it?
A. Angry
B. Confused
C. Relieved
D. Bored",C,C,Yes
deepseek,deepseek-r1-distill-llama-8b,17,9,"Story: Tom places a book in a cabinet while Maya watches. Later Tom leaves the room and Maya moves the book to a drawer.
Question: Does Tom know the book was moved?
A. Yes
B. No",B,B,Yes
deepseek,deepseek-r1-distill-llama-8b,17,10,"Story: Anna hides a ball in a basket. Ben watches. Anna leaves the room. Ben moves the ball to a box. Clara sees Ben move it.
Question: Where does Clara think Anna will look for the ball?
A. Box
B. Table
C. Basket
D. Shelf",C,C,Yes
deepseek,deepseek-r1-distill-llama-8b,17,11,"Story: Liam moves his friend's chair slightly before they sit down as a joke.
Question: What was Liam's likely intention?
A. To help his friend
B. To clean the room
C. To move furniture permanently
D. To make his friend laugh",D,D,Yes
deepseek,deepseek-r1-distill-llama-8b,17,12,"Story: Emma puts a pen in a drawer and then goes outside to talk on the phone. While she is gone, Noah moves the pen to a box.
Question: Where will Emma look for the pen first?
A. Box
B. Table
C. Drawer
D. Bag",C,C,Yes
deepseek,deepseek-r1-distill-llama-8b,17,13,"Story: Jake thinks his friend ignored his message, but actually the friend never received it.
Question: How might Jake feel?
A. Happy
B. Relaxed
C. Hurt
D. Proud",C,C,Yes
deepseek,deepseek-r1-distill-llama-8b,17,14,"Story: A toy is behind a couch. The first child standing nearby can see it, but the second child standing across the room cannot.
Question: What does the second child believe?
A. The toy is visible
B. The toy is missing
C. The toy is broken
D. The toy is behind the couch",B,B,Yes
deepseek,deepseek-r1-distill-llama-8b,17,15,"Story: Ava hides a ring in a bag. Later someone moves the ring to a drawer while Ava is outside.
Question: Where does Ava think the ring is?
A. Drawer
B. Shelf
C. Table
D. Bag",D,D,Yes
deepseek,deepseek-r1-distill-llama-8b,17,16,"Story: Daniel studies very hard for a test and believes he will do well.
Question: How does Daniel most likely feel before taking the test?
A. Angry
B. Bored
C. Nervous but hopeful
D. Confused",C,C,Yes
deepseek,deepseek-r1-distill-llama-8b,17,17,"Story: A child tells their friend the candy is in the kitchen even though it is actually in their pocket.
Question: What is the child trying to do?
A. Share the candy
B. Lose the candy
C. Clean the kitchen
D. Hide the candy",D,D,Yes
deepseek,deepseek-r1-distill-llama-8b,17,18,"Story: Mia hides a toy in a drawer while Liam is watching. Later Liam leaves the room and Mia moves the toy to a box.
Question: Who knows the toy is in the box?
A. Liam only
B. Both Mia and Liam
C. Mia only
D. Neither",C,C,Yes
deepseek,deepseek-r1-distill-llama-8b,17,19,"Story: Noah puts a coin in a jar. Emma watches. Noah leaves. Emma moves the coin to a drawer. Liam sees Emma move it.
Question: Where does Liam think Noah will look for the coin?
A. Drawer
B. Table
C. Shelf
D. Jar",D,A,No
deepseek,deepseek-r1-distill-llama-8b,17,20,"Story: Ella believes her favorite mug is broken. Later she discovers it is actually fine.
Question: How will Ella most likely feel when she finds out?
A. Angry
B. Bored
C. Confused
D. Relieved",D,D,Yes
deepseek,deepseek-r1-distill-llama-8b,18,1,"Story: Sam puts his watch in a drawer and leaves the room. While he is gone, Alex moves the watch to a box.
Question: Where will Sam look for the watch first?
A. Box
B. Table
C. Drawer
D. Shelf",C,C,Yes
deepseek,deepseek-r1-distill-llama-8b,18,2,"Story: Nina thinks her cat ran away, but the cat is actually sleeping under the bed.
Question: How does Nina most likely feel before she checks under the bed?
A. Relieved
B. Proud
C. Excited
D. Worried",D,D,Yes
deepseek,deepseek-r1-distill-llama-8b,18,3,"Story: Leo hides a coin in a cup. Emma is watching. Later Leo leaves the room and Emma moves the coin to a drawer.
Question: Who knows the coin was moved?
A. Leo only
B. Both Leo and Emma
C. Neither of them
D. Emma only",D,D,Yes
deepseek,deepseek-r1-distill-llama-8b,18,4,"Story: You can see a dog behind a tree. Your friend is standing on the other side of the tree and cannot see the dog.
Question: What does your friend think is behind the tree?
A. A dog
B. A cat
C. A ball
D. Nothing",D,A,No
deepseek,deepseek-r1-distill-llama-8b,18,5,"Story: Olivia hides a cookie in a jar. Jack watches. Olivia leaves the room. Jack moves the cookie to a cupboard.
Question: Where is the cookie really?
A. Jar
B. Table
C. Plate
D. Cupboard",D,D,Yes
deepseek,deepseek-r1-distill-llama-8b,18,6,"Story: A child hides a toy in a drawer. Another child asks where it is. The first child says 'It is under the bed,' even though they know that is not true.
Question: Why did the child say this?
A. Because they forgot
B. Because they believe it is under the bed
C. To confuse the other child
D. Because they dislike toys",C,C,Yes
deepseek,deepseek-r1-distill-llama-8b,18,7,"Story: Mark puts his keys in his backpack. Later someone moves the keys to a desk while Mark is outside.
Question: Where will Mark look for the keys first?
A. Desk
B. Pocket
C. Drawer
D. Backpack",D,A,No
deepseek,deepseek-r1-distill-llama-8b,18,8,"Story: Sara thinks her lost phone is gone forever. Then she finds it in her jacket pocket.
Question: How will Sara most likely feel when she finds it?
A. Angry
B. Confused
C. Relieved
D. Bored",C,C,Yes
deepseek,deepseek-r1-distill-llama-8b,18,9,"Story: Tom places a book in a cabinet while Maya watches. Later Tom leaves the room and Maya moves the book to a drawer.
Question: Does Tom know the book was moved?
A. Yes
B. No",B,B,Yes
deepseek,deepseek-r1-distill-llama-8b,18,10,"Story: Anna hides a ball in a basket. Ben watches. Anna leaves the room. Ben moves the ball to a box. Clara sees Ben move it.
Question: Where does Clara think Anna will look for the ball?
A. Box
B. Table
C. Basket
D. Shelf",C,C,Yes
deepseek,deepseek-r1-distill-llama-8b,18,11,"Story: Liam moves his friend's chair slightly before they sit down as a joke.
Question: What was Liam's likely intention?
A. To help his friend
B. To clean the room
C. To move furniture permanently
D. To make his friend laugh",D,D,Yes
deepseek,deepseek-r1-distill-llama-8b,18,12,"Story: Emma puts a pen in a drawer and then goes outside to talk on the phone. While she is gone, Noah moves the pen to a box.
Question: Where will Emma look for the pen first?
A. Box
B. Table
C. Drawer
D. Bag",C,C,Yes
deepseek,deepseek-r1-distill-llama-8b,18,13,"Story: Jake thinks his friend ignored his message, but actually the friend never received it.
Question: How might Jake feel?
A. Happy
B. Relaxed
C. Hurt
D. Proud",C,C,Yes
deepseek,deepseek-r1-distill-llama-8b,18,14,"Story: A toy is behind a couch. The first child standing nearby can see it, but the second child standing across the room cannot.
Question: What does the second child believe?
A. The toy is visible
B. The toy is missing
C. The toy is broken
D. The toy is behind the couch",B,D,No
deepseek,deepseek-r1-distill-llama-8b,18,15,"Story: Ava hides a ring in a bag. Later someone moves the ring to a drawer while Ava is outside.
Question: Where does Ava think the ring is?
A. Drawer
B. Shelf
C. Table
D. Bag",D,D,Yes
deepseek,deepseek-r1-distill-llama-8b,18,16,"Story: Daniel studies very hard for a test and believes he will do well.
Question: How does Daniel most likely feel before taking the test?
A. Angry
B. Bored
C. Nervous but hopeful
D. Confused",C,C,Yes
deepseek,deepseek-r1-distill-llama-8b,18,17,"Story: A child tells their friend the candy is in the kitchen even though it is actually in their pocket.
Question: What is the child trying to do?
A. Share the candy
B. Lose the candy
C. Clean the kitchen
D. Hide the candy",D,D,Yes
deepseek,deepseek-r1-distill-llama-8b,18,18,"Story: Mia hides a toy in a drawer while Liam is watching. Later Liam leaves the room and Mia moves the toy to a box.
Question: Who knows the toy is in the box?
A. Liam only
B. Both Mia and Liam
C. Mia only
D. Neither",C,C,Yes
deepseek,deepseek-r1-distill-llama-8b,18,19,"Story: Noah puts a coin in a jar. Emma watches. Noah leaves. Emma moves the coin to a drawer. Liam sees Emma move it.
Question: Where does Liam think Noah will look for the coin?
A. Drawer
B. Table
C. Shelf
D. Jar",D,D,Yes
deepseek,deepseek-r1-distill-llama-8b,18,20,"Story: Ella believes her favorite mug is broken. Later she discovers it is actually fine.
Question: How will Ella most likely feel when she finds out?
A. Angry
B. Bored
C. Confused
D. Relieved",D,D,Yes
deepseek,deepseek-r1-distill-llama-8b,19,1,"Story: Sam puts his watch in a drawer and leaves the room. While he is gone, Alex moves the watch to a box.
Question: Where will Sam look for the watch first?
A. Box
B. Table
C. Drawer
D. Shelf",C,C,Yes
deepseek,deepseek-r1-distill-llama-8b,19,2,"Story: Nina thinks her cat ran away, but the cat is actually sleeping under the bed.
Question: How does Nina most likely feel before she checks under the bed?
A. Relieved
B. Proud
C. Excited
D. Worried",D,D,Yes
deepseek,deepseek-r1-distill-llama-8b,19,3,"Story: Leo hides a coin in a cup. Emma is watching. Later Leo leaves the room and Emma moves the coin to a drawer.
Question: Who knows the coin was moved?
A. Leo only
B. Both Leo and Emma
C. Neither of them
D. Emma only",D,D,Yes
deepseek,deepseek-r1-distill-llama-8b,19,4,"Story: You can see a dog behind a tree. Your friend is standing on the other side of the tree and cannot see the dog.
Question: What does your friend think is behind the tree?
A. A dog
B. A cat
C. A ball
D. Nothing",D,D,Yes
deepseek,deepseek-r1-distill-llama-8b,19,5,"Story: Olivia hides a cookie in a jar. Jack watches. Olivia leaves the room. Jack moves the cookie to a cupboard.
Question: Where is the cookie really?
A. Jar
B. Table
C. Plate
D. Cupboard",D,D,Yes
deepseek,deepseek-r1-distill-llama-8b,19,6,"Story: A child hides a toy in a drawer. Another child asks where it is. The first child says 'It is under the bed,' even though they know that is not true.
Question: Why did the child say this?
A. Because they forgot
B. Because they believe it is under the bed
C. To confuse the other child
D. Because they dislike toys",C,C,Yes
deepseek,deepseek-r1-distill-llama-8b,19,7,"Story: Mark puts his keys in his backpack. Later someone moves the keys to a desk while Mark is outside.
Question: Where will Mark look for the keys first?
A. Desk
B. Pocket
C. Drawer
D. Backpack",D,D,Yes
deepseek,deepseek-r1-distill-llama-8b,19,8,"Story: Sara thinks her lost phone is gone forever. Then she finds it in her jacket pocket.
Question: How will Sara most likely feel when she finds it?
A. Angry
B. Confused
C. Relieved
D. Bored",C,C,Yes
deepseek,deepseek-r1-distill-llama-8b,19,9,"Story: Tom places a book in a cabinet while Maya watches. Later Tom leaves the room and Maya moves the book to a drawer.
Question: Does Tom know the book was moved?
A. Yes
B. No",B,B,Yes
deepseek,deepseek-r1-distill-llama-8b,19,10,"Story: Anna hides a ball in a basket. Ben watches. Anna leaves the room. Ben moves the ball to a box. Clara sees Ben move it.
Question: Where does Clara think Anna will look for the ball?
A. Box
B. Table
C. Basket
D. Shelf",C,C,Yes
deepseek,deepseek-r1-distill-llama-8b,19,11,"Story: Liam moves his friend's chair slightly before they sit down as a joke.
Question: What was Liam's likely intention?
A. To help his friend
B. To clean the room
C. To move furniture permanently
D. To make his friend laugh",D,D,Yes
deepseek,deepseek-r1-distill-llama-8b,19,12,"Story: Emma puts a pen in a drawer and then goes outside to talk on the phone. While she is gone, Noah moves the pen to a box.
Question: Where will Emma look for the pen first?
A. Box
B. Table
C. Drawer
D. Bag",C,C,Yes
deepseek,deepseek-r1-distill-llama-8b,19,13,"Story: Jake thinks his friend ignored his message, but actually the friend never received it.
Question: How might Jake feel?
A. Happy
B. Relaxed
C. Hurt
D. Proud",C,C,Yes
deepseek,deepseek-r1-distill-llama-8b,19,14,"Story: A toy is behind a couch. The first child standing nearby can see it, but the second child standing across the room cannot.
Question: What does the second child believe?
A. The toy is visible
B. The toy is missing
C. The toy is broken
D. The toy is behind the couch",B,D,No
deepseek,deepseek-r1-distill-llama-8b,19,15,"Story: Ava hides a ring in a bag. Later someone moves the ring to a drawer while Ava is outside.
Question: Where does Ava think the ring is?
A. Drawer
B. Shelf
C. Table
D. Bag",D,A,No
deepseek,deepseek-r1-distill-llama-8b,19,16,"Story: Daniel studies very hard for a test and believes he will do well.
Question: How does Daniel most likely feel before taking the test?
A. Angry
B. Bored
C. Nervous but hopeful
D. Confused",C,C,Yes
deepseek,deepseek-r1-distill-llama-8b,19,17,"Story: A child tells their friend the candy is in the kitchen even though it is actually in their pocket.
Question: What is the child trying to do?
A. Share the candy
B. Lose the candy
C. Clean the kitchen
D. Hide the candy",D,D,Yes
deepseek,deepseek-r1-distill-llama-8b,19,18,"Story: Mia hides a toy in a drawer while Liam is watching. Later Liam leaves the room and Mia moves the toy to a box.
Question: Who knows the toy is in the box?
A. Liam only
B. Both Mia and Liam
C. Mia only
D. Neither",C,C,Yes
deepseek,deepseek-r1-distill-llama-8b,19,19,"Story: Noah puts a coin in a jar. Emma watches. Noah leaves. Emma moves the coin to a drawer. Liam sees Emma move it.
Question: Where does Liam think Noah will look for the coin?
A. Drawer
B. Table
C. Shelf
D. Jar",D,A,No
deepseek,deepseek-r1-distill-llama-8b,19,20,"Story: Ella believes her favorite mug is broken. Later she discovers it is actually fine.
Question: How will Ella most likely feel when she finds out?
A. Angry
B. Bored
C. Confused
D. Relieved",D,D,Yes
deepseek,deepseek-r1-distill-llama-8b,20,1,"Story: Sam puts his watch in a drawer and leaves the room. While he is gone, Alex moves the watch to a box.
Question: Where will Sam look for the watch first?
A. Box
B. Table
C. Drawer
D. Shelf",C,C,Yes
deepseek,deepseek-r1-distill-llama-8b,20,2,"Story: Nina thinks her cat ran away, but the cat is actually sleeping under the bed.
Question: How does Nina most likely feel before she checks under the bed?
A. Relieved
B. Proud
C. Excited
D. Worried",D,D,Yes
deepseek,deepseek-r1-distill-llama-8b,20,3,"Story: Leo hides a coin in a cup. Emma is watching. Later Leo leaves the room and Emma moves the coin to a drawer.
Question: Who knows the coin was moved?
A. Leo only
B. Both Leo and Emma
C. Neither of them
D. Emma only",D,D,Yes
deepseek,deepseek-r1-distill-llama-8b,20,4,"Story: You can see a dog behind a tree. Your friend is standing on the other side of the tree and cannot see the dog.
Question: What does your friend think is behind the tree?
A. A dog
B. A cat
C. A ball
D. Nothing",D,D,Yes
deepseek,deepseek-r1-distill-llama-8b,20,5,"Story: Olivia hides a cookie in a jar. Jack watches. Olivia leaves the room. Jack moves the cookie to a cupboard.
Question: Where is the cookie really?
A. Jar
B. Table
C. Plate
D. Cupboard",D,D,Yes
deepseek,deepseek-r1-distill-llama-8b,20,6,"Story: A child hides a toy in a drawer. Another child asks where it is. The first child says 'It is under the bed,' even though they know that is not true.
Question: Why did the child say this?
A. Because they forgot
B. Because they believe it is under the bed
C. To confuse the other child
D. Because they dislike toys",C,C,Yes
deepseek,deepseek-r1-distill-llama-8b,20,7,"Story: Mark puts his keys in his backpack. Later someone moves the keys to a desk while Mark is outside.
Question: Where will Mark look for the keys first?
A. Desk
B. Pocket
C. Drawer
D. Backpack",D,D,Yes
deepseek,deepseek-r1-distill-llama-8b,20,8,"Story: Sara thinks her lost phone is gone forever. Then she finds it in her jacket pocket.
Question: How will Sara most likely feel when she finds it?
A. Angry
B. Confused
C. Relieved
D. Bored",C,C,Yes
deepseek,deepseek-r1-distill-llama-8b,20,9,"Story: Tom places a book in a cabinet while Maya watches. Later Tom leaves the room and Maya moves the book to a drawer.
Question: Does Tom know the book was moved?
A. Yes
B. No",B,B,Yes
deepseek,deepseek-r1-distill-llama-8b,20,10,"Story: Anna hides a ball in a basket. Ben watches. Anna leaves the room. Ben moves the ball to a box. Clara sees Ben move it.
Question: Where does Clara think Anna will look for the ball?
A. Box
B. Table
C. Basket
D. Shelf",C,A,No
deepseek,deepseek-r1-distill-llama-8b,20,11,"Story: Liam moves his friend's chair slightly before they sit down as a joke.
Question: What was Liam's likely intention?
A. To help his friend
B. To clean the room
C. To move furniture permanently
D. To make his friend laugh",D,D,Yes
deepseek,deepseek-r1-distill-llama-8b,20,12,"Story: Emma puts a pen in a drawer and then goes outside to talk on the phone. While she is gone, Noah moves the pen to a box.
Question: Where will Emma look for the pen first?
A. Box
B. Table
C. Drawer
D. Bag",C,C,Yes
deepseek,deepseek-r1-distill-llama-8b,20,13,"Story: Jake thinks his friend ignored his message, but actually the friend never received it.
Question: How might Jake feel?
A. Happy
B. Relaxed
C. Hurt
D. Proud",C,C,Yes
deepseek,deepseek-r1-distill-llama-8b,20,14,"Story: A toy is behind a couch. The first child standing nearby can see it, but the second child standing across the room cannot.
Question: What does the second child believe?
A. The toy is visible
B. The toy is missing
C. The toy is broken
D. The toy is behind the couch",B,D,No
deepseek,deepseek-r1-distill-llama-8b,20,15,"Story: Ava hides a ring in a bag. Later someone moves the ring to a drawer while Ava is outside.
Question: Where does Ava think the ring is?
A. Drawer
B. Shelf
C. Table
D. Bag",D,D,Yes
deepseek,deepseek-r1-distill-llama-8b,20,16,"Story: Daniel studies very hard for a test and believes he will do well.
Question: How does Daniel most likely feel before taking the test?
A. Angry
B. Bored
C. Nervous but hopeful
D. Confused",C,C,Yes
deepseek,deepseek-r1-distill-llama-8b,20,17,"Story: A child tells their friend the candy is in the kitchen even though it is actually in their pocket.
Question: What is the child trying to do?
A. Share the candy
B. Lose the candy
C. Clean the kitchen
D. Hide the candy",D,D,Yes
deepseek,deepseek-r1-distill-llama-8b,20,18,"Story: Mia hides a toy in a drawer while Liam is watching. Later Liam leaves the room and Mia moves the toy to a box.
Question: Who knows the toy is in the box?
A. Liam only
B. Both Mia and Liam
C. Mia only
D. Neither",C,C,Yes
deepseek,deepseek-r1-distill-llama-8b,20,19,"Story: Noah puts a coin in a jar. Emma watches. Noah leaves. Emma moves the coin to a drawer. Liam sees Emma move it.
Question: Where does Liam think Noah will look for the coin?
A. Drawer
B. Table
C. Shelf
D. Jar",D,D,Yes
deepseek,deepseek-r1-distill-llama-8b,20,20,"Story: Ella believes her favorite mug is broken. Later she discovers it is actually fine.
Question: How will Ella most likely feel when she finds out?
A. Angry
B. Bored
C. Confused
D. Relieved",D,D,Yes
deepseek,deepseek-r1-mourse-14b-instruct-v0.2,1,1,"Story: Sam puts his watch in a drawer and leaves the room. While he is gone, Alex moves the watch to a box.
Question: Where will Sam look for the watch first?
A. Box
B. Table
C. Drawer
D. Shelf",C,C,Yes
deepseek,deepseek-r1-mourse-14b-instruct-v0.2,1,2,"Story: Nina thinks her cat ran away, but the cat is actually sleeping under the bed.
Question: How does Nina most likely feel before she checks under the bed?
A. Relieved
B. Proud
C. Excited
D. Worried",D,D,Yes
deepseek,deepseek-r1-mourse-14b-instruct-v0.2,1,3,"Story: Leo hides a coin in a cup. Emma is watching. Later Leo leaves the room and Emma moves the coin to a drawer.
Question: Who knows the coin was moved?
A. Leo only
B. Both Leo and Emma
C. Neither of them
D. Emma only",D,D,Yes
deepseek,deepseek-r1-mourse-14b-instruct-v0.2,1,4,"Story: You can see a dog behind a tree. Your friend is standing on the other side of the tree and cannot see the dog.
Question: What does your friend think is behind the tree?
A. A dog
B. A cat
C. A ball
D. Nothing",D,D,Yes
deepseek,deepseek-r1-mourse-14b-instruct-v0.2,1,5,"Story: Olivia hides a cookie in a jar. Jack watches. Olivia leaves the room. Jack moves the cookie to a cupboard.
Question: Where is the cookie really?
A. Jar
B. Table
C. Plate
D. Cupboard",D,D,Yes
deepseek,deepseek-r1-mourse-14b-instruct-v0.2,1,6,"Story: A child hides a toy in a drawer. Another child asks where it is. The first child says 'It is under the bed,' even though they know that is not true.
Question: Why did the child say this?
A. Because they forgot
B. Because they believe it is under the bed
C. To confuse the other child
D. Because they dislike toys",C,C,Yes
deepseek,deepseek-r1-mourse-14b-instruct-v0.2,1,7,"Story: Mark puts his keys in his backpack. Later someone moves the keys to a desk while Mark is outside.
Question: Where will Mark look for the keys first?
A. Desk
B. Pocket
C. Drawer
D. Backpack",D,D,Yes
deepseek,deepseek-r1-mourse-14b-instruct-v0.2,1,8,"Story: Sara thinks her lost phone is gone forever. Then she finds it in her jacket pocket.
Question: How will Sara most likely feel when she finds it?
A. Angry
B. Confused
C. Relieved
D. Bored",C,C,Yes
deepseek,deepseek-r1-mourse-14b-instruct-v0.2,1,9,"Story: Tom places a book in a cabinet while Maya watches. Later Tom leaves the room and Maya moves the book to a drawer.
Question: Does Tom know the book was moved?
A. Yes
B. No",B,B,Yes
deepseek,deepseek-r1-mourse-14b-instruct-v0.2,1,10,"Story: Anna hides a ball in a basket. Ben watches. Anna leaves the room. Ben moves the ball to a box. Clara sees Ben move it.
Question: Where does Clara think Anna will look for the ball?
A. Box
B. Table
C. Basket
D. Shelf",C,A,No
deepseek,deepseek-r1-mourse-14b-instruct-v0.2,1,11,"Story: Liam moves his friend's chair slightly before they sit down as a joke.
Question: What was Liam's likely intention?
A. To help his friend
B. To clean the room
C. To move furniture permanently
D. To make his friend laugh",D,A,No
deepseek,deepseek-r1-mourse-14b-instruct-v0.2,1,12,"Story: Emma puts a pen in a drawer and then goes outside to talk on the phone. While she is gone, Noah moves the pen to a box.
Question: Where will Emma look for the pen first?
A. Box
B. Table
C. Drawer
D. Bag",C,C,Yes
deepseek,deepseek-r1-mourse-14b-instruct-v0.2,1,13,"Story: Jake thinks his friend ignored his message, but actually the friend never received it.
Question: How might Jake feel?
A. Happy
B. Relaxed
C. Hurt
D. Proud",C,C,Yes
deepseek,deepseek-r1-mourse-14b-instruct-v0.2,1,14,"Story: A toy is behind a couch. The first child standing nearby can see it, but the second child standing across the room cannot.
Question: What does the second child believe?
A. The toy is visible
B. The toy is missing
C. The toy is broken
D. The toy is behind the couch",B,D,No
deepseek,deepseek-r1-mourse-14b-instruct-v0.2,1,15,"Story: Ava hides a ring in a bag. Later someone moves the ring to a drawer while Ava is outside.
Question: Where does Ava think the ring is?
A. Drawer
B. Shelf
C. Table
D. Bag",D,D,Yes
deepseek,deepseek-r1-mourse-14b-instruct-v0.2,1,16,"Story: Daniel studies very hard for a test and believes he will do well.
Question: How does Daniel most likely feel before taking the test?
A. Angry
B. Bored
C. Nervous but hopeful
D. Confused",C,C,Yes
deepseek,deepseek-r1-mourse-14b-instruct-v0.2,1,17,"Story: A child tells their friend the candy is in the kitchen even though it is actually in their pocket.
Question: What is the child trying to do?
A. Share the candy
B. Lose the candy
C. Clean the kitchen
D. Hide the candy",D,D,Yes
deepseek,deepseek-r1-mourse-14b-instruct-v0.2,1,18,"Story: Mia hides a toy in a drawer while Liam is watching. Later Liam leaves the room and Mia moves the toy to a box.
Question: Who knows the toy is in the box?
A. Liam only
B. Both Mia and Liam
C. Mia only
D. Neither",C,C,Yes
deepseek,deepseek-r1-mourse-14b-instruct-v0.2,1,19,"Story: Noah puts a coin in a jar. Emma watches. Noah leaves. Emma moves the coin to a drawer. Liam sees Emma move it.
Question: Where does Liam think Noah will look for the coin?
A. Drawer
B. Table
C. Shelf
D. Jar",D,D,Yes
deepseek,deepseek-r1-mourse-14b-instruct-v0.2,1,20,"Story: Ella believes her favorite mug is broken. Later she discovers it is actually fine.
Question: How will Ella most likely feel when she finds out?
A. Angry
B. Bored
C. Confused
D. Relieved",D,D,Yes
deepseek,deepseek-r1-mourse-14b-instruct-v0.2,2,1,"Story: Sam puts his watch in a drawer and leaves the room. While he is gone, Alex moves the watch to a box.
Question: Where will Sam look for the watch first?
A. Box
B. Table
C. Drawer
D. Shelf",C,C,Yes
deepseek,deepseek-r1-mourse-14b-instruct-v0.2,2,2,"Story: Nina thinks her cat ran away, but the cat is actually sleeping under the bed.
Question: How does Nina most likely feel before she checks under the bed?
A. Relieved
B. Proud
C. Excited
D. Worried",D,D,Yes
deepseek,deepseek-r1-mourse-14b-instruct-v0.2,2,3,"Story: Leo hides a coin in a cup. Emma is watching. Later Leo leaves the room and Emma moves the coin to a drawer.
Question: Who knows the coin was moved?
A. Leo only
B. Both Leo and Emma
C. Neither of them
D. Emma only",D,D,Yes
deepseek,deepseek-r1-mourse-14b-instruct-v0.2,2,4,"Story: You can see a dog behind a tree. Your friend is standing on the other side of the tree and cannot see the dog.
Question: What does your friend think is behind the tree?
A. A dog
B. A cat
C. A ball
D. Nothing",D,D,Yes
deepseek,deepseek-r1-mourse-14b-instruct-v0.2,2,5,"Story: Olivia hides a cookie in a jar. Jack watches. Olivia leaves the room. Jack moves the cookie to a cupboard.
Question: Where is the cookie really?
A. Jar
B. Table
C. Plate
D. Cupboard",D,D,Yes
deepseek,deepseek-r1-mourse-14b-instruct-v0.2,2,6,"Story: A child hides a toy in a drawer. Another child asks where it is. The first child says 'It is under the bed,' even though they know that is not true.
Question: Why did the child say this?
A. Because they forgot
B. Because they believe it is under the bed
C. To confuse the other child
D. Because they dislike toys",C,C,Yes
deepseek,deepseek-r1-mourse-14b-instruct-v0.2,2,7,"Story: Mark puts his keys in his backpack. Later someone moves the keys to a desk while Mark is outside.
Question: Where will Mark look for the keys first?
A. Desk
B. Pocket
C. Drawer
D. Backpack",D,D,Yes
deepseek,deepseek-r1-mourse-14b-instruct-v0.2,2,8,"Story: Sara thinks her lost phone is gone forever. Then she finds it in her jacket pocket.
Question: How will Sara most likely feel when she finds it?
A. Angry
B. Confused
C. Relieved
D. Bored",C,C,Yes
deepseek,deepseek-r1-mourse-14b-instruct-v0.2,2,9,"Story: Tom places a book in a cabinet while Maya watches. Later Tom leaves the room and Maya moves the book to a drawer.
Question: Does Tom know the book was moved?
A. Yes
B. No",B,B,Yes
deepseek,deepseek-r1-mourse-14b-instruct-v0.2,2,10,"Story: Anna hides a ball in a basket. Ben watches. Anna leaves the room. Ben moves the ball to a box. Clara sees Ben move it.
Question: Where does Clara think Anna will look for the ball?
A. Box
B. Table
C. Basket
D. Shelf",C,C,Yes
deepseek,deepseek-r1-mourse-14b-instruct-v0.2,2,11,"Story: Liam moves his friend's chair slightly before they sit down as a joke.
Question: What was Liam's likely intention?
A. To help his friend
B. To clean the room
C. To move furniture permanently
D. To make his friend laugh",D,D,Yes
deepseek,deepseek-r1-mourse-14b-instruct-v0.2,2,12,"Story: Emma puts a pen in a drawer and then goes outside to talk on the phone. While she is gone, Noah moves the pen to a box.
Question: Where will Emma look for the pen first?
A. Box
B. Table
C. Drawer
D. Bag",C,C,Yes
deepseek,deepseek-r1-mourse-14b-instruct-v0.2,2,13,"Story: Jake thinks his friend ignored his message, but actually the friend never received it.
Question: How might Jake feel?
A. Happy
B. Relaxed
C. Hurt
D. Proud",C,C,Yes
deepseek,deepseek-r1-mourse-14b-instruct-v0.2,2,14,"Story: A toy is behind a couch. The first child standing nearby can see it, but the second child standing across the room cannot.
Question: What does the second child believe?
A. The toy is visible
B. The toy is missing
C. The toy is broken
D. The toy is behind the couch",B,D,No
deepseek,deepseek-r1-mourse-14b-instruct-v0.2,2,15,"Story: Ava hides a ring in a bag. Later someone moves the ring to a drawer while Ava is outside.
Question: Where does Ava think the ring is?
A. Drawer
B. Shelf
C. Table
D. Bag",D,D,Yes
deepseek,deepseek-r1-mourse-14b-instruct-v0.2,2,16,"Story: Daniel studies very hard for a test and believes he will do well.
Question: How does Daniel most likely feel before taking the test?
A. Angry
B. Bored
C. Nervous but hopeful
D. Confused",C,C,Yes
deepseek,deepseek-r1-mourse-14b-instruct-v0.2,2,17,"Story: A child tells their friend the candy is in the kitchen even though it is actually in their pocket.
Question: What is the child trying to do?
A. Share the candy
B. Lose the candy
C. Clean the kitchen
D. Hide the candy",D,B,No
deepseek,deepseek-r1-mourse-14b-instruct-v0.2,2,18,"Story: Mia hides a toy in a drawer while Liam is watching. Later Liam leaves the room and Mia moves the toy to a box.
Question: Who knows the toy is in the box?
A. Liam only
B. Both Mia and Liam
C. Mia only
D. Neither",C,C,Yes
deepseek,deepseek-r1-mourse-14b-instruct-v0.2,2,19,"Story: Noah puts a coin in a jar. Emma watches. Noah leaves. Emma moves the coin to a drawer. Liam sees Emma move it.
Question: Where does Liam think Noah will look for the coin?
A. Drawer
B. Table
C. Shelf
D. Jar",D,D,Yes
deepseek,deepseek-r1-mourse-14b-instruct-v0.2,2,20,"Story: Ella believes her favorite mug is broken. Later she discovers it is actually fine.
Question: How will Ella most likely feel when she finds out?
A. Angry
B. Bored
C. Confused
D. Relieved",D,D,Yes
deepseek,deepseek-r1-mourse-14b-instruct-v0.2,3,1,"Story: Sam puts his watch in a drawer and leaves the room. While he is gone, Alex moves the watch to a box.
Question: Where will Sam look for the watch first?
A. Box
B. Table
C. Drawer
D. Shelf",C,C,Yes
deepseek,deepseek-r1-mourse-14b-instruct-v0.2,3,2,"Story: Nina thinks her cat ran away, but the cat is actually sleeping under the bed.
Question: How does Nina most likely feel before she checks under the bed?
A. Relieved
B. Proud
C. Excited
D. Worried",D,D,Yes
deepseek,deepseek-r1-mourse-14b-instruct-v0.2,3,3,"Story: Leo hides a coin in a cup. Emma is watching. Later Leo leaves the room and Emma moves the coin to a drawer.
Question: Who knows the coin was moved?
A. Leo only
B. Both Leo and Emma
C. Neither of them
D. Emma only",D,D,Yes
deepseek,deepseek-r1-mourse-14b-instruct-v0.2,3,4,"Story: You can see a dog behind a tree. Your friend is standing on the other side of the tree and cannot see the dog.
Question: What does your friend think is behind the tree?
A. A dog
B. A cat
C. A ball
D. Nothing",D,D,Yes
deepseek,deepseek-r1-mourse-14b-instruct-v0.2,3,5,"Story: Olivia hides a cookie in a jar. Jack watches. Olivia leaves the room. Jack moves the cookie to a cupboard.
Question: Where is the cookie really?
A. Jar
B. Table
C. Plate
D. Cupboard",D,D,Yes
deepseek,deepseek-r1-mourse-14b-instruct-v0.2,3,6,"Story: A child hides a toy in a drawer. Another child asks where it is. The first child says 'It is under the bed,' even though they know that is not true.
Question: Why did the child say this?
A. Because they forgot
B. Because they believe it is under the bed
C. To confuse the other child
D. Because they dislike toys",C,C,Yes
deepseek,deepseek-r1-mourse-14b-instruct-v0.2,3,7,"Story: Mark puts his keys in his backpack. Later someone moves the keys to a desk while Mark is outside.
Question: Where will Mark look for the keys first?
A. Desk
B. Pocket
C. Drawer
D. Backpack",D,D,Yes
deepseek,deepseek-r1-mourse-14b-instruct-v0.2,3,8,"Story: Sara thinks her lost phone is gone forever. Then she finds it in her jacket pocket.
Question: How will Sara most likely feel when she finds it?
A. Angry
B. Confused
C. Relieved
D. Bored",C,C,Yes
deepseek,deepseek-r1-mourse-14b-instruct-v0.2,3,9,"Story: Tom places a book in a cabinet while Maya watches. Later Tom leaves the room and Maya moves the book to a drawer.
Question: Does Tom know the book was moved?
A. Yes
B. No",B,B,Yes
deepseek,deepseek-r1-mourse-14b-instruct-v0.2,3,10,"Story: Anna hides a ball in a basket. Ben watches. Anna leaves the room. Ben moves the ball to a box. Clara sees Ben move it.
Question: Where does Clara think Anna will look for the ball?
A. Box
B. Table
C. Basket
D. Shelf",C,C,Yes
deepseek,deepseek-r1-mourse-14b-instruct-v0.2,3,11,"Story: Liam moves his friend's chair slightly before they sit down as a joke.
Question: What was Liam's likely intention?
A. To help his friend
B. To clean the room
C. To move furniture permanently
D. To make his friend laugh",D,D,Yes
deepseek,deepseek-r1-mourse-14b-instruct-v0.2,3,12,"Story: Emma puts a pen in a drawer and then goes outside to talk on the phone. While she is gone, Noah moves the pen to a box.
Question: Where will Emma look for the pen first?
A. Box
B. Table
C. Drawer
D. Bag",C,C,Yes
deepseek,deepseek-r1-mourse-14b-instruct-v0.2,3,13,"Story: Jake thinks his friend ignored his message, but actually the friend never received it.
Question: How might Jake feel?
A. Happy
B. Relaxed
C. Hurt
D. Proud",C,C,Yes
deepseek,deepseek-r1-mourse-14b-instruct-v0.2,3,14,"Story: A toy is behind a couch. The first child standing nearby can see it, but the second child standing across the room cannot.
Question: What does the second child believe?
A. The toy is visible
B. The toy is missing
C. The toy is broken
D. The toy is behind the couch",B,A,No
deepseek,deepseek-r1-mourse-14b-instruct-v0.2,3,15,"Story: Ava hides a ring in a bag. Later someone moves the ring to a drawer while Ava is outside.
Question: Where does Ava think the ring is?
A. Drawer
B. Shelf
C. Table
D. Bag",D,D,Yes
deepseek,deepseek-r1-mourse-14b-instruct-v0.2,3,16,"Story: Daniel studies very hard for a test and believes he will do well.
Question: How does Daniel most likely feel before taking the test?
A. Angry
B. Bored
C. Nervous but hopeful
D. Confused",C,C,Yes
deepseek,deepseek-r1-mourse-14b-instruct-v0.2,3,17,"Story: A child tells their friend the candy is in the kitchen even though it is actually in their pocket.
Question: What is the child trying to do?
A. Share the candy
B. Lose the candy
C. Clean the kitchen
D. Hide the candy",D,D,Yes
deepseek,deepseek-r1-mourse-14b-instruct-v0.2,3,18,"Story: Mia hides a toy in a drawer while Liam is watching. Later Liam leaves the room and Mia moves the toy to a box.
Question: Who knows the toy is in the box?
A. Liam only
B. Both Mia and Liam
C. Mia only
D. Neither",C,C,Yes
deepseek,deepseek-r1-mourse-14b-instruct-v0.2,3,19,"Story: Noah puts a coin in a jar. Emma watches. Noah leaves. Emma moves the coin to a drawer. Liam sees Emma move it.
Question: Where does Liam think Noah will look for the coin?
A. Drawer
B. Table
C. Shelf
D. Jar",D,A,No
deepseek,deepseek-r1-mourse-14b-instruct-v0.2,3,20,"Story: Ella believes her favorite mug is broken. Later she discovers it is actually fine.
Question: How will Ella most likely feel when she finds out?
A. Angry
B. Bored
C. Confused
D. Relieved",D,D,Yes
deepseek,deepseek-r1-mourse-14b-instruct-v0.2,4,1,"Story: Sam puts his watch in a drawer and leaves the room. While he is gone, Alex moves the watch to a box.
Question: Where will Sam look for the watch first?
A. Box
B. Table
C. Drawer
D. Shelf",C,C,Yes
deepseek,deepseek-r1-mourse-14b-instruct-v0.2,4,2,"Story: Nina thinks her cat ran away, but the cat is actually sleeping under the bed.
Question: How does Nina most likely feel before she checks under the bed?
A. Relieved
B. Proud
C. Excited
D. Worried",D,D,Yes
deepseek,deepseek-r1-mourse-14b-instruct-v0.2,4,3,"Story: Leo hides a coin in a cup. Emma is watching. Later Leo leaves the room and Emma moves the coin to a drawer.
Question: Who knows the coin was moved?
A. Leo only
B. Both Leo and Emma
C. Neither of them
D. Emma only",D,D,Yes
deepseek,deepseek-r1-mourse-14b-instruct-v0.2,4,4,"Story: You can see a dog behind a tree. Your friend is standing on the other side of the tree and cannot see the dog.
Question: What does your friend think is behind the tree?
A. A dog
B. A cat
C. A ball
D. Nothing",D,A,No
deepseek,deepseek-r1-mourse-14b-instruct-v0.2,4,5,"Story: Olivia hides a cookie in a jar. Jack watches. Olivia leaves the room. Jack moves the cookie to a cupboard.
Question: Where is the cookie really?
A. Jar
B. Table
C. Plate
D. Cupboard",D,D,Yes
deepseek,deepseek-r1-mourse-14b-instruct-v0.2,4,6,"Story: A child hides a toy in a drawer. Another child asks where it is. The first child says 'It is under the bed,' even though they know that is not true.
Question: Why did the child say this?
A. Because they forgot
B. Because they believe it is under the bed
C. To confuse the other child
D. Because they dislike toys",C,C,Yes
deepseek,deepseek-r1-mourse-14b-instruct-v0.2,4,7,"Story: Mark puts his keys in his backpack. Later someone moves the keys to a desk while Mark is outside.
Question: Where will Mark look for the keys first?
A. Desk
B. Pocket
C. Drawer
D. Backpack",D,D,Yes
deepseek,deepseek-r1-mourse-14b-instruct-v0.2,4,8,"Story: Sara thinks her lost phone is gone forever. Then she finds it in her jacket pocket.
Question: How will Sara most likely feel when she finds it?
A. Angry
B. Confused
C. Relieved
D. Bored",C,C,Yes
deepseek,deepseek-r1-mourse-14b-instruct-v0.2,4,9,"Story: Tom places a book in a cabinet while Maya watches. Later Tom leaves the room and Maya moves the book to a drawer.
Question: Does Tom know the book was moved?
A. Yes
B. No",B,B,Yes
deepseek,deepseek-r1-mourse-14b-instruct-v0.2,4,10,"Story: Anna hides a ball in a basket. Ben watches. Anna leaves the room. Ben moves the ball to a box. Clara sees Ben move it.
Question: Where does Clara think Anna will look for the ball?
A. Box
B. Table
C. Basket
D. Shelf",C,C,Yes
deepseek,deepseek-r1-mourse-14b-instruct-v0.2,4,11,"Story: Liam moves his friend's chair slightly before they sit down as a joke.
Question: What was Liam's likely intention?
A. To help his friend
B. To clean the room
C. To move furniture permanently
D. To make his friend laugh",D,D,Yes
deepseek,deepseek-r1-mourse-14b-instruct-v0.2,4,12,"Story: Emma puts a pen in a drawer and then goes outside to talk on the phone. While she is gone, Noah moves the pen to a box.
Question: Where will Emma look for the pen first?
A. Box
B. Table
C. Drawer
D. Bag",C,C,Yes
deepseek,deepseek-r1-mourse-14b-instruct-v0.2,4,13,"Story: Jake thinks his friend ignored his message, but actually the friend never received it.
Question: How might Jake feel?
A. Happy
B. Relaxed
C. Hurt
D. Proud",C,C,Yes
deepseek,deepseek-r1-mourse-14b-instruct-v0.2,4,14,"Story: A toy is behind a couch. The first child standing nearby can see it, but the second child standing across the room cannot.
Question: What does the second child believe?
A. The toy is visible
B. The toy is missing
C. The toy is broken
D. The toy is behind the couch",B,D,No
deepseek,deepseek-r1-mourse-14b-instruct-v0.2,4,15,"Story: Ava hides a ring in a bag. Later someone moves the ring to a drawer while Ava is outside.
Question: Where does Ava think the ring is?
A. Drawer
B. Shelf
C. Table
D. Bag",D,D,Yes
deepseek,deepseek-r1-mourse-14b-instruct-v0.2,4,16,"Story: Daniel studies very hard for a test and believes he will do well.
Question: How does Daniel most likely feel before taking the test?
A. Angry
B. Bored
C. Nervous but hopeful
D. Confused",C,C,Yes
deepseek,deepseek-r1-mourse-14b-instruct-v0.2,4,17,"Story: A child tells their friend the candy is in the kitchen even though it is actually in their pocket.
Question: What is the child trying to do?
A. Share the candy
B. Lose the candy
C. Clean the kitchen
D. Hide the candy",D,A,No
deepseek,deepseek-r1-mourse-14b-instruct-v0.2,4,18,"Story: Mia hides a toy in a drawer while Liam is watching. Later Liam leaves the room and Mia moves the toy to a box.
Question: Who knows the toy is in the box?
A. Liam only
B. Both Mia and Liam
C. Mia only
D. Neither",C,C,Yes
deepseek,deepseek-r1-mourse-14b-instruct-v0.2,4,19,"Story: Noah puts a coin in a jar. Emma watches. Noah leaves. Emma moves the coin to a drawer. Liam sees Emma move it.
Question: Where does Liam think Noah will look for the coin?
A. Drawer
B. Table
C. Shelf
D. Jar",D,D,Yes
deepseek,deepseek-r1-mourse-14b-instruct-v0.2,4,20,"Story: Ella believes her favorite mug is broken. Later she discovers it is actually fine.
Question: How will Ella most likely feel when she finds out?
A. Angry
B. Bored
C. Confused
D. Relieved",D,D,Yes
deepseek,deepseek-r1-mourse-14b-instruct-v0.2,5,1,"Story: Sam puts his watch in a drawer and leaves the room. While he is gone, Alex moves the watch to a box.
Question: Where will Sam look for the watch first?
A. Box
B. Table
C. Drawer
D. Shelf",C,A,No
deepseek,deepseek-r1-mourse-14b-instruct-v0.2,5,2,"Story: Nina thinks her cat ran away, but the cat is actually sleeping under the bed.
Question: How does Nina most likely feel before she checks under the bed?
A. Relieved
B. Proud
C. Excited
D. Worried",D,D,Yes
deepseek,deepseek-r1-mourse-14b-instruct-v0.2,5,3,"Story: Leo hides a coin in a cup. Emma is watching. Later Leo leaves the room and Emma moves the coin to a drawer.
Question: Who knows the coin was moved?
A. Leo only
B. Both Leo and Emma
C. Neither of them
D. Emma only",D,D,Yes
deepseek,deepseek-r1-mourse-14b-instruct-v0.2,5,4,"Story: You can see a dog behind a tree. Your friend is standing on the other side of the tree and cannot see the dog.
Question: What does your friend think is behind the tree?
A. A dog
B. A cat
C. A ball
D. Nothing",D,D,Yes
deepseek,deepseek-r1-mourse-14b-instruct-v0.2,5,5,"Story: Olivia hides a cookie in a jar. Jack watches. Olivia leaves the room. Jack moves the cookie to a cupboard.
Question: Where is the cookie really?
A. Jar
B. Table
C. Plate
D. Cupboard",D,D,Yes
deepseek,deepseek-r1-mourse-14b-instruct-v0.2,5,6,"Story: A child hides a toy in a drawer. Another child asks where it is. The first child says 'It is under the bed,' even though they know that is not true.
Question: Why did the child say this?
A. Because they forgot
B. Because they believe it is under the bed
C. To confuse the other child
D. Because they dislike toys",C,C,Yes
deepseek,deepseek-r1-mourse-14b-instruct-v0.2,5,7,"Story: Mark puts his keys in his backpack. Later someone moves the keys to a desk while Mark is outside.
Question: Where will Mark look for the keys first?
A. Desk
B. Pocket
C. Drawer
D. Backpack",D,D,Yes
deepseek,deepseek-r1-mourse-14b-instruct-v0.2,5,8,"Story: Sara thinks her lost phone is gone forever. Then she finds it in her jacket pocket.
Question: How will Sara most likely feel when she finds it?
A. Angry
B. Confused
C. Relieved
D. Bored",C,C,Yes
deepseek,deepseek-r1-mourse-14b-instruct-v0.2,5,9,"Story: Tom places a book in a cabinet while Maya watches. Later Tom leaves the room and Maya moves the book to a drawer.
Question: Does Tom know the book was moved?
A. Yes
B. No",B,B,Yes
deepseek,deepseek-r1-mourse-14b-instruct-v0.2,5,10,"Story: Anna hides a ball in a basket. Ben watches. Anna leaves the room. Ben moves the ball to a box. Clara sees Ben move it.
Question: Where does Clara think Anna will look for the ball?
A. Box
B. Table
C. Basket
D. Shelf",C,C,Yes
deepseek,deepseek-r1-mourse-14b-instruct-v0.2,5,11,"Story: Liam moves his friend's chair slightly before they sit down as a joke.
Question: What was Liam's likely intention?
A. To help his friend
B. To clean the room
C. To move furniture permanently
D. To make his friend laugh",D,D,Yes
deepseek,deepseek-r1-mourse-14b-instruct-v0.2,5,12,"Story: Emma puts a pen in a drawer and then goes outside to talk on the phone. While she is gone, Noah moves the pen to a box.
Question: Where will Emma look for the pen first?
A. Box
B. Table
C. Drawer
D. Bag",C,C,Yes
deepseek,deepseek-r1-mourse-14b-instruct-v0.2,5,13,"Story: Jake thinks his friend ignored his message, but actually the friend never received it.
Question: How might Jake feel?
A. Happy
B. Relaxed
C. Hurt
D. Proud",C,C,Yes
deepseek,deepseek-r1-mourse-14b-instruct-v0.2,5,14,"Story: A toy is behind a couch. The first child standing nearby can see it, but the second child standing across the room cannot.
Question: What does the second child believe?
A. The toy is visible
B. The toy is missing
C. The toy is broken
D. The toy is behind the couch",B,B,Yes
deepseek,deepseek-r1-mourse-14b-instruct-v0.2,5,15,"Story: Ava hides a ring in a bag. Later someone moves the ring to a drawer while Ava is outside.
Question: Where does Ava think the ring is?
A. Drawer
B. Shelf
C. Table
D. Bag",D,D,Yes
deepseek,deepseek-r1-mourse-14b-instruct-v0.2,5,16,"Story: Daniel studies very hard for a test and believes he will do well.
Question: How does Daniel most likely feel before taking the test?
A. Angry
B. Bored
C. Nervous but hopeful
D. Confused",C,C,Yes
deepseek,deepseek-r1-mourse-14b-instruct-v0.2,5,17,"Story: A child tells their friend the candy is in the kitchen even though it is actually in their pocket.
Question: What is the child trying to do?
A. Share the candy
B. Lose the candy
C. Clean the kitchen
D. Hide the candy",D,D,Yes
deepseek,deepseek-r1-mourse-14b-instruct-v0.2,5,18,"Story: Mia hides a toy in a drawer while Liam is watching. Later Liam leaves the room and Mia moves the toy to a box.
Question: Who knows the toy is in the box?
A. Liam only
B. Both Mia and Liam
C. Mia only
D. Neither",C,C,Yes
deepseek,deepseek-r1-mourse-14b-instruct-v0.2,5,19,"Story: Noah puts a coin in a jar. Emma watches. Noah leaves. Emma moves the coin to a drawer. Liam sees Emma move it.
Question: Where does Liam think Noah will look for the coin?
A. Drawer
B. Table
C. Shelf
D. Jar",D,A,No
deepseek,deepseek-r1-mourse-14b-instruct-v0.2,5,20,"Story: Ella believes her favorite mug is broken. Later she discovers it is actually fine.
Question: How will Ella most likely feel when she finds out?
A. Angry
B. Bored
C. Confused
D. Relieved",D,D,Yes
deepseek,deepseek-r1-mourse-14b-instruct-v0.2,6,1,"Story: Sam puts his watch in a drawer and leaves the room. While he is gone, Alex moves the watch to a box.
Question: Where will Sam look for the watch first?
A. Box
B. Table
C. Drawer
D. Shelf",C,C,Yes
deepseek,deepseek-r1-mourse-14b-instruct-v0.2,6,2,"Story: Nina thinks her cat ran away, but the cat is actually sleeping under the bed.
Question: How does Nina most likely feel before she checks under the bed?
A. Relieved
B. Proud
C. Excited
D. Worried",D,D,Yes
deepseek,deepseek-r1-mourse-14b-instruct-v0.2,6,3,"Story: Leo hides a coin in a cup. Emma is watching. Later Leo leaves the room and Emma moves the coin to a drawer.
Question: Who knows the coin was moved?
A. Leo only
B. Both Leo and Emma
C. Neither of them
D. Emma only",D,D,Yes
deepseek,deepseek-r1-mourse-14b-instruct-v0.2,6,4,"Story: You can see a dog behind a tree. Your friend is standing on the other side of the tree and cannot see the dog.
Question: What does your friend think is behind the tree?
A. A dog
B. A cat
C. A ball
D. Nothing",D,D,Yes
deepseek,deepseek-r1-mourse-14b-instruct-v0.2,6,5,"Story: Olivia hides a cookie in a jar. Jack watches. Olivia leaves the room. Jack moves the cookie to a cupboard.
Question: Where is the cookie really?
A. Jar
B. Table
C. Plate
D. Cupboard",D,D,Yes
deepseek,deepseek-r1-mourse-14b-instruct-v0.2,6,6,"Story: A child hides a toy in a drawer. Another child asks where it is. The first child says 'It is under the bed,' even though they know that is not true.
Question: Why did the child say this?
A. Because they forgot
B. Because they believe it is under the bed
C. To confuse the other child
D. Because they dislike toys",C,C,Yes
deepseek,deepseek-r1-mourse-14b-instruct-v0.2,6,7,"Story: Mark puts his keys in his backpack. Later someone moves the keys to a desk while Mark is outside.
Question: Where will Mark look for the keys first?
A. Desk
B. Pocket
C. Drawer
D. Backpack",D,D,Yes
deepseek,deepseek-r1-mourse-14b-instruct-v0.2,6,8,"Story: Sara thinks her lost phone is gone forever. Then she finds it in her jacket pocket.
Question: How will Sara most likely feel when she finds it?
A. Angry
B. Confused
C. Relieved
D. Bored",C,C,Yes
deepseek,deepseek-r1-mourse-14b-instruct-v0.2,6,9,"Story: Tom places a book in a cabinet while Maya watches. Later Tom leaves the room and Maya moves the book to a drawer.
Question: Does Tom know the book was moved?
A. Yes
B. No",B,B,Yes
deepseek,deepseek-r1-mourse-14b-instruct-v0.2,6,10,"Story: Anna hides a ball in a basket. Ben watches. Anna leaves the room. Ben moves the ball to a box. Clara sees Ben move it.
Question: Where does Clara think Anna will look for the ball?
A. Box
B. Table
C. Basket
D. Shelf",C,C,Yes
deepseek,deepseek-r1-mourse-14b-instruct-v0.2,6,11,"Story: Liam moves his friend's chair slightly before they sit down as a joke.
Question: What was Liam's likely intention?
A. To help his friend
B. To clean the room
C. To move furniture permanently
D. To make his friend laugh",D,D,Yes
deepseek,deepseek-r1-mourse-14b-instruct-v0.2,6,12,"Story: Emma puts a pen in a drawer and then goes outside to talk on the phone. While she is gone, Noah moves the pen to a box.
Question: Where will Emma look for the pen first?
A. Box
B. Table
C. Drawer
D. Bag",C,C,Yes
deepseek,deepseek-r1-mourse-14b-instruct-v0.2,6,13,"Story: Jake thinks his friend ignored his message, but actually the friend never received it.
Question: How might Jake feel?
A. Happy
B. Relaxed
C. Hurt
D. Proud",C,C,Yes
deepseek,deepseek-r1-mourse-14b-instruct-v0.2,6,14,"Story: A toy is behind a couch. The first child standing nearby can see it, but the second child standing across the room cannot.
Question: What does the second child believe?
A. The toy is visible
B. The toy is missing
C. The toy is broken
D. The toy is behind the couch",B,A,No
deepseek,deepseek-r1-mourse-14b-instruct-v0.2,6,15,"Story: Ava hides a ring in a bag. Later someone moves the ring to a drawer while Ava is outside.
Question: Where does Ava think the ring is?
A. Drawer
B. Shelf
C. Table
D. Bag",D,D,Yes
deepseek,deepseek-r1-mourse-14b-instruct-v0.2,6,16,"Story: Daniel studies very hard for a test and believes he will do well.
Question: How does Daniel most likely feel before taking the test?
A. Angry
B. Bored
C. Nervous but hopeful
D. Confused",C,C,Yes
deepseek,deepseek-r1-mourse-14b-instruct-v0.2,6,17,"Story: A child tells their friend the candy is in the kitchen even though it is actually in their pocket.
Question: What is the child trying to do?
A. Share the candy
B. Lose the candy
C. Clean the kitchen
D. Hide the candy",D,D,Yes
deepseek,deepseek-r1-mourse-14b-instruct-v0.2,6,18,"Story: Mia hides a toy in a drawer while Liam is watching. Later Liam leaves the room and Mia moves the toy to a box.
Question: Who knows the toy is in the box?
A. Liam only
B. Both Mia and Liam
C. Mia only
D. Neither",C,C,Yes
deepseek,deepseek-r1-mourse-14b-instruct-v0.2,6,19,"Story: Noah puts a coin in a jar. Emma watches. Noah leaves. Emma moves the coin to a drawer. Liam sees Emma move it.
Question: Where does Liam think Noah will look for the coin?
A. Drawer
B. Table
C. Shelf
D. Jar",D,D,Yes
deepseek,deepseek-r1-mourse-14b-instruct-v0.2,6,20,"Story: Ella believes her favorite mug is broken. Later she discovers it is actually fine.
Question: How will Ella most likely feel when she finds out?
A. Angry
B. Bored
C. Confused
D. Relieved",D,D,Yes
deepseek,deepseek-r1-mourse-14b-instruct-v0.2,7,1,"Story: Sam puts his watch in a drawer and leaves the room. While he is gone, Alex moves the watch to a box.
Question: Where will Sam look for the watch first?
A. Box
B. Table
C. Drawer
D. Shelf",C,C,Yes
deepseek,deepseek-r1-mourse-14b-instruct-v0.2,7,2,"Story: Nina thinks her cat ran away, but the cat is actually sleeping under the bed.
Question: How does Nina most likely feel before she checks under the bed?
A. Relieved
B. Proud
C. Excited
D. Worried",D,D,Yes
deepseek,deepseek-r1-mourse-14b-instruct-v0.2,7,3,"Story: Leo hides a coin in a cup. Emma is watching. Later Leo leaves the room and Emma moves the coin to a drawer.
Question: Who knows the coin was moved?
A. Leo only
B. Both Leo and Emma
C. Neither of them
D. Emma only",D,D,Yes
deepseek,deepseek-r1-mourse-14b-instruct-v0.2,7,4,"Story: You can see a dog behind a tree. Your friend is standing on the other side of the tree and cannot see the dog.
Question: What does your friend think is behind the tree?
A. A dog
B. A cat
C. A ball
D. Nothing",D,D,Yes
deepseek,deepseek-r1-mourse-14b-instruct-v0.2,7,5,"Story: Olivia hides a cookie in a jar. Jack watches. Olivia leaves the room. Jack moves the cookie to a cupboard.
Question: Where is the cookie really?
A. Jar
B. Table
C. Plate
D. Cupboard",D,D,Yes
deepseek,deepseek-r1-mourse-14b-instruct-v0.2,7,6,"Story: A child hides a toy in a drawer. Another child asks where it is. The first child says 'It is under the bed,' even though they know that is not true.
Question: Why did the child say this?
A. Because they forgot
B. Because they believe it is under the bed
C. To confuse the other child
D. Because they dislike toys",C,C,Yes
deepseek,deepseek-r1-mourse-14b-instruct-v0.2,7,7,"Story: Mark puts his keys in his backpack. Later someone moves the keys to a desk while Mark is outside.
Question: Where will Mark look for the keys first?
A. Desk
B. Pocket
C. Drawer
D. Backpack",D,D,Yes
deepseek,deepseek-r1-mourse-14b-instruct-v0.2,7,8,"Story: Sara thinks her lost phone is gone forever. Then she finds it in her jacket pocket.
Question: How will Sara most likely feel when she finds it?
A. Angry
B. Confused
C. Relieved
D. Bored",C,C,Yes
deepseek,deepseek-r1-mourse-14b-instruct-v0.2,7,9,"Story: Tom places a book in a cabinet while Maya watches. Later Tom leaves the room and Maya moves the book to a drawer.
Question: Does Tom know the book was moved?
A. Yes
B. No",B,B,Yes
deepseek,deepseek-r1-mourse-14b-instruct-v0.2,7,10,"Story: Anna hides a ball in a basket. Ben watches. Anna leaves the room. Ben moves the ball to a box. Clara sees Ben move it.
Question: Where does Clara think Anna will look for the ball?
A. Box
B. Table
C. Basket
D. Shelf",C,C,Yes
deepseek,deepseek-r1-mourse-14b-instruct-v0.2,7,11,"Story: Liam moves his friend's chair slightly before they sit down as a joke.
Question: What was Liam's likely intention?
A. To help his friend
B. To clean the room
C. To move furniture permanently
D. To make his friend laugh",D,D,Yes
deepseek,deepseek-r1-mourse-14b-instruct-v0.2,7,12,"Story: Emma puts a pen in a drawer and then goes outside to talk on the phone. While she is gone, Noah moves the pen to a box.
Question: Where will Emma look for the pen first?
A. Box
B. Table
C. Drawer
D. Bag",C,C,Yes
deepseek,deepseek-r1-mourse-14b-instruct-v0.2,7,13,"Story: Jake thinks his friend ignored his message, but actually the friend never received it.
Question: How might Jake feel?
A. Happy
B. Relaxed
C. Hurt
D. Proud",C,C,Yes
deepseek,deepseek-r1-mourse-14b-instruct-v0.2,7,14,"Story: A toy is behind a couch. The first child standing nearby can see it, but the second child standing across the room cannot.
Question: What does the second child believe?
A. The toy is visible
B. The toy is missing
C. The toy is broken
D. The toy is behind the couch",B,D,No
deepseek,deepseek-r1-mourse-14b-instruct-v0.2,7,15,"Story: Ava hides a ring in a bag. Later someone moves the ring to a drawer while Ava is outside.
Question: Where does Ava think the ring is?
A. Drawer
B. Shelf
C. Table
D. Bag",D,D,Yes
deepseek,deepseek-r1-mourse-14b-instruct-v0.2,7,16,"Story: Daniel studies very hard for a test and believes he will do well.
Question: How does Daniel most likely feel before taking the test?
A. Angry
B. Bored
C. Nervous but hopeful
D. Confused",C,C,Yes
deepseek,deepseek-r1-mourse-14b-instruct-v0.2,7,17,"Story: A child tells their friend the candy is in the kitchen even though it is actually in their pocket.
Question: What is the child trying to do?
A. Share the candy
B. Lose the candy
C. Clean the kitchen
D. Hide the candy",D,A,No
deepseek,deepseek-r1-mourse-14b-instruct-v0.2,7,18,"Story: Mia hides a toy in a drawer while Liam is watching. Later Liam leaves the room and Mia moves the toy to a box.
Question: Who knows the toy is in the box?
A. Liam only
B. Both Mia and Liam
C. Mia only
D. Neither",C,C,Yes
deepseek,deepseek-r1-mourse-14b-instruct-v0.2,7,19,"Story: Noah puts a coin in a jar. Emma watches. Noah leaves. Emma moves the coin to a drawer. Liam sees Emma move it.
Question: Where does Liam think Noah will look for the coin?
A. Drawer
B. Table
C. Shelf
D. Jar",D,D,Yes
deepseek,deepseek-r1-mourse-14b-instruct-v0.2,7,20,"Story: Ella believes her favorite mug is broken. Later she discovers it is actually fine.
Question: How will Ella most likely feel when she finds out?
A. Angry
B. Bored
C. Confused
D. Relieved",D,D,Yes
deepseek,deepseek-r1-mourse-14b-instruct-v0.2,8,1,"Story: Sam puts his watch in a drawer and leaves the room. While he is gone, Alex moves the watch to a box.
Question: Where will Sam look for the watch first?
A. Box
B. Table
C. Drawer
D. Shelf",C,C,Yes
deepseek,deepseek-r1-mourse-14b-instruct-v0.2,8,2,"Story: Nina thinks her cat ran away, but the cat is actually sleeping under the bed.
Question: How does Nina most likely feel before she checks under the bed?
A. Relieved
B. Proud
C. Excited
D. Worried",D,D,Yes
deepseek,deepseek-r1-mourse-14b-instruct-v0.2,8,3,"Story: Leo hides a coin in a cup. Emma is watching. Later Leo leaves the room and Emma moves the coin to a drawer.
Question: Who knows the coin was moved?
A. Leo only
B. Both Leo and Emma
C. Neither of them
D. Emma only",D,D,Yes
deepseek,deepseek-r1-mourse-14b-instruct-v0.2,8,4,"Story: You can see a dog behind a tree. Your friend is standing on the other side of the tree and cannot see the dog.
Question: What does your friend think is behind the tree?
A. A dog
B. A cat
C. A ball
D. Nothing",D,D,Yes
deepseek,deepseek-r1-mourse-14b-instruct-v0.2,8,5,"Story: Olivia hides a cookie in a jar. Jack watches. Olivia leaves the room. Jack moves the cookie to a cupboard.
Question: Where is the cookie really?
A. Jar
B. Table
C. Plate
D. Cupboard",D,D,Yes
deepseek,deepseek-r1-mourse-14b-instruct-v0.2,8,6,"Story: A child hides a toy in a drawer. Another child asks where it is. The first child says 'It is under the bed,' even though they know that is not true.
Question: Why did the child say this?
A. Because they forgot
B. Because they believe it is under the bed
C. To confuse the other child
D. Because they dislike toys",C,C,Yes
deepseek,deepseek-r1-mourse-14b-instruct-v0.2,8,7,"Story: Mark puts his keys in his backpack. Later someone moves the keys to a desk while Mark is outside.
Question: Where will Mark look for the keys first?
A. Desk
B. Pocket
C. Drawer
D. Backpack",D,D,Yes
deepseek,deepseek-r1-mourse-14b-instruct-v0.2,8,8,"Story: Sara thinks her lost phone is gone forever. Then she finds it in her jacket pocket.
Question: How will Sara most likely feel when she finds it?
A. Angry
B. Confused
C. Relieved
D. Bored",C,C,Yes
deepseek,deepseek-r1-mourse-14b-instruct-v0.2,8,9,"Story: Tom places a book in a cabinet while Maya watches. Later Tom leaves the room and Maya moves the book to a drawer.
Question: Does Tom know the book was moved?
A. Yes
B. No",B,B,Yes
deepseek,deepseek-r1-mourse-14b-instruct-v0.2,8,10,"Story: Anna hides a ball in a basket. Ben watches. Anna leaves the room. Ben moves the ball to a box. Clara sees Ben move it.
Question: Where does Clara think Anna will look for the ball?
A. Box
B. Table
C. Basket
D. Shelf",C,C,Yes
deepseek,deepseek-r1-mourse-14b-instruct-v0.2,8,11,"Story: Liam moves his friend's chair slightly before they sit down as a joke.
Question: What was Liam's likely intention?
A. To help his friend
B. To clean the room
C. To move furniture permanently
D. To make his friend laugh",D,D,Yes
deepseek,deepseek-r1-mourse-14b-instruct-v0.2,8,12,"Story: Emma puts a pen in a drawer and then goes outside to talk on the phone. While she is gone, Noah moves the pen to a box.
Question: Where will Emma look for the pen first?
A. Box
B. Table
C. Drawer
D. Bag",C,C,Yes
deepseek,deepseek-r1-mourse-14b-instruct-v0.2,8,13,"Story: Jake thinks his friend ignored his message, but actually the friend never received it.
Question: How might Jake feel?
A. Happy
B. Relaxed
C. Hurt
D. Proud",C,C,Yes
deepseek,deepseek-r1-mourse-14b-instruct-v0.2,8,14,"Story: A toy is behind a couch. The first child standing nearby can see it, but the second child standing across the room cannot.
Question: What does the second child believe?
A. The toy is visible
B. The toy is missing
C. The toy is broken
D. The toy is behind the couch",B,A,No
deepseek,deepseek-r1-mourse-14b-instruct-v0.2,8,15,"Story: Ava hides a ring in a bag. Later someone moves the ring to a drawer while Ava is outside.
Question: Where does Ava think the ring is?
A. Drawer
B. Shelf
C. Table
D. Bag",D,D,Yes
deepseek,deepseek-r1-mourse-14b-instruct-v0.2,8,16,"Story: Daniel studies very hard for a test and believes he will do well.
Question: How does Daniel most likely feel before taking the test?
A. Angry
B. Bored
C. Nervous but hopeful
D. Confused",C,C,Yes
deepseek,deepseek-r1-mourse-14b-instruct-v0.2,8,17,"Story: A child tells their friend the candy is in the kitchen even though it is actually in their pocket.
Question: What is the child trying to do?
A. Share the candy
B. Lose the candy
C. Clean the kitchen
D. Hide the candy",D,D,Yes
deepseek,deepseek-r1-mourse-14b-instruct-v0.2,8,18,"Story: Mia hides a toy in a drawer while Liam is watching. Later Liam leaves the room and Mia moves the toy to a box.
Question: Who knows the toy is in the box?
A. Liam only
B. Both Mia and Liam
C. Mia only
D. Neither",C,A,No
deepseek,deepseek-r1-mourse-14b-instruct-v0.2,8,19,"Story: Noah puts a coin in a jar. Emma watches. Noah leaves. Emma moves the coin to a drawer. Liam sees Emma move it.
Question: Where does Liam think Noah will look for the coin?
A. Drawer
B. Table
C. Shelf
D. Jar",D,D,Yes
deepseek,deepseek-r1-mourse-14b-instruct-v0.2,8,20,"Story: Ella believes her favorite mug is broken. Later she discovers it is actually fine.
Question: How will Ella most likely feel when she finds out?
A. Angry
B. Bored
C. Confused
D. Relieved",D,D,Yes
deepseek,deepseek-r1-mourse-14b-instruct-v0.2,9,1,"Story: Sam puts his watch in a drawer and leaves the room. While he is gone, Alex moves the watch to a box.
Question: Where will Sam look for the watch first?
A. Box
B. Table
C. Drawer
D. Shelf",C,C,Yes
deepseek,deepseek-r1-mourse-14b-instruct-v0.2,9,2,"Story: Nina thinks her cat ran away, but the cat is actually sleeping under the bed.
Question: How does Nina most likely feel before she checks under the bed?
A. Relieved
B. Proud
C. Excited
D. Worried",D,D,Yes
deepseek,deepseek-r1-mourse-14b-instruct-v0.2,9,3,"Story: Leo hides a coin in a cup. Emma is watching. Later Leo leaves the room and Emma moves the coin to a drawer.
Question: Who knows the coin was moved?
A. Leo only
B. Both Leo and Emma
C. Neither of them
D. Emma only",D,D,Yes
deepseek,deepseek-r1-mourse-14b-instruct-v0.2,9,4,"Story: You can see a dog behind a tree. Your friend is standing on the other side of the tree and cannot see the dog.
Question: What does your friend think is behind the tree?
A. A dog
B. A cat
C. A ball
D. Nothing",D,D,Yes
deepseek,deepseek-r1-mourse-14b-instruct-v0.2,9,5,"Story: Olivia hides a cookie in a jar. Jack watches. Olivia leaves the room. Jack moves the cookie to a cupboard.
Question: Where is the cookie really?
A. Jar
B. Table
C. Plate
D. Cupboard",D,D,Yes
deepseek,deepseek-r1-mourse-14b-instruct-v0.2,9,6,"Story: A child hides a toy in a drawer. Another child asks where it is. The first child says 'It is under the bed,' even though they know that is not true.
Question: Why did the child say this?
A. Because they forgot
B. Because they believe it is under the bed
C. To confuse the other child
D. Because they dislike toys",C,C,Yes
deepseek,deepseek-r1-mourse-14b-instruct-v0.2,9,7,"Story: Mark puts his keys in his backpack. Later someone moves the keys to a desk while Mark is outside.
Question: Where will Mark look for the keys first?
A. Desk
B. Pocket
C. Drawer
D. Backpack",D,D,Yes
deepseek,deepseek-r1-mourse-14b-instruct-v0.2,9,8,"Story: Sara thinks her lost phone is gone forever. Then she finds it in her jacket pocket.
Question: How will Sara most likely feel when she finds it?
A. Angry
B. Confused
C. Relieved
D. Bored",C,C,Yes
deepseek,deepseek-r1-mourse-14b-instruct-v0.2,9,9,"Story: Tom places a book in a cabinet while Maya watches. Later Tom leaves the room and Maya moves the book to a drawer.
Question: Does Tom know the book was moved?
A. Yes
B. No",B,B,Yes
deepseek,deepseek-r1-mourse-14b-instruct-v0.2,9,10,"Story: Anna hides a ball in a basket. Ben watches. Anna leaves the room. Ben moves the ball to a box. Clara sees Ben move it.
Question: Where does Clara think Anna will look for the ball?
A. Box
B. Table
C. Basket
D. Shelf",C,C,Yes
deepseek,deepseek-r1-mourse-14b-instruct-v0.2,9,11,"Story: Liam moves his friend's chair slightly before they sit down as a joke.
Question: What was Liam's likely intention?
A. To help his friend
B. To clean the room
C. To move furniture permanently
D. To make his friend laugh",D,D,Yes
deepseek,deepseek-r1-mourse-14b-instruct-v0.2,9,12,"Story: Emma puts a pen in a drawer and then goes outside to talk on the phone. While she is gone, Noah moves the pen to a box.
Question: Where will Emma look for the pen first?
A. Box
B. Table
C. Drawer
D. Bag",C,C,Yes
deepseek,deepseek-r1-mourse-14b-instruct-v0.2,9,13,"Story: Jake thinks his friend ignored his message, but actually the friend never received it.
Question: How might Jake feel?
A. Happy
B. Relaxed
C. Hurt
D. Proud",C,C,Yes
deepseek,deepseek-r1-mourse-14b-instruct-v0.2,9,14,"Story: A toy is behind a couch. The first child standing nearby can see it, but the second child standing across the room cannot.
Question: What does the second child believe?
A. The toy is visible
B. The toy is missing
C. The toy is broken
D. The toy is behind the couch",B,D,No
deepseek,deepseek-r1-mourse-14b-instruct-v0.2,9,15,"Story: Ava hides a ring in a bag. Later someone moves the ring to a drawer while Ava is outside.
Question: Where does Ava think the ring is?
A. Drawer
B. Shelf
C. Table
D. Bag",D,D,Yes
deepseek,deepseek-r1-mourse-14b-instruct-v0.2,9,16,"Story: Daniel studies very hard for a test and believes he will do well.
Question: How does Daniel most likely feel before taking the test?
A. Angry
B. Bored
C. Nervous but hopeful
D. Confused",C,C,Yes
deepseek,deepseek-r1-mourse-14b-instruct-v0.2,9,17,"Story: A child tells their friend the candy is in the kitchen even though it is actually in their pocket.
Question: What is the child trying to do?
A. Share the candy
B. Lose the candy
C. Clean the kitchen
D. Hide the candy",D,A,No
deepseek,deepseek-r1-mourse-14b-instruct-v0.2,9,18,"Story: Mia hides a toy in a drawer while Liam is watching. Later Liam leaves the room and Mia moves the toy to a box.
Question: Who knows the toy is in the box?
A. Liam only
B. Both Mia and Liam
C. Mia only
D. Neither",C,D,No
deepseek,deepseek-r1-mourse-14b-instruct-v0.2,9,19,"Story: Noah puts a coin in a jar. Emma watches. Noah leaves. Emma moves the coin to a drawer. Liam sees Emma move it.
Question: Where does Liam think Noah will look for the coin?
A. Drawer
B. Table
C. Shelf
D. Jar",D,D,Yes
deepseek,deepseek-r1-mourse-14b-instruct-v0.2,9,20,"Story: Ella believes her favorite mug is broken. Later she discovers it is actually fine.
Question: How will Ella most likely feel when she finds out?
A. Angry
B. Bored
C. Confused
D. Relieved",D,D,Yes
deepseek,deepseek-r1-mourse-14b-instruct-v0.2,10,1,"Story: Sam puts his watch in a drawer and leaves the room. While he is gone, Alex moves the watch to a box.
Question: Where will Sam look for the watch first?
A. Box
B. Table
C. Drawer
D. Shelf",C,C,Yes
deepseek,deepseek-r1-mourse-14b-instruct-v0.2,10,2,"Story: Nina thinks her cat ran away, but the cat is actually sleeping under the bed.
Question: How does Nina most likely feel before she checks under the bed?
A. Relieved
B. Proud
C. Excited
D. Worried",D,D,Yes
deepseek,deepseek-r1-mourse-14b-instruct-v0.2,10,3,"Story: Leo hides a coin in a cup. Emma is watching. Later Leo leaves the room and Emma moves the coin to a drawer.
Question: Who knows the coin was moved?
A. Leo only
B. Both Leo and Emma
C. Neither of them
D. Emma only",D,D,Yes
deepseek,deepseek-r1-mourse-14b-instruct-v0.2,10,4,"Story: You can see a dog behind a tree. Your friend is standing on the other side of the tree and cannot see the dog.
Question: What does your friend think is behind the tree?
A. A dog
B. A cat
C. A ball
D. Nothing",D,A,No
deepseek,deepseek-r1-mourse-14b-instruct-v0.2,10,5,"Story: Olivia hides a cookie in a jar. Jack watches. Olivia leaves the room. Jack moves the cookie to a cupboard.
Question: Where is the cookie really?
A. Jar
B. Table
C. Plate
D. Cupboard",D,D,Yes
deepseek,deepseek-r1-mourse-14b-instruct-v0.2,10,6,"Story: A child hides a toy in a drawer. Another child asks where it is. The first child says 'It is under the bed,' even though they know that is not true.
Question: Why did the child say this?
A. Because they forgot
B. Because they believe it is under the bed
C. To confuse the other child
D. Because they dislike toys",C,C,Yes
deepseek,deepseek-r1-mourse-14b-instruct-v0.2,10,7,"Story: Mark puts his keys in his backpack. Later someone moves the keys to a desk while Mark is outside.
Question: Where will Mark look for the keys first?
A. Desk
B. Pocket
C. Drawer
D. Backpack",D,D,Yes
deepseek,deepseek-r1-mourse-14b-instruct-v0.2,10,8,"Story: Sara thinks her lost phone is gone forever. Then she finds it in her jacket pocket.
Question: How will Sara most likely feel when she finds it?
A. Angry
B. Confused
C. Relieved
D. Bored",C,C,Yes
deepseek,deepseek-r1-mourse-14b-instruct-v0.2,10,9,"Story: Tom places a book in a cabinet while Maya watches. Later Tom leaves the room and Maya moves the book to a drawer.
Question: Does Tom know the book was moved?
A. Yes
B. No",B,B,Yes
deepseek,deepseek-r1-mourse-14b-instruct-v0.2,10,10,"Story: Anna hides a ball in a basket. Ben watches. Anna leaves the room. Ben moves the ball to a box. Clara sees Ben move it.
Question: Where does Clara think Anna will look for the ball?
A. Box
B. Table
C. Basket
D. Shelf",C,C,Yes
deepseek,deepseek-r1-mourse-14b-instruct-v0.2,10,11,"Story: Liam moves his friend's chair slightly before they sit down as a joke.
Question: What was Liam's likely intention?
A. To help his friend
B. To clean the room
C. To move furniture permanently
D. To make his friend laugh",D,D,Yes
deepseek,deepseek-r1-mourse-14b-instruct-v0.2,10,12,"Story: Emma puts a pen in a drawer and then goes outside to talk on the phone. While she is gone, Noah moves the pen to a box.
Question: Where will Emma look for the pen first?
A. Box
B. Table
C. Drawer
D. Bag",C,C,Yes
deepseek,deepseek-r1-mourse-14b-instruct-v0.2,10,13,"Story: Jake thinks his friend ignored his message, but actually the friend never received it.
Question: How might Jake feel?
A. Happy
B. Relaxed
C. Hurt
D. Proud",C,C,Yes
deepseek,deepseek-r1-mourse-14b-instruct-v0.2,10,14,"Story: A toy is behind a couch. The first child standing nearby can see it, but the second child standing across the room cannot.
Question: What does the second child believe?
A. The toy is visible
B. The toy is missing
C. The toy is broken
D. The toy is behind the couch",B,D,No
deepseek,deepseek-r1-mourse-14b-instruct-v0.2,10,15,"Story: Ava hides a ring in a bag. Later someone moves the ring to a drawer while Ava is outside.
Question: Where does Ava think the ring is?
A. Drawer
B. Shelf
C. Table
D. Bag",D,D,Yes
deepseek,deepseek-r1-mourse-14b-instruct-v0.2,10,16,"Story: Daniel studies very hard for a test and believes he will do well.
Question: How does Daniel most likely feel before taking the test?
A. Angry
B. Bored
C. Nervous but hopeful
D. Confused",C,C,Yes
deepseek,deepseek-r1-mourse-14b-instruct-v0.2,10,17,"Story: A child tells their friend the candy is in the kitchen even though it is actually in their pocket.
Question: What is the child trying to do?
A. Share the candy
B. Lose the candy
C. Clean the kitchen
D. Hide the candy",D,A,No
deepseek,deepseek-r1-mourse-14b-instruct-v0.2,10,18,"Story: Mia hides a toy in a drawer while Liam is watching. Later Liam leaves the room and Mia moves the toy to a box.
Question: Who knows the toy is in the box?
A. Liam only
B. Both Mia and Liam
C. Mia only
D. Neither",C,C,Yes
deepseek,deepseek-r1-mourse-14b-instruct-v0.2,10,19,"Story: Noah puts a coin in a jar. Emma watches. Noah leaves. Emma moves the coin to a drawer. Liam sees Emma move it.
Question: Where does Liam think Noah will look for the coin?
A. Drawer
B. Table
C. Shelf
D. Jar",D,A,No
deepseek,deepseek-r1-mourse-14b-instruct-v0.2,10,20,"Story: Ella believes her favorite mug is broken. Later she discovers it is actually fine.
Question: How will Ella most likely feel when she finds out?
A. Angry
B. Bored
C. Confused
D. Relieved",D,D,Yes
deepseek,deepseek-r1-mourse-14b-instruct-v0.2,11,1,"Story: Sam puts his watch in a drawer and leaves the room. While he is gone, Alex moves the watch to a box.
Question: Where will Sam look for the watch first?
A. Box
B. Table
C. Drawer
D. Shelf",C,C,Yes
deepseek,deepseek-r1-mourse-14b-instruct-v0.2,11,2,"Story: Nina thinks her cat ran away, but the cat is actually sleeping under the bed.
Question: How does Nina most likely feel before she checks under the bed?
A. Relieved
B. Proud
C. Excited
D. Worried",D,D,Yes
deepseek,deepseek-r1-mourse-14b-instruct-v0.2,11,3,"Story: Leo hides a coin in a cup. Emma is watching. Later Leo leaves the room and Emma moves the coin to a drawer.
Question: Who knows the coin was moved?
A. Leo only
B. Both Leo and Emma
C. Neither of them
D. Emma only",D,D,Yes
deepseek,deepseek-r1-mourse-14b-instruct-v0.2,11,4,"Story: You can see a dog behind a tree. Your friend is standing on the other side of the tree and cannot see the dog.
Question: What does your friend think is behind the tree?
A. A dog
B. A cat
C. A ball
D. Nothing",D,D,Yes
deepseek,deepseek-r1-mourse-14b-instruct-v0.2,11,5,"Story: Olivia hides a cookie in a jar. Jack watches. Olivia leaves the room. Jack moves the cookie to a cupboard.
Question: Where is the cookie really?
A. Jar
B. Table
C. Plate
D. Cupboard",D,D,Yes
deepseek,deepseek-r1-mourse-14b-instruct-v0.2,11,6,"Story: A child hides a toy in a drawer. Another child asks where it is. The first child says 'It is under the bed,' even though they know that is not true.
Question: Why did the child say this?
A. Because they forgot
B. Because they believe it is under the bed
C. To confuse the other child
D. Because they dislike toys",C,C,Yes
deepseek,deepseek-r1-mourse-14b-instruct-v0.2,11,7,"Story: Mark puts his keys in his backpack. Later someone moves the keys to a desk while Mark is outside.
Question: Where will Mark look for the keys first?
A. Desk
B. Pocket
C. Drawer
D. Backpack",D,D,Yes
deepseek,deepseek-r1-mourse-14b-instruct-v0.2,11,8,"Story: Sara thinks her lost phone is gone forever. Then she finds it in her jacket pocket.
Question: How will Sara most likely feel when she finds it?
A. Angry
B. Confused
C. Relieved
D. Bored",C,C,Yes
deepseek,deepseek-r1-mourse-14b-instruct-v0.2,11,9,"Story: Tom places a book in a cabinet while Maya watches. Later Tom leaves the room and Maya moves the book to a drawer.
Question: Does Tom know the book was moved?
A. Yes
B. No",B,B,Yes
deepseek,deepseek-r1-mourse-14b-instruct-v0.2,11,10,"Story: Anna hides a ball in a basket. Ben watches. Anna leaves the room. Ben moves the ball to a box. Clara sees Ben move it.
Question: Where does Clara think Anna will look for the ball?
A. Box
B. Table
C. Basket
D. Shelf",C,C,Yes
deepseek,deepseek-r1-mourse-14b-instruct-v0.2,11,11,"Story: Liam moves his friend's chair slightly before they sit down as a joke.
Question: What was Liam's likely intention?
A. To help his friend
B. To clean the room
C. To move furniture permanently
D. To make his friend laugh",D,D,Yes
deepseek,deepseek-r1-mourse-14b-instruct-v0.2,11,12,"Story: Emma puts a pen in a drawer and then goes outside to talk on the phone. While she is gone, Noah moves the pen to a box.
Question: Where will Emma look for the pen first?
A. Box
B. Table
C. Drawer
D. Bag",C,C,Yes
deepseek,deepseek-r1-mourse-14b-instruct-v0.2,11,13,"Story: Jake thinks his friend ignored his message, but actually the friend never received it.
Question: How might Jake feel?
A. Happy
B. Relaxed
C. Hurt
D. Proud",C,C,Yes
deepseek,deepseek-r1-mourse-14b-instruct-v0.2,11,14,"Story: A toy is behind a couch. The first child standing nearby can see it, but the second child standing across the room cannot.
Question: What does the second child believe?
A. The toy is visible
B. The toy is missing
C. The toy is broken
D. The toy is behind the couch",B,B,Yes
deepseek,deepseek-r1-mourse-14b-instruct-v0.2,11,15,"Story: Ava hides a ring in a bag. Later someone moves the ring to a drawer while Ava is outside.
Question: Where does Ava think the ring is?
A. Drawer
B. Shelf
C. Table
D. Bag",D,D,Yes
deepseek,deepseek-r1-mourse-14b-instruct-v0.2,11,16,"Story: Daniel studies very hard for a test and believes he will do well.
Question: How does Daniel most likely feel before taking the test?
A. Angry
B. Bored
C. Nervous but hopeful
D. Confused",C,C,Yes
deepseek,deepseek-r1-mourse-14b-instruct-v0.2,11,17,"Story: A child tells their friend the candy is in the kitchen even though it is actually in their pocket.
Question: What is the child trying to do?
A. Share the candy
B. Lose the candy
C. Clean the kitchen
D. Hide the candy",D,D,Yes
deepseek,deepseek-r1-mourse-14b-instruct-v0.2,11,18,"Story: Mia hides a toy in a drawer while Liam is watching. Later Liam leaves the room and Mia moves the toy to a box.
Question: Who knows the toy is in the box?
A. Liam only
B. Both Mia and Liam
C. Mia only
D. Neither",C,C,Yes
deepseek,deepseek-r1-mourse-14b-instruct-v0.2,11,19,"Story: Noah puts a coin in a jar. Emma watches. Noah leaves. Emma moves the coin to a drawer. Liam sees Emma move it.
Question: Where does Liam think Noah will look for the coin?
A. Drawer
B. Table
C. Shelf
D. Jar",D,D,Yes
deepseek,deepseek-r1-mourse-14b-instruct-v0.2,11,20,"Story: Ella believes her favorite mug is broken. Later she discovers it is actually fine.
Question: How will Ella most likely feel when she finds out?
A. Angry
B. Bored
C. Confused
D. Relieved",D,D,Yes
deepseek,deepseek-r1-mourse-14b-instruct-v0.2,12,1,"Story: Sam puts his watch in a drawer and leaves the room. While he is gone, Alex moves the watch to a box.
Question: Where will Sam look for the watch first?
A. Box
B. Table
C. Drawer
D. Shelf",C,C,Yes
deepseek,deepseek-r1-mourse-14b-instruct-v0.2,12,2,"Story: Nina thinks her cat ran away, but the cat is actually sleeping under the bed.
Question: How does Nina most likely feel before she checks under the bed?
A. Relieved
B. Proud
C. Excited
D. Worried",D,D,Yes
deepseek,deepseek-r1-mourse-14b-instruct-v0.2,12,3,"Story: Leo hides a coin in a cup. Emma is watching. Later Leo leaves the room and Emma moves the coin to a drawer.
Question: Who knows the coin was moved?
A. Leo only
B. Both Leo and Emma
C. Neither of them
D. Emma only",D,D,Yes
deepseek,deepseek-r1-mourse-14b-instruct-v0.2,12,4,"Story: You can see a dog behind a tree. Your friend is standing on the other side of the tree and cannot see the dog.
Question: What does your friend think is behind the tree?
A. A dog
B. A cat
C. A ball
D. Nothing",D,D,Yes
deepseek,deepseek-r1-mourse-14b-instruct-v0.2,12,5,"Story: Olivia hides a cookie in a jar. Jack watches. Olivia leaves the room. Jack moves the cookie to a cupboard.
Question: Where is the cookie really?
A. Jar
B. Table
C. Plate
D. Cupboard",D,D,Yes
deepseek,deepseek-r1-mourse-14b-instruct-v0.2,12,6,"Story: A child hides a toy in a drawer. Another child asks where it is. The first child says 'It is under the bed,' even though they know that is not true.
Question: Why did the child say this?
A. Because they forgot
B. Because they believe it is under the bed
C. To confuse the other child
D. Because they dislike toys",C,C,Yes
deepseek,deepseek-r1-mourse-14b-instruct-v0.2,12,7,"Story: Mark puts his keys in his backpack. Later someone moves the keys to a desk while Mark is outside.
Question: Where will Mark look for the keys first?
A. Desk
B. Pocket
C. Drawer
D. Backpack",D,D,Yes
deepseek,deepseek-r1-mourse-14b-instruct-v0.2,12,8,"Story: Sara thinks her lost phone is gone forever. Then she finds it in her jacket pocket.
Question: How will Sara most likely feel when she finds it?
A. Angry
B. Confused
C. Relieved
D. Bored",C,C,Yes
deepseek,deepseek-r1-mourse-14b-instruct-v0.2,12,9,"Story: Tom places a book in a cabinet while Maya watches. Later Tom leaves the room and Maya moves the book to a drawer.
Question: Does Tom know the book was moved?
A. Yes
B. No",B,B,Yes
deepseek,deepseek-r1-mourse-14b-instruct-v0.2,12,10,"Story: Anna hides a ball in a basket. Ben watches. Anna leaves the room. Ben moves the ball to a box. Clara sees Ben move it.
Question: Where does Clara think Anna will look for the ball?
A. Box
B. Table
C. Basket
D. Shelf",C,C,Yes
deepseek,deepseek-r1-mourse-14b-instruct-v0.2,12,11,"Story: Liam moves his friend's chair slightly before they sit down as a joke.
Question: What was Liam's likely intention?
A. To help his friend
B. To clean the room
C. To move furniture permanently
D. To make his friend laugh",D,D,Yes
deepseek,deepseek-r1-mourse-14b-instruct-v0.2,12,12,"Story: Emma puts a pen in a drawer and then goes outside to talk on the phone. While she is gone, Noah moves the pen to a box.
Question: Where will Emma look for the pen first?
A. Box
B. Table
C. Drawer
D. Bag",C,C,Yes
deepseek,deepseek-r1-mourse-14b-instruct-v0.2,12,13,"Story: Jake thinks his friend ignored his message, but actually the friend never received it.
Question: How might Jake feel?
A. Happy
B. Relaxed
C. Hurt
D. Proud",C,C,Yes
deepseek,deepseek-r1-mourse-14b-instruct-v0.2,12,14,"Story: A toy is behind a couch. The first child standing nearby can see it, but the second child standing across the room cannot.
Question: What does the second child believe?
A. The toy is visible
B. The toy is missing
C. The toy is broken
D. The toy is behind the couch",B,D,No
deepseek,deepseek-r1-mourse-14b-instruct-v0.2,12,15,"Story: Ava hides a ring in a bag. Later someone moves the ring to a drawer while Ava is outside.
Question: Where does Ava think the ring is?
A. Drawer
B. Shelf
C. Table
D. Bag",D,D,Yes
deepseek,deepseek-r1-mourse-14b-instruct-v0.2,12,16,"Story: Daniel studies very hard for a test and believes he will do well.
Question: How does Daniel most likely feel before taking the test?
A. Angry
B. Bored
C. Nervous but hopeful
D. Confused",C,C,Yes
deepseek,deepseek-r1-mourse-14b-instruct-v0.2,12,17,"Story: A child tells their friend the candy is in the kitchen even though it is actually in their pocket.
Question: What is the child trying to do?
A. Share the candy
B. Lose the candy
C. Clean the kitchen
D. Hide the candy",D,D,Yes
deepseek,deepseek-r1-mourse-14b-instruct-v0.2,12,18,"Story: Mia hides a toy in a drawer while Liam is watching. Later Liam leaves the room and Mia moves the toy to a box.
Question: Who knows the toy is in the box?
A. Liam only
B. Both Mia and Liam
C. Mia only
D. Neither",C,C,Yes
deepseek,deepseek-r1-mourse-14b-instruct-v0.2,12,19,"Story: Noah puts a coin in a jar. Emma watches. Noah leaves. Emma moves the coin to a drawer. Liam sees Emma move it.
Question: Where does Liam think Noah will look for the coin?
A. Drawer
B. Table
C. Shelf
D. Jar",D,D,Yes
deepseek,deepseek-r1-mourse-14b-instruct-v0.2,12,20,"Story: Ella believes her favorite mug is broken. Later she discovers it is actually fine.
Question: How will Ella most likely feel when she finds out?
A. Angry
B. Bored
C. Confused
D. Relieved",D,D,Yes
deepseek,deepseek-r1-mourse-14b-instruct-v0.2,13,1,"Story: Sam puts his watch in a drawer and leaves the room. While he is gone, Alex moves the watch to a box.
Question: Where will Sam look for the watch first?
A. Box
B. Table
C. Drawer
D. Shelf",C,C,Yes
deepseek,deepseek-r1-mourse-14b-instruct-v0.2,13,2,"Story: Nina thinks her cat ran away, but the cat is actually sleeping under the bed.
Question: How does Nina most likely feel before she checks under the bed?
A. Relieved
B. Proud
C. Excited
D. Worried",D,A,No
deepseek,deepseek-r1-mourse-14b-instruct-v0.2,13,3,"Story: Leo hides a coin in a cup. Emma is watching. Later Leo leaves the room and Emma moves the coin to a drawer.
Question: Who knows the coin was moved?
A. Leo only
B. Both Leo and Emma
C. Neither of them
D. Emma only",D,D,Yes
deepseek,deepseek-r1-mourse-14b-instruct-v0.2,13,4,"Story: You can see a dog behind a tree. Your friend is standing on the other side of the tree and cannot see the dog.
Question: What does your friend think is behind the tree?
A. A dog
B. A cat
C. A ball
D. Nothing",D,D,Yes
deepseek,deepseek-r1-mourse-14b-instruct-v0.2,13,5,"Story: Olivia hides a cookie in a jar. Jack watches. Olivia leaves the room. Jack moves the cookie to a cupboard.
Question: Where is the cookie really?
A. Jar
B. Table
C. Plate
D. Cupboard",D,D,Yes
deepseek,deepseek-r1-mourse-14b-instruct-v0.2,13,6,"Story: A child hides a toy in a drawer. Another child asks where it is. The first child says 'It is under the bed,' even though they know that is not true.
Question: Why did the child say this?
A. Because they forgot
B. Because they believe it is under the bed
C. To confuse the other child
D. Because they dislike toys",C,C,Yes
deepseek,deepseek-r1-mourse-14b-instruct-v0.2,13,7,"Story: Mark puts his keys in his backpack. Later someone moves the keys to a desk while Mark is outside.
Question: Where will Mark look for the keys first?
A. Desk
B. Pocket
C. Drawer
D. Backpack",D,D,Yes
deepseek,deepseek-r1-mourse-14b-instruct-v0.2,13,8,"Story: Sara thinks her lost phone is gone forever. Then she finds it in her jacket pocket.
Question: How will Sara most likely feel when she finds it?
A. Angry
B. Confused
C. Relieved
D. Bored",C,C,Yes
deepseek,deepseek-r1-mourse-14b-instruct-v0.2,13,9,"Story: Tom places a book in a cabinet while Maya watches. Later Tom leaves the room and Maya moves the book to a drawer.
Question: Does Tom know the book was moved?
A. Yes
B. No",B,B,Yes
deepseek,deepseek-r1-mourse-14b-instruct-v0.2,13,10,"Story: Anna hides a ball in a basket. Ben watches. Anna leaves the room. Ben moves the ball to a box. Clara sees Ben move it.
Question: Where does Clara think Anna will look for the ball?
A. Box
B. Table
C. Basket
D. Shelf",C,C,Yes
deepseek,deepseek-r1-mourse-14b-instruct-v0.2,13,11,"Story: Liam moves his friend's chair slightly before they sit down as a joke.
Question: What was Liam's likely intention?
A. To help his friend
B. To clean the room
C. To move furniture permanently
D. To make his friend laugh",D,D,Yes
deepseek,deepseek-r1-mourse-14b-instruct-v0.2,13,12,"Story: Emma puts a pen in a drawer and then goes outside to talk on the phone. While she is gone, Noah moves the pen to a box.
Question: Where will Emma look for the pen first?
A. Box
B. Table
C. Drawer
D. Bag",C,C,Yes
deepseek,deepseek-r1-mourse-14b-instruct-v0.2,13,13,"Story: Jake thinks his friend ignored his message, but actually the friend never received it.
Question: How might Jake feel?
A. Happy
B. Relaxed
C. Hurt
D. Proud",C,C,Yes
deepseek,deepseek-r1-mourse-14b-instruct-v0.2,13,14,"Story: A toy is behind a couch. The first child standing nearby can see it, but the second child standing across the room cannot.
Question: What does the second child believe?
A. The toy is visible
B. The toy is missing
C. The toy is broken
D. The toy is behind the couch",B,D,No
deepseek,deepseek-r1-mourse-14b-instruct-v0.2,13,15,"Story: Ava hides a ring in a bag. Later someone moves the ring to a drawer while Ava is outside.
Question: Where does Ava think the ring is?
A. Drawer
B. Shelf
C. Table
D. Bag",D,D,Yes
deepseek,deepseek-r1-mourse-14b-instruct-v0.2,13,16,"Story: Daniel studies very hard for a test and believes he will do well.
Question: How does Daniel most likely feel before taking the test?
A. Angry
B. Bored
C. Nervous but hopeful
D. Confused",C,C,Yes
deepseek,deepseek-r1-mourse-14b-instruct-v0.2,13,17,"Story: A child tells their friend the candy is in the kitchen even though it is actually in their pocket.
Question: What is the child trying to do?
A. Share the candy
B. Lose the candy
C. Clean the kitchen
D. Hide the candy",D,D,Yes
deepseek,deepseek-r1-mourse-14b-instruct-v0.2,13,18,"Story: Mia hides a toy in a drawer while Liam is watching. Later Liam leaves the room and Mia moves the toy to a box.
Question: Who knows the toy is in the box?
A. Liam only
B. Both Mia and Liam
C. Mia only
D. Neither",C,C,Yes
deepseek,deepseek-r1-mourse-14b-instruct-v0.2,13,19,"Story: Noah puts a coin in a jar. Emma watches. Noah leaves. Emma moves the coin to a drawer. Liam sees Emma move it.
Question: Where does Liam think Noah will look for the coin?
A. Drawer
B. Table
C. Shelf
D. Jar",D,D,Yes
deepseek,deepseek-r1-mourse-14b-instruct-v0.2,13,20,"Story: Ella believes her favorite mug is broken. Later she discovers it is actually fine.
Question: How will Ella most likely feel when she finds out?
A. Angry
B. Bored
C. Confused
D. Relieved",D,D,Yes
deepseek,deepseek-r1-mourse-14b-instruct-v0.2,14,1,"Story: Sam puts his watch in a drawer and leaves the room. While he is gone, Alex moves the watch to a box.
Question: Where will Sam look for the watch first?
A. Box
B. Table
C. Drawer
D. Shelf",C,C,Yes
deepseek,deepseek-r1-mourse-14b-instruct-v0.2,14,2,"Story: Nina thinks her cat ran away, but the cat is actually sleeping under the bed.
Question: How does Nina most likely feel before she checks under the bed?
A. Relieved
B. Proud
C. Excited
D. Worried",D,D,Yes
deepseek,deepseek-r1-mourse-14b-instruct-v0.2,14,3,"Story: Leo hides a coin in a cup. Emma is watching. Later Leo leaves the room and Emma moves the coin to a drawer.
Question: Who knows the coin was moved?
A. Leo only
B. Both Leo and Emma
C. Neither of them
D. Emma only",D,D,Yes
deepseek,deepseek-r1-mourse-14b-instruct-v0.2,14,4,"Story: You can see a dog behind a tree. Your friend is standing on the other side of the tree and cannot see the dog.
Question: What does your friend think is behind the tree?
A. A dog
B. A cat
C. A ball
D. Nothing",D,D,Yes
deepseek,deepseek-r1-mourse-14b-instruct-v0.2,14,5,"Story: Olivia hides a cookie in a jar. Jack watches. Olivia leaves the room. Jack moves the cookie to a cupboard.
Question: Where is the cookie really?
A. Jar
B. Table
C. Plate
D. Cupboard",D,D,Yes
deepseek,deepseek-r1-mourse-14b-instruct-v0.2,14,6,"Story: A child hides a toy in a drawer. Another child asks where it is. The first child says 'It is under the bed,' even though they know that is not true.
Question: Why did the child say this?
A. Because they forgot
B. Because they believe it is under the bed
C. To confuse the other child
D. Because they dislike toys",C,C,Yes
deepseek,deepseek-r1-mourse-14b-instruct-v0.2,14,7,"Story: Mark puts his keys in his backpack. Later someone moves the keys to a desk while Mark is outside.
Question: Where will Mark look for the keys first?
A. Desk
B. Pocket
C. Drawer
D. Backpack",D,D,Yes
deepseek,deepseek-r1-mourse-14b-instruct-v0.2,14,8,"Story: Sara thinks her lost phone is gone forever. Then she finds it in her jacket pocket.
Question: How will Sara most likely feel when she finds it?
A. Angry
B. Confused
C. Relieved
D. Bored",C,C,Yes
deepseek,deepseek-r1-mourse-14b-instruct-v0.2,14,9,"Story: Tom places a book in a cabinet while Maya watches. Later Tom leaves the room and Maya moves the book to a drawer.
Question: Does Tom know the book was moved?
A. Yes
B. No",B,B,Yes
deepseek,deepseek-r1-mourse-14b-instruct-v0.2,14,10,"Story: Anna hides a ball in a basket. Ben watches. Anna leaves the room. Ben moves the ball to a box. Clara sees Ben move it.
Question: Where does Clara think Anna will look for the ball?
A. Box
B. Table
C. Basket
D. Shelf",C,C,Yes
deepseek,deepseek-r1-mourse-14b-instruct-v0.2,14,11,"Story: Liam moves his friend's chair slightly before they sit down as a joke.
Question: What was Liam's likely intention?
A. To help his friend
B. To clean the room
C. To move furniture permanently
D. To make his friend laugh",D,D,Yes
deepseek,deepseek-r1-mourse-14b-instruct-v0.2,14,12,"Story: Emma puts a pen in a drawer and then goes outside to talk on the phone. While she is gone, Noah moves the pen to a box.
Question: Where will Emma look for the pen first?
A. Box
B. Table
C. Drawer
D. Bag",C,C,Yes
deepseek,deepseek-r1-mourse-14b-instruct-v0.2,14,13,"Story: Jake thinks his friend ignored his message, but actually the friend never received it.
Question: How might Jake feel?
A. Happy
B. Relaxed
C. Hurt
D. Proud",C,C,Yes
deepseek,deepseek-r1-mourse-14b-instruct-v0.2,14,14,"Story: A toy is behind a couch. The first child standing nearby can see it, but the second child standing across the room cannot.
Question: What does the second child believe?
A. The toy is visible
B. The toy is missing
C. The toy is broken
D. The toy is behind the couch",B,B,Yes
deepseek,deepseek-r1-mourse-14b-instruct-v0.2,14,15,"Story: Ava hides a ring in a bag. Later someone moves the ring to a drawer while Ava is outside.
Question: Where does Ava think the ring is?
A. Drawer
B. Shelf
C. Table
D. Bag",D,D,Yes
deepseek,deepseek-r1-mourse-14b-instruct-v0.2,14,16,"Story: Daniel studies very hard for a test and believes he will do well.
Question: How does Daniel most likely feel before taking the test?
A. Angry
B. Bored
C. Nervous but hopeful
D. Confused",C,C,Yes
deepseek,deepseek-r1-mourse-14b-instruct-v0.2,14,17,"Story: A child tells their friend the candy is in the kitchen even though it is actually in their pocket.
Question: What is the child trying to do?
A. Share the candy
B. Lose the candy
C. Clean the kitchen
D. Hide the candy",D,D,Yes
deepseek,deepseek-r1-mourse-14b-instruct-v0.2,14,18,"Story: Mia hides a toy in a drawer while Liam is watching. Later Liam leaves the room and Mia moves the toy to a box.
Question: Who knows the toy is in the box?
A. Liam only
B. Both Mia and Liam
C. Mia only
D. Neither",C,C,Yes
deepseek,deepseek-r1-mourse-14b-instruct-v0.2,14,19,"Story: Noah puts a coin in a jar. Emma watches. Noah leaves. Emma moves the coin to a drawer. Liam sees Emma move it.
Question: Where does Liam think Noah will look for the coin?
A. Drawer
B. Table
C. Shelf
D. Jar",D,A,No
deepseek,deepseek-r1-mourse-14b-instruct-v0.2,14,20,"Story: Ella believes her favorite mug is broken. Later she discovers it is actually fine.
Question: How will Ella most likely feel when she finds out?
A. Angry
B. Bored
C. Confused
D. Relieved",D,D,Yes
deepseek,deepseek-r1-mourse-14b-instruct-v0.2,15,1,"Story: Sam puts his watch in a drawer and leaves the room. While he is gone, Alex moves the watch to a box.
Question: Where will Sam look for the watch first?
A. Box
B. Table
C. Drawer
D. Shelf",C,C,Yes
deepseek,deepseek-r1-mourse-14b-instruct-v0.2,15,2,"Story: Nina thinks her cat ran away, but the cat is actually sleeping under the bed.
Question: How does Nina most likely feel before she checks under the bed?
A. Relieved
B. Proud
C. Excited
D. Worried",D,D,Yes
deepseek,deepseek-r1-mourse-14b-instruct-v0.2,15,3,"Story: Leo hides a coin in a cup. Emma is watching. Later Leo leaves the room and Emma moves the coin to a drawer.
Question: Who knows the coin was moved?
A. Leo only
B. Both Leo and Emma
C. Neither of them
D. Emma only",D,D,Yes
deepseek,deepseek-r1-mourse-14b-instruct-v0.2,15,4,"Story: You can see a dog behind a tree. Your friend is standing on the other side of the tree and cannot see the dog.
Question: What does your friend think is behind the tree?
A. A dog
B. A cat
C. A ball
D. Nothing",D,D,Yes
deepseek,deepseek-r1-mourse-14b-instruct-v0.2,15,5,"Story: Olivia hides a cookie in a jar. Jack watches. Olivia leaves the room. Jack moves the cookie to a cupboard.
Question: Where is the cookie really?
A. Jar
B. Table
C. Plate
D. Cupboard",D,D,Yes
deepseek,deepseek-r1-mourse-14b-instruct-v0.2,15,6,"Story: A child hides a toy in a drawer. Another child asks where it is. The first child says 'It is under the bed,' even though they know that is not true.
Question: Why did the child say this?
A. Because they forgot
B. Because they believe it is under the bed
C. To confuse the other child
D. Because they dislike toys",C,C,Yes
deepseek,deepseek-r1-mourse-14b-instruct-v0.2,15,7,"Story: Mark puts his keys in his backpack. Later someone moves the keys to a desk while Mark is outside.
Question: Where will Mark look for the keys first?
A. Desk
B. Pocket
C. Drawer
D. Backpack",D,D,Yes
deepseek,deepseek-r1-mourse-14b-instruct-v0.2,15,8,"Story: Sara thinks her lost phone is gone forever. Then she finds it in her jacket pocket.
Question: How will Sara most likely feel when she finds it?
A. Angry
B. Confused
C. Relieved
D. Bored",C,C,Yes
deepseek,deepseek-r1-mourse-14b-instruct-v0.2,15,9,"Story: Tom places a book in a cabinet while Maya watches. Later Tom leaves the room and Maya moves the book to a drawer.
Question: Does Tom know the book was moved?
A. Yes
B. No",B,A,No
deepseek,deepseek-r1-mourse-14b-instruct-v0.2,15,10,"Story: Anna hides a ball in a basket. Ben watches. Anna leaves the room. Ben moves the ball to a box. Clara sees Ben move it.
Question: Where does Clara think Anna will look for the ball?
A. Box
B. Table
C. Basket
D. Shelf",C,A,No
deepseek,deepseek-r1-mourse-14b-instruct-v0.2,15,11,"Story: Liam moves his friend's chair slightly before they sit down as a joke.
Question: What was Liam's likely intention?
A. To help his friend
B. To clean the room
C. To move furniture permanently
D. To make his friend laugh",D,D,Yes
deepseek,deepseek-r1-mourse-14b-instruct-v0.2,15,12,"Story: Emma puts a pen in a drawer and then goes outside to talk on the phone. While she is gone, Noah moves the pen to a box.
Question: Where will Emma look for the pen first?
A. Box
B. Table
C. Drawer
D. Bag",C,C,Yes
deepseek,deepseek-r1-mourse-14b-instruct-v0.2,15,13,"Story: Jake thinks his friend ignored his message, but actually the friend never received it.
Question: How might Jake feel?
A. Happy
B. Relaxed
C. Hurt
D. Proud",C,C,Yes
deepseek,deepseek-r1-mourse-14b-instruct-v0.2,15,14,"Story: A toy is behind a couch. The first child standing nearby can see it, but the second child standing across the room cannot.
Question: What does the second child believe?
A. The toy is visible
B. The toy is missing
C. The toy is broken
D. The toy is behind the couch",B,D,No
deepseek,deepseek-r1-mourse-14b-instruct-v0.2,15,15,"Story: Ava hides a ring in a bag. Later someone moves the ring to a drawer while Ava is outside.
Question: Where does Ava think the ring is?
A. Drawer
B. Shelf
C. Table
D. Bag",D,D,Yes
deepseek,deepseek-r1-mourse-14b-instruct-v0.2,15,16,"Story: Daniel studies very hard for a test and believes he will do well.
Question: How does Daniel most likely feel before taking the test?
A. Angry
B. Bored
C. Nervous but hopeful
D. Confused",C,C,Yes
deepseek,deepseek-r1-mourse-14b-instruct-v0.2,15,17,"Story: A child tells their friend the candy is in the kitchen even though it is actually in their pocket.
Question: What is the child trying to do?
A. Share the candy
B. Lose the candy
C. Clean the kitchen
D. Hide the candy",D,D,Yes
deepseek,deepseek-r1-mourse-14b-instruct-v0.2,15,18,"Story: Mia hides a toy in a drawer while Liam is watching. Later Liam leaves the room and Mia moves the toy to a box.
Question: Who knows the toy is in the box?
A. Liam only
B. Both Mia and Liam
C. Mia only
D. Neither",C,A,No
deepseek,deepseek-r1-mourse-14b-instruct-v0.2,15,19,"Story: Noah puts a coin in a jar. Emma watches. Noah leaves. Emma moves the coin to a drawer. Liam sees Emma move it.
Question: Where does Liam think Noah will look for the coin?
A. Drawer
B. Table
C. Shelf
D. Jar",D,D,Yes
deepseek,deepseek-r1-mourse-14b-instruct-v0.2,15,20,"Story: Ella believes her favorite mug is broken. Later she discovers it is actually fine.
Question: How will Ella most likely feel when she finds out?
A. Angry
B. Bored
C. Confused
D. Relieved",D,D,Yes
deepseek,deepseek-r1-mourse-14b-instruct-v0.2,16,1,"Story: Sam puts his watch in a drawer and leaves the room. While he is gone, Alex moves the watch to a box.
Question: Where will Sam look for the watch first?
A. Box
B. Table
C. Drawer
D. Shelf",C,C,Yes
deepseek,deepseek-r1-mourse-14b-instruct-v0.2,16,2,"Story: Nina thinks her cat ran away, but the cat is actually sleeping under the bed.
Question: How does Nina most likely feel before she checks under the bed?
A. Relieved
B. Proud
C. Excited
D. Worried",D,D,Yes
deepseek,deepseek-r1-mourse-14b-instruct-v0.2,16,3,"Story: Leo hides a coin in a cup. Emma is watching. Later Leo leaves the room and Emma moves the coin to a drawer.
Question: Who knows the coin was moved?
A. Leo only
B. Both Leo and Emma
C. Neither of them
D. Emma only",D,D,Yes
deepseek,deepseek-r1-mourse-14b-instruct-v0.2,16,4,"Story: You can see a dog behind a tree. Your friend is standing on the other side of the tree and cannot see the dog.
Question: What does your friend think is behind the tree?
A. A dog
B. A cat
C. A ball
D. Nothing",D,D,Yes
deepseek,deepseek-r1-mourse-14b-instruct-v0.2,16,5,"Story: Olivia hides a cookie in a jar. Jack watches. Olivia leaves the room. Jack moves the cookie to a cupboard.
Question: Where is the cookie really?
A. Jar
B. Table
C. Plate
D. Cupboard",D,D,Yes
deepseek,deepseek-r1-mourse-14b-instruct-v0.2,16,6,"Story: A child hides a toy in a drawer. Another child asks where it is. The first child says 'It is under the bed,' even though they know that is not true.
Question: Why did the child say this?
A. Because they forgot
B. Because they believe it is under the bed
C. To confuse the other child
D. Because they dislike toys",C,C,Yes
deepseek,deepseek-r1-mourse-14b-instruct-v0.2,16,7,"Story: Mark puts his keys in his backpack. Later someone moves the keys to a desk while Mark is outside.
Question: Where will Mark look for the keys first?
A. Desk
B. Pocket
C. Drawer
D. Backpack",D,D,Yes
deepseek,deepseek-r1-mourse-14b-instruct-v0.2,16,8,"Story: Sara thinks her lost phone is gone forever. Then she finds it in her jacket pocket.
Question: How will Sara most likely feel when she finds it?
A. Angry
B. Confused
C. Relieved
D. Bored",C,C,Yes
deepseek,deepseek-r1-mourse-14b-instruct-v0.2,16,9,"Story: Tom places a book in a cabinet while Maya watches. Later Tom leaves the room and Maya moves the book to a drawer.
Question: Does Tom know the book was moved?
A. Yes
B. No",B,B,Yes
deepseek,deepseek-r1-mourse-14b-instruct-v0.2,16,10,"Story: Anna hides a ball in a basket. Ben watches. Anna leaves the room. Ben moves the ball to a box. Clara sees Ben move it.
Question: Where does Clara think Anna will look for the ball?
A. Box
B. Table
C. Basket
D. Shelf",C,C,Yes
deepseek,deepseek-r1-mourse-14b-instruct-v0.2,16,11,"Story: Liam moves his friend's chair slightly before they sit down as a joke.
Question: What was Liam's likely intention?
A. To help his friend
B. To clean the room
C. To move furniture permanently
D. To make his friend laugh",D,D,Yes
deepseek,deepseek-r1-mourse-14b-instruct-v0.2,16,12,"Story: Emma puts a pen in a drawer and then goes outside to talk on the phone. While she is gone, Noah moves the pen to a box.
Question: Where will Emma look for the pen first?
A. Box
B. Table
C. Drawer
D. Bag",C,C,Yes
deepseek,deepseek-r1-mourse-14b-instruct-v0.2,16,13,"Story: Jake thinks his friend ignored his message, but actually the friend never received it.
Question: How might Jake feel?
A. Happy
B. Relaxed
C. Hurt
D. Proud",C,C,Yes
deepseek,deepseek-r1-mourse-14b-instruct-v0.2,16,14,"Story: A toy is behind a couch. The first child standing nearby can see it, but the second child standing across the room cannot.
Question: What does the second child believe?
A. The toy is visible
B. The toy is missing
C. The toy is broken
D. The toy is behind the couch",B,D,No
deepseek,deepseek-r1-mourse-14b-instruct-v0.2,16,15,"Story: Ava hides a ring in a bag. Later someone moves the ring to a drawer while Ava is outside.
Question: Where does Ava think the ring is?
A. Drawer
B. Shelf
C. Table
D. Bag",D,D,Yes
deepseek,deepseek-r1-mourse-14b-instruct-v0.2,16,16,"Story: Daniel studies very hard for a test and believes he will do well.
Question: How does Daniel most likely feel before taking the test?
A. Angry
B. Bored
C. Nervous but hopeful
D. Confused",C,C,Yes
deepseek,deepseek-r1-mourse-14b-instruct-v0.2,16,17,"Story: A child tells their friend the candy is in the kitchen even though it is actually in their pocket.
Question: What is the child trying to do?
A. Share the candy
B. Lose the candy
C. Clean the kitchen
D. Hide the candy",D,D,Yes
deepseek,deepseek-r1-mourse-14b-instruct-v0.2,16,18,"Story: Mia hides a toy in a drawer while Liam is watching. Later Liam leaves the room and Mia moves the toy to a box.
Question: Who knows the toy is in the box?
A. Liam only
B. Both Mia and Liam
C. Mia only
D. Neither",C,C,Yes
deepseek,deepseek-r1-mourse-14b-instruct-v0.2,16,19,"Story: Noah puts a coin in a jar. Emma watches. Noah leaves. Emma moves the coin to a drawer. Liam sees Emma move it.
Question: Where does Liam think Noah will look for the coin?
A. Drawer
B. Table
C. Shelf
D. Jar",D,D,Yes
deepseek,deepseek-r1-mourse-14b-instruct-v0.2,16,20,"Story: Ella believes her favorite mug is broken. Later she discovers it is actually fine.
Question: How will Ella most likely feel when she finds out?
A. Angry
B. Bored
C. Confused
D. Relieved",D,D,Yes
deepseek,deepseek-r1-mourse-14b-instruct-v0.2,17,1,"Story: Sam puts his watch in a drawer and leaves the room. While he is gone, Alex moves the watch to a box.
Question: Where will Sam look for the watch first?
A. Box
B. Table
C. Drawer
D. Shelf",C,C,Yes
deepseek,deepseek-r1-mourse-14b-instruct-v0.2,17,2,"Story: Nina thinks her cat ran away, but the cat is actually sleeping under the bed.
Question: How does Nina most likely feel before she checks under the bed?
A. Relieved
B. Proud
C. Excited
D. Worried",D,D,Yes
deepseek,deepseek-r1-mourse-14b-instruct-v0.2,17,3,"Story: Leo hides a coin in a cup. Emma is watching. Later Leo leaves the room and Emma moves the coin to a drawer.
Question: Who knows the coin was moved?
A. Leo only
B. Both Leo and Emma
C. Neither of them
D. Emma only",D,D,Yes
deepseek,deepseek-r1-mourse-14b-instruct-v0.2,17,4,"Story: You can see a dog behind a tree. Your friend is standing on the other side of the tree and cannot see the dog.
Question: What does your friend think is behind the tree?
A. A dog
B. A cat
C. A ball
D. Nothing",D,D,Yes
deepseek,deepseek-r1-mourse-14b-instruct-v0.2,17,5,"Story: Olivia hides a cookie in a jar. Jack watches. Olivia leaves the room. Jack moves the cookie to a cupboard.
Question: Where is the cookie really?
A. Jar
B. Table
C. Plate
D. Cupboard",D,D,Yes
deepseek,deepseek-r1-mourse-14b-instruct-v0.2,17,6,"Story: A child hides a toy in a drawer. Another child asks where it is. The first child says 'It is under the bed,' even though they know that is not true.
Question: Why did the child say this?
A. Because they forgot
B. Because they believe it is under the bed
C. To confuse the other child
D. Because they dislike toys",C,C,Yes
deepseek,deepseek-r1-mourse-14b-instruct-v0.2,17,7,"Story: Mark puts his keys in his backpack. Later someone moves the keys to a desk while Mark is outside.
Question: Where will Mark look for the keys first?
A. Desk
B. Pocket
C. Drawer
D. Backpack",D,D,Yes
deepseek,deepseek-r1-mourse-14b-instruct-v0.2,17,8,"Story: Sara thinks her lost phone is gone forever. Then she finds it in her jacket pocket.
Question: How will Sara most likely feel when she finds it?
A. Angry
B. Confused
C. Relieved
D. Bored",C,C,Yes
deepseek,deepseek-r1-mourse-14b-instruct-v0.2,17,9,"Story: Tom places a book in a cabinet while Maya watches. Later Tom leaves the room and Maya moves the book to a drawer.
Question: Does Tom know the book was moved?
A. Yes
B. No",B,B,Yes
deepseek,deepseek-r1-mourse-14b-instruct-v0.2,17,10,"Story: Anna hides a ball in a basket. Ben watches. Anna leaves the room. Ben moves the ball to a box. Clara sees Ben move it.
Question: Where does Clara think Anna will look for the ball?
A. Box
B. Table
C. Basket
D. Shelf",C,C,Yes
deepseek,deepseek-r1-mourse-14b-instruct-v0.2,17,11,"Story: Liam moves his friend's chair slightly before they sit down as a joke.
Question: What was Liam's likely intention?
A. To help his friend
B. To clean the room
C. To move furniture permanently
D. To make his friend laugh",D,D,Yes
deepseek,deepseek-r1-mourse-14b-instruct-v0.2,17,12,"Story: Emma puts a pen in a drawer and then goes outside to talk on the phone. While she is gone, Noah moves the pen to a box.
Question: Where will Emma look for the pen first?
A. Box
B. Table
C. Drawer
D. Bag",C,C,Yes
deepseek,deepseek-r1-mourse-14b-instruct-v0.2,17,13,"Story: Jake thinks his friend ignored his message, but actually the friend never received it.
Question: How might Jake feel?
A. Happy
B. Relaxed
C. Hurt
D. Proud",C,C,Yes
deepseek,deepseek-r1-mourse-14b-instruct-v0.2,17,14,"Story: A toy is behind a couch. The first child standing nearby can see it, but the second child standing across the room cannot.
Question: What does the second child believe?
A. The toy is visible
B. The toy is missing
C. The toy is broken
D. The toy is behind the couch",B,D,No
deepseek,deepseek-r1-mourse-14b-instruct-v0.2,17,15,"Story: Ava hides a ring in a bag. Later someone moves the ring to a drawer while Ava is outside.
Question: Where does Ava think the ring is?
A. Drawer
B. Shelf
C. Table
D. Bag",D,D,Yes
deepseek,deepseek-r1-mourse-14b-instruct-v0.2,17,16,"Story: Daniel studies very hard for a test and believes he will do well.
Question: How does Daniel most likely feel before taking the test?
A. Angry
B. Bored
C. Nervous but hopeful
D. Confused",C,C,Yes
deepseek,deepseek-r1-mourse-14b-instruct-v0.2,17,17,"Story: A child tells their friend the candy is in the kitchen even though it is actually in their pocket.
Question: What is the child trying to do?
A. Share the candy
B. Lose the candy
C. Clean the kitchen
D. Hide the candy",D,D,Yes
deepseek,deepseek-r1-mourse-14b-instruct-v0.2,17,18,"Story: Mia hides a toy in a drawer while Liam is watching. Later Liam leaves the room and Mia moves the toy to a box.
Question: Who knows the toy is in the box?
A. Liam only
B. Both Mia and Liam
C. Mia only
D. Neither",C,C,Yes
deepseek,deepseek-r1-mourse-14b-instruct-v0.2,17,19,"Story: Noah puts a coin in a jar. Emma watches. Noah leaves. Emma moves the coin to a drawer. Liam sees Emma move it.
Question: Where does Liam think Noah will look for the coin?
A. Drawer
B. Table
C. Shelf
D. Jar",D,D,Yes
deepseek,deepseek-r1-mourse-14b-instruct-v0.2,17,20,"Story: Ella believes her favorite mug is broken. Later she discovers it is actually fine.
Question: How will Ella most likely feel when she finds out?
A. Angry
B. Bored
C. Confused
D. Relieved",D,D,Yes
deepseek,deepseek-r1-mourse-14b-instruct-v0.2,18,1,"Story: Sam puts his watch in a drawer and leaves the room. While he is gone, Alex moves the watch to a box.
Question: Where will Sam look for the watch first?
A. Box
B. Table
C. Drawer
D. Shelf",C,C,Yes
deepseek,deepseek-r1-mourse-14b-instruct-v0.2,18,2,"Story: Nina thinks her cat ran away, but the cat is actually sleeping under the bed.
Question: How does Nina most likely feel before she checks under the bed?
A. Relieved
B. Proud
C. Excited
D. Worried",D,D,Yes
deepseek,deepseek-r1-mourse-14b-instruct-v0.2,18,3,"Story: Leo hides a coin in a cup. Emma is watching. Later Leo leaves the room and Emma moves the coin to a drawer.
Question: Who knows the coin was moved?
A. Leo only
B. Both Leo and Emma
C. Neither of them
D. Emma only",D,D,Yes
deepseek,deepseek-r1-mourse-14b-instruct-v0.2,18,4,"Story: You can see a dog behind a tree. Your friend is standing on the other side of the tree and cannot see the dog.
Question: What does your friend think is behind the tree?
A. A dog
B. A cat
C. A ball
D. Nothing",D,D,Yes
deepseek,deepseek-r1-mourse-14b-instruct-v0.2,18,5,"Story: Olivia hides a cookie in a jar. Jack watches. Olivia leaves the room. Jack moves the cookie to a cupboard.
Question: Where is the cookie really?
A. Jar
B. Table
C. Plate
D. Cupboard",D,D,Yes
deepseek,deepseek-r1-mourse-14b-instruct-v0.2,18,6,"Story: A child hides a toy in a drawer. Another child asks where it is. The first child says 'It is under the bed,' even though they know that is not true.
Question: Why did the child say this?
A. Because they forgot
B. Because they believe it is under the bed
C. To confuse the other child
D. Because they dislike toys",C,C,Yes
deepseek,deepseek-r1-mourse-14b-instruct-v0.2,18,7,"Story: Mark puts his keys in his backpack. Later someone moves the keys to a desk while Mark is outside.
Question: Where will Mark look for the keys first?
A. Desk
B. Pocket
C. Drawer
D. Backpack",D,D,Yes
deepseek,deepseek-r1-mourse-14b-instruct-v0.2,18,8,"Story: Sara thinks her lost phone is gone forever. Then she finds it in her jacket pocket.
Question: How will Sara most likely feel when she finds it?
A. Angry
B. Confused
C. Relieved
D. Bored",C,C,Yes
deepseek,deepseek-r1-mourse-14b-instruct-v0.2,18,9,"Story: Tom places a book in a cabinet while Maya watches. Later Tom leaves the room and Maya moves the book to a drawer.
Question: Does Tom know the book was moved?
A. Yes
B. No",B,B,Yes
deepseek,deepseek-r1-mourse-14b-instruct-v0.2,18,10,"Story: Anna hides a ball in a basket. Ben watches. Anna leaves the room. Ben moves the ball to a box. Clara sees Ben move it.
Question: Where does Clara think Anna will look for the ball?
A. Box
B. Table
C. Basket
D. Shelf",C,C,Yes
deepseek,deepseek-r1-mourse-14b-instruct-v0.2,18,11,"Story: Liam moves his friend's chair slightly before they sit down as a joke.
Question: What was Liam's likely intention?
A. To help his friend
B. To clean the room
C. To move furniture permanently
D. To make his friend laugh",D,D,Yes
deepseek,deepseek-r1-mourse-14b-instruct-v0.2,18,12,"Story: Emma puts a pen in a drawer and then goes outside to talk on the phone. While she is gone, Noah moves the pen to a box.
Question: Where will Emma look for the pen first?
A. Box
B. Table
C. Drawer
D. Bag",C,C,Yes
deepseek,deepseek-r1-mourse-14b-instruct-v0.2,18,13,"Story: Jake thinks his friend ignored his message, but actually the friend never received it.
Question: How might Jake feel?
A. Happy
B. Relaxed
C. Hurt
D. Proud",C,C,Yes
deepseek,deepseek-r1-mourse-14b-instruct-v0.2,18,14,"Story: A toy is behind a couch. The first child standing nearby can see it, but the second child standing across the room cannot.
Question: What does the second child believe?
A. The toy is visible
B. The toy is missing
C. The toy is broken
D. The toy is behind the couch",B,A,No
deepseek,deepseek-r1-mourse-14b-instruct-v0.2,18,15,"Story: Ava hides a ring in a bag. Later someone moves the ring to a drawer while Ava is outside.
Question: Where does Ava think the ring is?
A. Drawer
B. Shelf
C. Table
D. Bag",D,D,Yes
deepseek,deepseek-r1-mourse-14b-instruct-v0.2,18,16,"Story: Daniel studies very hard for a test and believes he will do well.
Question: How does Daniel most likely feel before taking the test?
A. Angry
B. Bored
C. Nervous but hopeful
D. Confused",C,C,Yes
deepseek,deepseek-r1-mourse-14b-instruct-v0.2,18,17,"Story: A child tells their friend the candy is in the kitchen even though it is actually in their pocket.
Question: What is the child trying to do?
A. Share the candy
B. Lose the candy
C. Clean the kitchen
D. Hide the candy",D,D,Yes
deepseek,deepseek-r1-mourse-14b-instruct-v0.2,18,18,"Story: Mia hides a toy in a drawer while Liam is watching. Later Liam leaves the room and Mia moves the toy to a box.
Question: Who knows the toy is in the box?
A. Liam only
B. Both Mia and Liam
C. Mia only
D. Neither",C,C,Yes
deepseek,deepseek-r1-mourse-14b-instruct-v0.2,18,19,"Story: Noah puts a coin in a jar. Emma watches. Noah leaves. Emma moves the coin to a drawer. Liam sees Emma move it.
Question: Where does Liam think Noah will look for the coin?
A. Drawer
B. Table
C. Shelf
D. Jar",D,D,Yes
deepseek,deepseek-r1-mourse-14b-instruct-v0.2,18,20,"Story: Ella believes her favorite mug is broken. Later she discovers it is actually fine.
Question: How will Ella most likely feel when she finds out?
A. Angry
B. Bored
C. Confused
D. Relieved",D,D,Yes
deepseek,deepseek-r1-mourse-14b-instruct-v0.2,19,1,"Story: Sam puts his watch in a drawer and leaves the room. While he is gone, Alex moves the watch to a box.
Question: Where will Sam look for the watch first?
A. Box
B. Table
C. Drawer
D. Shelf",C,C,Yes
deepseek,deepseek-r1-mourse-14b-instruct-v0.2,19,2,"Story: Nina thinks her cat ran away, but the cat is actually sleeping under the bed.
Question: How does Nina most likely feel before she checks under the bed?
A. Relieved
B. Proud
C. Excited
D. Worried",D,D,Yes
deepseek,deepseek-r1-mourse-14b-instruct-v0.2,19,3,"Story: Leo hides a coin in a cup. Emma is watching. Later Leo leaves the room and Emma moves the coin to a drawer.
Question: Who knows the coin was moved?
A. Leo only
B. Both Leo and Emma
C. Neither of them
D. Emma only",D,D,Yes
deepseek,deepseek-r1-mourse-14b-instruct-v0.2,19,4,"Story: You can see a dog behind a tree. Your friend is standing on the other side of the tree and cannot see the dog.
Question: What does your friend think is behind the tree?
A. A dog
B. A cat
C. A ball
D. Nothing",D,D,Yes
deepseek,deepseek-r1-mourse-14b-instruct-v0.2,19,5,"Story: Olivia hides a cookie in a jar. Jack watches. Olivia leaves the room. Jack moves the cookie to a cupboard.
Question: Where is the cookie really?
A. Jar
B. Table
C. Plate
D. Cupboard",D,D,Yes
deepseek,deepseek-r1-mourse-14b-instruct-v0.2,19,6,"Story: A child hides a toy in a drawer. Another child asks where it is. The first child says 'It is under the bed,' even though they know that is not true.
Question: Why did the child say this?
A. Because they forgot
B. Because they believe it is under the bed
C. To confuse the other child
D. Because they dislike toys",C,C,Yes
deepseek,deepseek-r1-mourse-14b-instruct-v0.2,19,7,"Story: Mark puts his keys in his backpack. Later someone moves the keys to a desk while Mark is outside.
Question: Where will Mark look for the keys first?
A. Desk
B. Pocket
C. Drawer
D. Backpack",D,D,Yes
deepseek,deepseek-r1-mourse-14b-instruct-v0.2,19,8,"Story: Sara thinks her lost phone is gone forever. Then she finds it in her jacket pocket.
Question: How will Sara most likely feel when she finds it?
A. Angry
B. Confused
C. Relieved
D. Bored",C,C,Yes
deepseek,deepseek-r1-mourse-14b-instruct-v0.2,19,9,"Story: Tom places a book in a cabinet while Maya watches. Later Tom leaves the room and Maya moves the book to a drawer.
Question: Does Tom know the book was moved?
A. Yes
B. No",B,B,Yes
deepseek,deepseek-r1-mourse-14b-instruct-v0.2,19,10,"Story: Anna hides a ball in a basket. Ben watches. Anna leaves the room. Ben moves the ball to a box. Clara sees Ben move it.
Question: Where does Clara think Anna will look for the ball?
A. Box
B. Table
C. Basket
D. Shelf",C,C,Yes
deepseek,deepseek-r1-mourse-14b-instruct-v0.2,19,11,"Story: Liam moves his friend's chair slightly before they sit down as a joke.
Question: What was Liam's likely intention?
A. To help his friend
B. To clean the room
C. To move furniture permanently
D. To make his friend laugh",D,D,Yes
deepseek,deepseek-r1-mourse-14b-instruct-v0.2,19,12,"Story: Emma puts a pen in a drawer and then goes outside to talk on the phone. While she is gone, Noah moves the pen to a box.
Question: Where will Emma look for the pen first?
A. Box
B. Table
C. Drawer
D. Bag",C,C,Yes
deepseek,deepseek-r1-mourse-14b-instruct-v0.2,19,13,"Story: Jake thinks his friend ignored his message, but actually the friend never received it.
Question: How might Jake feel?
A. Happy
B. Relaxed
C. Hurt
D. Proud",C,C,Yes
deepseek,deepseek-r1-mourse-14b-instruct-v0.2,19,14,"Story: A toy is behind a couch. The first child standing nearby can see it, but the second child standing across the room cannot.
Question: What does the second child believe?
A. The toy is visible
B. The toy is missing
C. The toy is broken
D. The toy is behind the couch",B,B,Yes
deepseek,deepseek-r1-mourse-14b-instruct-v0.2,19,15,"Story: Ava hides a ring in a bag. Later someone moves the ring to a drawer while Ava is outside.
Question: Where does Ava think the ring is?
A. Drawer
B. Shelf
C. Table
D. Bag",D,D,Yes
deepseek,deepseek-r1-mourse-14b-instruct-v0.2,19,16,"Story: Daniel studies very hard for a test and believes he will do well.
Question: How does Daniel most likely feel before taking the test?
A. Angry
B. Bored
C. Nervous but hopeful
D. Confused",C,C,Yes
deepseek,deepseek-r1-mourse-14b-instruct-v0.2,19,17,"Story: A child tells their friend the candy is in the kitchen even though it is actually in their pocket.
Question: What is the child trying to do?
A. Share the candy
B. Lose the candy
C. Clean the kitchen
D. Hide the candy",D,D,Yes
deepseek,deepseek-r1-mourse-14b-instruct-v0.2,19,18,"Story: Mia hides a toy in a drawer while Liam is watching. Later Liam leaves the room and Mia moves the toy to a box.
Question: Who knows the toy is in the box?
A. Liam only
B. Both Mia and Liam
C. Mia only
D. Neither",C,C,Yes
deepseek,deepseek-r1-mourse-14b-instruct-v0.2,19,19,"Story: Noah puts a coin in a jar. Emma watches. Noah leaves. Emma moves the coin to a drawer. Liam sees Emma move it.
Question: Where does Liam think Noah will look for the coin?
A. Drawer
B. Table
C. Shelf
D. Jar",D,D,Yes
deepseek,deepseek-r1-mourse-14b-instruct-v0.2,19,20,"Story: Ella believes her favorite mug is broken. Later she discovers it is actually fine.
Question: How will Ella most likely feel when she finds out?
A. Angry
B. Bored
C. Confused
D. Relieved",D,D,Yes
deepseek,deepseek-r1-mourse-14b-instruct-v0.2,20,1,"Story: Sam puts his watch in a drawer and leaves the room. While he is gone, Alex moves the watch to a box.
Question: Where will Sam look for the watch first?
A. Box
B. Table
C. Drawer
D. Shelf",C,C,Yes
deepseek,deepseek-r1-mourse-14b-instruct-v0.2,20,2,"Story: Nina thinks her cat ran away, but the cat is actually sleeping under the bed.
Question: How does Nina most likely feel before she checks under the bed?
A. Relieved
B. Proud
C. Excited
D. Worried",D,D,Yes
deepseek,deepseek-r1-mourse-14b-instruct-v0.2,20,3,"Story: Leo hides a coin in a cup. Emma is watching. Later Leo leaves the room and Emma moves the coin to a drawer.
Question: Who knows the coin was moved?
A. Leo only
B. Both Leo and Emma
C. Neither of them
D. Emma only",D,D,Yes
deepseek,deepseek-r1-mourse-14b-instruct-v0.2,20,4,"Story: You can see a dog behind a tree. Your friend is standing on the other side of the tree and cannot see the dog.
Question: What does your friend think is behind the tree?
A. A dog
B. A cat
C. A ball
D. Nothing",D,D,Yes
deepseek,deepseek-r1-mourse-14b-instruct-v0.2,20,5,"Story: Olivia hides a cookie in a jar. Jack watches. Olivia leaves the room. Jack moves the cookie to a cupboard.
Question: Where is the cookie really?
A. Jar
B. Table
C. Plate
D. Cupboard",D,D,Yes
deepseek,deepseek-r1-mourse-14b-instruct-v0.2,20,6,"Story: A child hides a toy in a drawer. Another child asks where it is. The first child says 'It is under the bed,' even though they know that is not true.
Question: Why did the child say this?
A. Because they forgot
B. Because they believe it is under the bed
C. To confuse the other child
D. Because they dislike toys",C,C,Yes
deepseek,deepseek-r1-mourse-14b-instruct-v0.2,20,7,"Story: Mark puts his keys in his backpack. Later someone moves the keys to a desk while Mark is outside.
Question: Where will Mark look for the keys first?
A. Desk
B. Pocket
C. Drawer
D. Backpack",D,D,Yes
deepseek,deepseek-r1-mourse-14b-instruct-v0.2,20,8,"Story: Sara thinks her lost phone is gone forever. Then she finds it in her jacket pocket.
Question: How will Sara most likely feel when she finds it?
A. Angry
B. Confused
C. Relieved
D. Bored",C,C,Yes
deepseek,deepseek-r1-mourse-14b-instruct-v0.2,20,9,"Story: Tom places a book in a cabinet while Maya watches. Later Tom leaves the room and Maya moves the book to a drawer.
Question: Does Tom know the book was moved?
A. Yes
B. No",B,A,No
deepseek,deepseek-r1-mourse-14b-instruct-v0.2,20,10,"Story: Anna hides a ball in a basket. Ben watches. Anna leaves the room. Ben moves the ball to a box. Clara sees Ben move it.
Question: Where does Clara think Anna will look for the ball?
A. Box
B. Table
C. Basket
D. Shelf",C,C,Yes
deepseek,deepseek-r1-mourse-14b-instruct-v0.2,20,11,"Story: Liam moves his friend's chair slightly before they sit down as a joke.
Question: What was Liam's likely intention?
A. To help his friend
B. To clean the room
C. To move furniture permanently
D. To make his friend laugh",D,D,Yes
deepseek,deepseek-r1-mourse-14b-instruct-v0.2,20,12,"Story: Emma puts a pen in a drawer and then goes outside to talk on the phone. While she is gone, Noah moves the pen to a box.
Question: Where will Emma look for the pen first?
A. Box
B. Table
C. Drawer
D. Bag",C,C,Yes
deepseek,deepseek-r1-mourse-14b-instruct-v0.2,20,13,"Story: Jake thinks his friend ignored his message, but actually the friend never received it.
Question: How might Jake feel?
A. Happy
B. Relaxed
C. Hurt
D. Proud",C,C,Yes
deepseek,deepseek-r1-mourse-14b-instruct-v0.2,20,14,"Story: A toy is behind a couch. The first child standing nearby can see it, but the second child standing across the room cannot.
Question: What does the second child believe?
A. The toy is visible
B. The toy is missing
C. The toy is broken
D. The toy is behind the couch",B,B,Yes
deepseek,deepseek-r1-mourse-14b-instruct-v0.2,20,15,"Story: Ava hides a ring in a bag. Later someone moves the ring to a drawer while Ava is outside.
Question: Where does Ava think the ring is?
A. Drawer
B. Shelf
C. Table
D. Bag",D,D,Yes
deepseek,deepseek-r1-mourse-14b-instruct-v0.2,20,16,"Story: Daniel studies very hard for a test and believes he will do well.
Question: How does Daniel most likely feel before taking the test?
A. Angry
B. Bored
C. Nervous but hopeful
D. Confused",C,C,Yes
deepseek,deepseek-r1-mourse-14b-instruct-v0.2,20,17,"Story: A child tells their friend the candy is in the kitchen even though it is actually in their pocket.
Question: What is the child trying to do?
A. Share the candy
B. Lose the candy
C. Clean the kitchen
D. Hide the candy",D,D,Yes
deepseek,deepseek-r1-mourse-14b-instruct-v0.2,20,18,"Story: Mia hides a toy in a drawer while Liam is watching. Later Liam leaves the room and Mia moves the toy to a box.
Question: Who knows the toy is in the box?
A. Liam only
B. Both Mia and Liam
C. Mia only
D. Neither",C,C,Yes
deepseek,deepseek-r1-mourse-14b-instruct-v0.2,20,19,"Story: Noah puts a coin in a jar. Emma watches. Noah leaves. Emma moves the coin to a drawer. Liam sees Emma move it.
Question: Where does Liam think Noah will look for the coin?
A. Drawer
B. Table
C. Shelf
D. Jar",D,D,Yes
deepseek,deepseek-r1-mourse-14b-instruct-v0.2,20,20,"Story: Ella believes her favorite mug is broken. Later she discovers it is actually fine.
Question: How will Ella most likely feel when she finds out?
A. Angry
B. Bored
C. Confused
D. Relieved",D,D,Yes
